transaction_id,channel_id,product_id,sale_date,quarter,quantity,amount
T100001,CH001,P04,2024-05-16,2024-Q2,2,33.98
T100002,CH001,P05,2024-06-20,2024-Q2,1,£16
T100003,CH001,P05,2024-11-10,2024-Q4,1,£15.99
T100004,CH001,P05,2024-09-16,2024-Q3,2,31.98
T100005,CH001,P03,2024-11-11,2024-Q4,1,£11.99
T100006,CH001,P06,2024-02-10,2024-Q1,3,£164.97
T100007,CH001,P02,2024-07-21,2024-Q3,1,£14.99
T100008,CH001,P04,2024-02-17,2024-Q1,1,£16.99
T100009,CH001,P05,2024-01-12,2024-Q1,2,£32
T100010,CH001,P01,2024-01-05,2024-Q1,2,£25.98
T100011,CH001,P01,2024-11-12,2024-Q4,1,£13
T100012,CH001,P04,2024-12-16,2024-Q4,1,£16.99
T100013,CH001,P01,2024-08-03,2024-Q3,1,12.99
T100014,CH001,P05,2024-07-22,2024-Q3,1,£15.99
T100015,CH001,P05,2024-12-11,2024-Q4,2,31.98
T100016,CH001,P03,2024-12-20,2024-Q4,1,11.99
T100017,CH001,P02,2024-08-09,2024-Q3,1,£14.99
T100018,CH001,P04,2024-11-01,2024-Q4,1,16.99
T100019,CH001,P05,2024-04-06,2024-Q2,1,15.99
T100020,CH001,P05,2024-06-12,2024-Q2,1,15.99
T100021,CH001,P03,2024-09-22,2024-Q3,2,£24
T100022,CH001,P01,2024-01-16,2024-Q1,1,£13
T100023,CH001,P01,2024-01-28,2024-Q1,3,£38.97
T100024,CH001,P06,2024-03-14,2024-Q1,1,£54.99
T100025,CH001,P05,2024-05-01,2024-Q2,2,£31.98
T100026,CH001,P04,2024-01-19,2024-Q1,2,£33.98
T100027,CH001,P01,2024-02-12,2024-Q1,2,£25.98
T100028,CH001,P04,2024-07-25,2024-Q3,2,33.98
T100029,CH001,P02,2024-11-20,2024-Q4,1,£15
T100030,CH001,P03,2024-02-13,2024-Q1,1,£11.99
T100031,CH001,P05,2024-03-07,2024-Q1,1,£15.99
T100032,CH001,P03,2024-04-26,2024-Q2,1,£11.99
T100033,CH001,P01,2024-04-01,2024-Q2,1,£12.99
T100034,CH001,P03,2024-07-10,2024-Q3,2,£23.98
T100035,CH001,P06,2024-12-10,2024-Q4,1,54.99
T100036,CH001,P06,2024-07-13,2024-Q3,1,£54.99
T100037,CH001,P02,2024-06-13,2024-Q2,2,£29.98
T100038,CH001,P01,2024-06-26,2024-Q2,1,12.99
T100039,CH001,P01,2024-03-16,2024-Q1,1,12.99
T100040,CH001,P02,2024-12-10,2024-Q4,1,£14.99
T100041,CH001,P04,2024-10-19,2024-Q4,3,50.97
T100042,CH001,P06,2024-12-13,2024-Q4,1,£54.99
T100043,CH001,P01,2024-07-27,2024-Q3,1,£12.99
T100044,CH001,P02,2024-10-27,2024-Q4,2,£29.98
T100045,CH001,P05,2024-06-14,2024-Q2,2,£32
T100046,CH001,P05,2024-02-04,2024-Q1,1,£15.99
T100047,CH001,P01,2024-02-16,2024-Q1,2,£25.98
T100048,CH001,P03,2024-11-20,2024-Q4,2,£23.98
T100049,CH001,P01,2024-07-10,2024-Q3,1,12.99
T100050,CH001,P05,2024-02-10,2024-Q1,1,£15.99
T100051,CH001,P02,2024-05-20,2024-Q2,1,£14.99
T100052,CH001,P02,2024-01-01,2024-Q1,1,£15
T100053,CH001,P02,2024-09-09,2024-Q3,1,£14.99
T100054,CH001,P04,2024-04-28,2024-Q2,1,£16.99
T100055,CH001,P02,2024-08-04,2024-Q3,1,£14.99
T100056,CH001,P06,2024-08-08,2024-Q3,1,£54.99
T100057,CH001,P04,2024-12-27,2024-Q4,1,16.99
T100058,CH001,P03,2024-02-14,2024-Q1,2,£23.98
T100059,CH001,P01,2024-06-10,2024-Q2,1,12.99
T100060,CH001,P04,2024-08-10,2024-Q3,1,£17
T100061,CH001,P03,2024-02-06,2024-Q1,1,£11.99
T100062,CH001,P01,2024-07-28,2024-Q3,1,£12.99
T100063,CH001,P05,2024-04-21,2024-Q2,1,£15.99
T100064,CH001,P03,2024-06-21,2024-Q2,1,£12
T100065,CH001,P03,2024-04-11,2024-Q2,1,£12
T100066,CH001,P01,2024-12-12,2024-Q4,1,£13
T100067,CH001,P01,2024-01-18,2024-Q1,1,£12.99
T100068,CH001,P02,2024-06-22,2024-Q2,1,£15
T100069,CH001,P04,2024-06-01,2024-Q2,3,£51
T100070,CH001,P05,2024-11-01,2024-Q4,1,15.99
T100071,CH001,P04,2024-01-05,2024-Q1,1,£16.99
T100072,CH001,P01,2024-08-24,2024-Q3,2,25.98
T100073,CH001,P01,2024-06-05,2024-Q2,1,12.99
T100074,CH001,P01,2024-04-02,2024-Q2,1,£12.99
T100075,CH001,P04,2024-11-03,2024-Q4,1,£16.99
T100076,CH001,P05,2024-01-07,2024-Q1,1,£15.99
T100077,CH001,P04,2024-04-04,2024-Q2,1,16.99
T100078,CH001,P03,2024-03-22,2024-Q1,1,£11.99
T100079,CH001,P05,2024-11-09,2024-Q4,1,£15.99
T100080,CH001,P02,2024-03-11,2024-Q1,1,£15
T100081,CH001,P01,2024-09-09,2024-Q3,1,£12.99
T100082,CH001,P06,2024-11-25,2024-Q4,1,54.99
T100083,CH001,P01,2024-12-03,2024-Q4,3,£39
T100084,CH001,P04,2024-11-05,2024-Q4,2,33.98
T100085,CH001,P02,2024-06-11,2024-Q2,1,£14.99
T100086,CH001,P02,2024-08-12,2024-Q3,1,£14.99
T100087,CH001,P02,2024-09-02,2024-Q3,1,£14.99
T100088,CH001,P01,2024-01-18,2024-Q1,1,£13
T100089,CH001,P04,2024-09-25,2024-Q3,2,£34
T100090,CH001,P01,2024-04-28,2024-Q2,3,£38.97
T100091,CH001,P01,2024-08-20,2024-Q3,1,12.99
T100092,CH001,P01,2024-07-22,2024-Q3,1,12.99
T100093,CH001,P02,2024-05-03,2024-Q2,1,£14.99
T100094,CH001,P01,2024-07-20,2024-Q3,1,12.99
T100095,CH001,P06,2024-07-09,2024-Q3,1,£55
T100096,CH001,P06,2024-11-28,2024-Q4,1,54.99
T100097,CH001,P06,2024-02-23,2024-Q1,2,£109.98
T100098,CH001,P01,2024-07-16,2024-Q3,1,12.99
T100099,CH001,P01,2024-03-06,2024-Q1,1,12.99
T100100,CH001,P02,2024-07-24,2024-Q3,1,£14.99
T100101,CH001,P03,2024-01-06,2024-Q1,1,11.99
T100102,CH001,P01,2024-12-19,2024-Q4,1,12.99
T100103,CH001,P03,2024-10-25,2024-Q4,1,11.99
T100104,CH001,P05,2024-09-16,2024-Q3,3,£48
T100105,CH001,P04,2024-10-19,2024-Q4,1,£16.99
T100106,CH001,P05,2024-09-23,2024-Q3,1,£15.99
T100107,CH001,P02,2024-07-13,2024-Q3,1,£14.99
T100108,CH001,P01,2024-07-09,2024-Q3,1,£13
T100109,CH001,P02,2024-11-26,2024-Q4,3,44.97
T100110,CH001,P01,2024-02-03,2024-Q1,1,£12.99
T100111,CH001,P02,2024-10-12,2024-Q4,1,£15
T100112,CH001,P02,2024-04-26,2024-Q2,1,£14.99
T100113,CH001,P04,2024-07-06,2024-Q3,2,£33.98
T100114,CH001,P04,2024-01-21,2024-Q1,3,£50.97
T100115,CH001,P05,2024-04-14,2024-Q2,3,£47.97
T100116,CH001,P01,2024-09-14,2024-Q3,1,£12.99
T100117,CH001,P04,2024-02-02,2024-Q1,3,£50.97
T100118,CH001,P03,2024-04-22,2024-Q2,2,£23.98
T100119,CH001,P02,2024-08-09,2024-Q3,2,£29.98
T100120,CH001,P01,2024-04-20,2024-Q2,2,£25.98
T100121,CH001,P01,2024-02-04,2024-Q1,2,£26
T100122,CH001,P05,2024-03-07,2024-Q1,2,£32
T100123,CH001,P04,2024-07-21,2024-Q3,1,£16.99
T100124,CH001,P03,2024-08-03,2024-Q3,1,£12
T100125,CH001,P01,2024-01-06,2024-Q1,2,£25.98
T100126,CH001,P06,2024-02-09,2024-Q1,1,54.99
T100127,CH001,P01,2024-02-13,2024-Q1,1,12.99
T100128,CH001,P01,2024-12-27,2024-Q4,1,£12.99
T100129,CH001,P01,2024-10-27,2024-Q4,1,£12.99
T100130,CH001,P01,2024-03-10,2024-Q1,1,12.99
T100131,CH001,P06,2024-04-28,2024-Q2,1,£55
T100132,CH001,P03,2024-05-08,2024-Q2,2,23.98
T100133,CH001,P02,2024-02-05,2024-Q1,1,14.99
T100134,CH001,P05,2024-07-02,2024-Q3,1,£15.99
T100135,CH001,P04,2024-12-07,2024-Q4,1,16.99
T100136,CH001,P02,2024-07-09,2024-Q3,2,£29.98
T100137,CH001,P04,2024-06-09,2024-Q2,2,£33.98
T100138,CH001,P05,2024-09-13,2024-Q3,1,£16
T100139,CH001,P05,2024-01-07,2024-Q1,2,£31.98
T100140,CH001,P05,2024-04-05,2024-Q2,1,£15.99
T100141,CH001,P01,2024-09-18,2024-Q3,1,£13
T100142,CH001,P02,2024-10-04,2024-Q4,2,29.98
T100143,CH001,P02,2024-12-24,2024-Q4,2,£29.98
T100144,CH001,P03,2024-11-18,2024-Q4,1,£12
T100145,CH001,P02,2024-11-06,2024-Q4,1,£14.99
T100146,CH001,P03,2024-01-17,2024-Q1,1,£11.99
T100147,CH001,P03,2024-12-20,2024-Q4,1,£11.99
T100148,CH001,P05,2024-10-12,2024-Q4,1,£15.99
T100149,CH001,P01,2024-10-06,2024-Q4,3,£38.97
T100150,CH001,P04,2024-11-11,2024-Q4,3,£50.97
T100151,CH001,P01,2024-11-26,2024-Q4,1,£13
T100152,CH001,P03,2024-04-22,2024-Q2,1,£12
T100153,CH001,P02,2024-07-23,2024-Q3,1,£14.99
T100154,CH001,P02,2024-07-12,2024-Q3,1,14.99
T100155,CH001,P01,2024-06-26,2024-Q2,1,£12.99
T100156,CH001,P05,2024-09-14,2024-Q3,1,£15.99
T100157,CH001,P01,2024-06-09,2024-Q2,1,£13
T100158,CH001,P02,2024-07-07,2024-Q3,1,£14.99
T100159,CH001,P01,2024-04-24,2024-Q2,2,£26
T100160,CH001,P04,2024-11-23,2024-Q4,2,£33.98
T100161,CH001,P04,2024-09-11,2024-Q3,1,£16.99
T100162,CH001,P06,2024-01-16,2024-Q1,1,£54.99
T100163,CH001,P03,2024-12-11,2024-Q4,1,£11.99
T100164,CH001,P02,2024-03-19,2024-Q1,1,£14.99
T100165,CH001,P02,2024-01-03,2024-Q1,1,14.99
T100166,CH001,P03,2024-12-08,2024-Q4,1,£11.99
T100167,CH001,P02,2024-07-25,2024-Q3,2,£29.98
T100168,CH001,P03,2024-08-26,2024-Q3,1,£11.99
T100169,CH001,P03,2024-09-10,2024-Q3,1,£11.99
T100170,CH001,P04,2024-02-08,2024-Q1,1,16.99
T100171,CH001,P01,2024-08-23,2024-Q3,1,£12.99
T100172,CH001,P02,2024-08-17,2024-Q3,1,£14.99
T100173,CH001,P06,2024-05-05,2024-Q2,1,54.99
T100174,CH001,P03,2024-03-06,2024-Q1,1,11.99
T100175,CH001,P02,2024-10-18,2024-Q4,1,14.99
T100176,CH001,P05,2024-04-12,2024-Q2,1,£15.99
T100177,CH001,P01,2024-02-06,2024-Q1,1,£12.99
T100178,CH001,P02,2024-03-04,2024-Q1,1,£14.99
T100179,CH001,P03,2024-10-02,2024-Q4,1,£12
T100180,CH001,P04,2024-08-03,2024-Q3,1,£17
T100181,CH001,P01,2024-12-24,2024-Q4,1,£12.99
T100182,CH001,P05,2024-06-23,2024-Q2,2,31.98
T100183,CH001,P02,2024-07-13,2024-Q3,2,£29.98
T100184,CH001,P05,2024-02-05,2024-Q1,1,£15.99
T100185,CH001,P01,2024-12-01,2024-Q4,3,£38.97
T100186,CH001,P01,2024-05-02,2024-Q2,1,12.99
T100187,CH001,P03,2024-02-24,2024-Q1,3,£36
T100188,CH001,P05,2024-05-27,2024-Q2,1,£16
T100189,CH001,P04,2024-02-03,2024-Q1,1,£17
T100190,CH001,P03,2024-09-10,2024-Q3,1,£11.99
T100191,CH001,P01,2024-09-20,2024-Q3,3,£38.97
T100192,CH001,P01,2024-10-07,2024-Q4,3,£38.97
T100193,CH001,P01,2024-10-25,2024-Q4,1,£12.99
T100194,CH001,P03,2024-10-01,2024-Q4,1,11.99
T100195,CH001,P03,2024-06-09,2024-Q2,2,£24
T100196,CH001,P03,2024-04-04,2024-Q2,1,£12
T100197,CH001,P03,2024-07-07,2024-Q3,1,£11.99
T100198,CH001,P05,2024-05-09,2024-Q2,2,£31.98
T100199,CH001,P05,2024-11-21,2024-Q4,3,£48
T100200,CH001,P03,2024-02-25,2024-Q1,1,£11.99
T100201,CH001,P06,2024-05-17,2024-Q2,2,£109.98
T100202,CH001,P03,2024-11-09,2024-Q4,3,£36
T100203,CH001,P03,2024-10-19,2024-Q4,2,£24
T100204,CH001,P04,2024-12-02,2024-Q4,1,£16.99
T100205,CH001,P01,2024-11-27,2024-Q4,1,£12.99
T100206,CH001,P04,2024-11-22,2024-Q4,1,£16.99
T100207,CH001,P03,2024-05-25,2024-Q2,1,£12
T100208,CH001,P05,2024-11-01,2024-Q4,3,£47.97
T100209,CH001,P02,2024-08-21,2024-Q3,1,14.99
T100210,CH001,P03,2024-04-23,2024-Q2,1,£12
T100211,CH001,P05,2024-12-10,2024-Q4,1,£16
T100212,CH001,P04,2024-10-02,2024-Q4,1,£16.99
T100213,CH001,P03,2024-08-05,2024-Q3,1,£12
T100214,CH001,P01,2024-08-18,2024-Q3,3,£38.97
T100215,CH001,P03,2024-10-04,2024-Q4,2,23.98
T100216,CH001,P04,2024-11-14,2024-Q4,1,£16.99
T100217,CH001,P01,2024-11-07,2024-Q4,1,£12.99
T100218,CH001,P01,2024-06-24,2024-Q2,1,£13
T100219,CH001,P01,2024-02-24,2024-Q1,1,12.99
T100220,CH001,P01,2024-08-19,2024-Q3,1,£12.99
T100221,CH001,P01,2024-03-17,2024-Q1,1,£12.99
T100222,CH001,P03,2024-04-07,2024-Q2,1,£11.99
T100223,CH001,P02,2024-12-16,2024-Q4,1,£14.99
T100224,CH001,P03,2024-11-14,2024-Q4,1,£11.99
T100225,CH001,P02,2024-11-05,2024-Q4,1,£14.99
T100226,CH001,P04,2024-05-26,2024-Q2,1,£17
T100227,CH001,P03,2024-03-08,2024-Q1,2,£24
T100228,CH001,P05,2024-07-01,2024-Q3,2,£31.98
T100229,CH001,P04,2024-01-27,2024-Q1,1,£16.99
T100230,CH001,P05,2024-10-03,2024-Q4,1,15.99
T100231,CH001,P03,2024-08-18,2024-Q3,1,£11.99
T100232,CH001,P02,2024-06-01,2024-Q2,1,£14.99
T100233,CH001,P02,2024-09-04,2024-Q3,1,£14.99
T100234,CH001,P01,2024-03-16,2024-Q1,2,£26
T100235,CH001,P06,2024-02-11,2024-Q1,1,£55
T100236,CH001,P01,2024-12-28,2024-Q4,1,12.99
T100237,CH001,P01,2024-09-04,2024-Q3,1,12.99
T100238,CH001,P02,2024-04-04,2024-Q2,1,£14.99
T100239,CH001,P05,2024-09-05,2024-Q3,1,15.99
T100240,CH001,P05,2024-08-09,2024-Q3,1,£16
T100241,CH001,P06,2024-06-27,2024-Q2,1,£54.99
T100242,CH001,P04,2024-03-11,2024-Q1,1,16.99
T100243,CH001,P01,2024-01-04,2024-Q1,1,£12.99
T100244,CH001,P02,2024-05-27,2024-Q2,1,£14.99
T100245,CH001,P03,2024-09-09,2024-Q3,1,£11.99
T100246,CH001,P05,2024-01-25,2024-Q1,1,£16
T100247,CH001,P03,2024-07-05,2024-Q3,1,11.99
T100248,CH001,P03,2024-01-03,2024-Q1,1,£12
T100249,CH001,P06,2024-02-03,2024-Q1,1,£54.99
T100250,CH001,P01,2024-09-18,2024-Q3,1,12.99
T100251,CH001,P02,2024-01-22,2024-Q1,2,29.98
T100252,CH001,P01,2024-10-12,2024-Q4,2,£25.98
T100253,CH001,P01,2024-02-25,2024-Q1,1,£12.99
T100254,CH001,P03,2024-10-04,2024-Q4,1,£11.99
T100255,CH001,P04,2024-07-15,2024-Q3,2,£33.98
T100256,CH001,P03,2024-04-06,2024-Q2,1,£11.99
T100257,CH001,P03,2024-10-26,2024-Q4,1,£11.99
T100258,CH001,P04,2024-07-12,2024-Q3,1,£16.99
T100259,CH001,P04,2024-12-11,2024-Q4,1,£16.99
T100260,CH001,P02,2024-11-15,2024-Q4,1,£14.99
T100261,CH001,P02,2024-06-01,2024-Q2,1,£14.99
T100262,CH001,P01,2024-12-21,2024-Q4,1,£12.99
T100263,CH001,P01,2024-06-02,2024-Q2,1,£12.99
T100264,CH001,P06,2024-04-19,2024-Q2,3,£165
T100265,CH001,P01,2024-06-28,2024-Q2,1,£13
T100266,CH001,P03,2024-07-09,2024-Q3,1,11.99
T100267,CH001,P06,2024-05-06,2024-Q2,1,£54.99
T100268,CH001,P01,2024-06-15,2024-Q2,1,12.99
T100269,CH001,P01,2024-02-21,2024-Q1,1,£12.99
T100270,CH001,P02,2024-06-20,2024-Q2,1,£14.99
T100271,CH001,P03,2024-02-15,2024-Q1,1,11.99
T100272,CH001,P02,2024-06-20,2024-Q2,1,£14.99
T100273,CH001,P02,2024-01-13,2024-Q1,1,£14.99
T100274,CH001,P02,2024-09-25,2024-Q3,2,£29.98
T100275,CH001,P03,2024-07-09,2024-Q3,2,£23.98
T100276,CH001,P02,2024-12-01,2024-Q4,1,£15
T100277,CH001,P03,2024-10-24,2024-Q4,1,£11.99
T100278,CH001,P05,2024-11-08,2024-Q4,2,£31.98
T100279,CH001,P02,2024-10-23,2024-Q4,1,£14.99
T100280,CH001,P02,2024-11-28,2024-Q4,1,£14.99
T100281,CH001,P03,2024-09-13,2024-Q3,2,£24
T100282,CH001,P02,2024-09-06,2024-Q3,2,£29.98
T100283,CH001,P02,2024-11-05,2024-Q4,1,14.99
T100284,CH001,P04,2024-04-26,2024-Q2,1,£16.99
T100285,CH001,P01,2024-08-03,2024-Q3,2,25.98
T100286,CH001,P03,2024-02-06,2024-Q1,1,£11.99
T100287,CH001,P05,2024-12-04,2024-Q4,1,£15.99
T100288,CH001,P03,2024-12-28,2024-Q4,1,£11.99
T100289,CH001,P01,2024-06-27,2024-Q2,1,£12.99
T100290,CH001,P01,2024-04-26,2024-Q2,2,£26
T100291,CH001,P03,2024-07-24,2024-Q3,1,£11.99
T100292,CH001,P01,2024-10-02,2024-Q4,1,£12.99
T100293,CH001,P01,2024-01-02,2024-Q1,2,25.98
T100294,CH001,P03,2024-12-01,2024-Q4,1,£11.99
T100295,CH001,P04,2024-05-09,2024-Q2,2,33.98
T100296,CH001,P04,2024-07-06,2024-Q3,1,16.99
T100297,CH001,P01,2024-06-06,2024-Q2,3,38.97
T100298,CH001,P01,2024-10-03,2024-Q4,1,12.99
T100299,CH001,P03,2024-12-04,2024-Q4,2,£23.98
T100300,CH001,P05,2024-12-25,2024-Q4,1,£15.99
T100301,CH001,P04,2024-02-04,2024-Q1,2,£33.98
T100302,CH001,P05,2024-05-22,2024-Q2,1,£16
T100303,CH001,P03,2024-10-02,2024-Q4,1,£11.99
T100304,CH001,P03,2024-06-13,2024-Q2,1,£11.99
T100305,CH001,P03,2024-03-20,2024-Q1,1,£11.99
T100306,CH001,P01,2024-03-11,2024-Q1,1,£13
T100307,CH001,P03,2024-08-20,2024-Q3,1,£11.99
T100308,CH001,P02,2024-06-26,2024-Q2,1,£14.99
T100309,CH001,P01,2024-01-19,2024-Q1,1,£12.99
T100310,CH001,P02,2024-11-04,2024-Q4,2,£29.98
T100311,CH001,P01,2024-09-23,2024-Q3,1,£12.99
T100312,CH001,P04,2024-05-28,2024-Q2,3,£51
T100313,CH001,P01,2024-09-28,2024-Q3,1,£13
T100314,CH001,P05,2024-02-28,2024-Q1,1,£15.99
T100315,CH001,P02,2024-06-11,2024-Q2,1,14.99
T100316,CH001,P04,2024-09-08,2024-Q3,1,£17
T100317,CH001,P05,2024-11-14,2024-Q4,2,31.98
T100318,CH001,P01,2024-02-11,2024-Q1,1,£12.99
T100319,CH001,P03,2024-01-02,2024-Q1,2,£23.98
T100320,CH001,P05,2024-02-27,2024-Q1,2,£31.98
T100321,CH001,P01,2024-02-25,2024-Q1,2,£25.98
T100322,CH001,P01,2024-07-09,2024-Q3,1,£12.99
T100323,CH001,P05,2024-11-28,2024-Q4,1,£15.99
T100324,CH001,P04,2024-12-28,2024-Q4,1,16.99
T100325,CH001,P05,2024-04-21,2024-Q2,1,£15.99
T100326,CH001,P03,2024-03-21,2024-Q1,1,£11.99
T100327,CH001,P04,2024-01-21,2024-Q1,1,£16.99
T100328,CH001,P01,2024-08-24,2024-Q3,2,£25.98
T100329,CH001,P03,2024-07-28,2024-Q3,1,£12
T100330,CH001,P05,2024-09-05,2024-Q3,1,£15.99
T100331,CH001,P05,2024-04-27,2024-Q2,1,15.99
T100332,CH001,P01,2024-09-10,2024-Q3,2,£26
T100333,CH001,P02,2024-01-22,2024-Q1,1,£14.99
T100334,CH001,P03,2024-12-24,2024-Q4,1,£11.99
T100335,CH001,P01,2024-12-03,2024-Q4,1,12.99
T100336,CH001,P02,2024-02-18,2024-Q1,1,£14.99
T100337,CH001,P06,2024-01-23,2024-Q1,1,£54.99
T100338,CH001,P05,2024-04-23,2024-Q2,2,31.98
T100339,CH001,P04,2024-08-28,2024-Q3,1,£16.99
T100340,CH001,P02,2024-07-27,2024-Q3,2,£29.98
T100341,CH001,P03,2024-05-23,2024-Q2,1,11.99
T100342,CH001,P04,2024-08-08,2024-Q3,2,33.98
T100343,CH001,P05,2024-11-11,2024-Q4,1,£15.99
T100344,CH001,P03,2024-07-01,2024-Q3,2,£23.98
T100345,CH001,P05,2024-02-22,2024-Q1,3,£47.97
T100346,CH001,P03,2025-11-08,2025-Q4,3,£36
T100347,CH001,P01,2025-08-09,2025-Q3,1,£12.99
T100348,CH001,P02,2025-04-03,2025-Q2,2,£30
T100349,CH001,P01,2025-06-15,2025-Q2,1,12.99
T100350,CH001,P03,2025-04-06,2025-Q2,2,£23.98
T100351,CH001,P01,2025-08-16,2025-Q3,1,£12.99
T100352,CH001,P03,2025-02-14,2025-Q1,3,£36
T100353,CH001,P03,2025-01-02,2025-Q1,1,£11.99
T100354,CH001,P02,2025-07-15,2025-Q3,1,14.99
T100355,CH001,P03,2025-08-09,2025-Q3,1,£12
T100356,CH001,P02,2025-11-08,2025-Q4,2,£30
T100357,CH001,P06,2025-12-20,2025-Q4,1,£55
T100358,CH001,P03,2025-07-15,2025-Q3,1,£11.99
T100359,CH001,P02,2025-11-28,2025-Q4,1,£14.99
T100360,CH001,P05,2025-10-26,2025-Q4,1,£15.99
T100361,CH001,P02,2025-09-25,2025-Q3,2,£30
T100362,CH001,P03,2025-02-08,2025-Q1,1,£11.99
T100363,CH001,P02,2025-01-08,2025-Q1,1,14.99
T100364,CH001,P01,2025-06-06,2025-Q2,1,£13
T100365,CH001,P04,2025-10-09,2025-Q4,3,£50.97
T100366,CH001,P03,2025-09-18,2025-Q3,1,£11.99
T100367,CH001,P01,2025-04-01,2025-Q2,1,£13
T100368,CH001,P01,2025-07-18,2025-Q3,2,£25.98
T100369,CH001,P01,2025-02-28,2025-Q1,1,£12.99
T100370,CH001,P04,2025-04-12,2025-Q2,1,16.99
T100371,CH001,P05,2025-03-06,2025-Q1,1,15.99
T100372,CH001,P02,2025-01-10,2025-Q1,1,£14.99
T100373,CH001,P05,2025-04-26,2025-Q2,1,£15.99
T100374,CH001,P04,2025-10-23,2025-Q4,1,16.99
T100375,CH001,P01,2025-05-07,2025-Q2,1,£13
T100376,CH001,P01,2025-03-27,2025-Q1,2,£26
T100377,CH001,P01,2025-01-11,2025-Q1,2,£25.98
T100378,CH001,P01,2025-05-04,2025-Q2,1,£12.99
T100379,CH001,P02,2025-09-17,2025-Q3,3,£44.97
T100380,CH001,P04,2025-03-20,2025-Q1,2,33.98
T100381,CH001,P04,2025-04-26,2025-Q2,3,£50.97
T100382,CH001,P03,2025-11-16,2025-Q4,1,£12
T100383,CH001,P04,2025-02-07,2025-Q1,1,£17
T100384,CH001,P04,2025-06-02,2025-Q2,3,£50.97
T100385,CH001,P02,2025-12-09,2025-Q4,1,£15
T100386,CH001,P04,2025-10-17,2025-Q4,1,£17
T100387,CH001,P02,2025-12-28,2025-Q4,1,£14.99
T100388,CH001,P01,2025-10-03,2025-Q4,1,12.99
T100389,CH001,P01,2025-04-24,2025-Q2,2,25.98
T100390,CH001,P06,2025-07-22,2025-Q3,3,£165
T100391,CH001,P04,2025-11-09,2025-Q4,1,£16.99
T100392,CH001,P05,2025-01-22,2025-Q1,1,15.99
T100393,CH001,P03,2025-04-07,2025-Q2,1,£11.99
T100394,CH001,P02,2025-11-24,2025-Q4,1,14.99
T100395,CH001,P03,2025-06-28,2025-Q2,1,11.99
T100396,CH001,P03,2025-12-20,2025-Q4,1,11.99
T100397,CH001,P01,2025-12-09,2025-Q4,1,£12.99
T100398,CH001,P04,2025-02-04,2025-Q1,1,£17
T100399,CH001,P02,2025-02-16,2025-Q1,2,£29.98
T100400,CH001,P04,2025-09-23,2025-Q3,1,16.99
T100401,CH001,P01,2025-07-09,2025-Q3,1,£12.99
T100402,CH001,P02,2025-05-04,2025-Q2,1,£15
T100403,CH001,P01,2025-10-14,2025-Q4,1,12.99
T100404,CH001,P06,2025-11-09,2025-Q4,1,£55
T100405,CH001,P03,2025-12-16,2025-Q4,1,£11.99
T100406,CH001,P03,2025-03-12,2025-Q1,2,£23.98
T100407,CH001,P02,2025-11-22,2025-Q4,1,14.99
T100408,CH001,P05,2025-10-28,2025-Q4,1,£15.99
T100409,CH001,P04,2025-06-07,2025-Q2,1,£16.99
T100410,CH001,P02,2025-10-12,2025-Q4,1,£14.99
T100411,CH001,P06,2025-09-16,2025-Q3,2,£109.98
T100412,CH001,P02,2025-01-05,2025-Q1,1,£14.99
T100413,CH001,P01,2025-08-08,2025-Q3,2,£26
T100414,CH001,P02,2025-02-02,2025-Q1,1,£14.99
T100415,CH001,P05,2025-02-21,2025-Q1,3,£47.97
T100416,CH001,P03,2025-09-19,2025-Q3,3,35.97
T100417,CH001,P03,2025-03-18,2025-Q1,1,£12
T100418,CH001,P01,2025-08-13,2025-Q3,3,38.97
T100419,CH001,P01,2025-11-10,2025-Q4,1,£12.99
T100420,CH001,P02,2025-11-24,2025-Q4,1,£14.99
T100421,CH001,P02,2025-01-13,2025-Q1,1,14.99
T100422,CH001,P05,2025-02-01,2025-Q1,1,£16
T100423,CH001,P04,2025-06-13,2025-Q2,1,16.99
T100424,CH001,P01,2025-06-20,2025-Q2,1,£13
T100425,CH001,P03,2025-08-03,2025-Q3,1,£11.99
T100426,CH001,P03,2025-04-27,2025-Q2,1,£12
T100427,CH001,P02,2025-02-22,2025-Q1,3,44.97
T100428,CH001,P03,2025-08-22,2025-Q3,2,£24
T100429,CH001,P01,2025-01-12,2025-Q1,1,£13
T100430,CH001,P05,2025-02-09,2025-Q1,1,£15.99
T100431,CH001,P02,2025-07-13,2025-Q3,1,14.99
T100432,CH001,P03,2025-03-18,2025-Q1,2,£23.98
T100433,CH001,P01,2025-05-19,2025-Q2,1,£12.99
T100434,CH001,P02,2025-02-19,2025-Q1,3,£44.97
T100435,CH001,P03,2025-10-04,2025-Q4,1,£11.99
T100436,CH001,P05,2025-11-21,2025-Q4,1,£16
T100437,CH001,P01,2025-11-14,2025-Q4,1,12.99
T100438,CH001,P01,2025-03-18,2025-Q1,1,£13
T100439,CH001,P02,2025-10-10,2025-Q4,1,14.99
T100440,CH001,P03,2025-02-15,2025-Q1,1,11.99
T100441,CH001,P06,2025-11-20,2025-Q4,1,£54.99
T100442,CH001,P01,2025-09-25,2025-Q3,1,£12.99
T100443,CH001,P01,2025-09-05,2025-Q3,1,£12.99
T100444,CH001,P05,2025-12-18,2025-Q4,2,31.98
T100445,CH001,P03,2025-04-23,2025-Q2,1,£11.99
T100446,CH001,P01,2025-12-18,2025-Q4,2,25.98
T100447,CH001,P05,2025-09-25,2025-Q3,1,£15.99
T100448,CH001,P06,2025-02-09,2025-Q1,2,£109.98
T100449,CH001,P02,2025-04-07,2025-Q2,1,14.99
T100450,CH001,P03,2025-03-07,2025-Q1,1,11.99
T100451,CH001,P05,2025-11-09,2025-Q4,1,£15.99
T100452,CH001,P03,2025-01-12,2025-Q1,2,£23.98
T100453,CH001,P02,2025-04-27,2025-Q2,2,£30
T100454,CH001,P02,2025-09-22,2025-Q3,1,£14.99
T100455,CH001,P02,2025-06-04,2025-Q2,2,£29.98
T100456,CH001,P03,2025-05-27,2025-Q2,1,11.99
T100457,CH001,P02,2025-01-21,2025-Q1,3,44.97
T100458,CH001,P04,2025-12-28,2025-Q4,1,£16.99
T100459,CH001,P02,2025-01-13,2025-Q1,1,£14.99
T100460,CH001,P03,2025-10-08,2025-Q4,1,£11.99
T100461,CH001,P03,2025-05-19,2025-Q2,1,£12
T100462,CH001,P04,2025-12-02,2025-Q4,2,33.98
T100463,CH001,P03,2025-02-09,2025-Q1,3,£36
T100464,CH001,P04,2025-12-19,2025-Q4,2,£33.98
T100465,CH001,P05,2025-02-08,2025-Q1,2,£31.98
T100466,CH001,P04,2025-11-05,2025-Q4,2,£33.98
T100467,CH001,P02,2025-03-13,2025-Q1,1,£14.99
T100468,CH001,P02,2025-12-02,2025-Q4,1,14.99
T100469,CH001,P06,2025-05-04,2025-Q2,1,£54.99
T100470,CH001,P05,2025-10-21,2025-Q4,1,£15.99
T100471,CH001,P02,2025-09-17,2025-Q3,1,£14.99
T100472,CH001,P03,2025-04-20,2025-Q2,2,23.98
T100473,CH001,P02,2025-12-11,2025-Q4,1,£14.99
T100474,CH001,P03,2025-08-28,2025-Q3,2,£24
T100475,CH001,P03,2025-02-03,2025-Q1,1,11.99
T100476,CH001,P05,2025-02-11,2025-Q1,1,15.99
T100477,CH001,P01,2025-02-16,2025-Q1,1,£12.99
T100478,CH001,P02,2025-01-11,2025-Q1,1,14.99
T100479,CH001,P01,2025-11-26,2025-Q4,1,£13
T100480,CH001,P04,2025-07-16,2025-Q3,2,33.98
T100481,CH001,P01,2025-01-28,2025-Q1,2,£25.98
T100482,CH001,P03,2025-01-03,2025-Q1,1,£11.99
T100483,CH001,P05,2025-06-12,2025-Q2,3,£47.97
T100484,CH001,P02,2025-01-22,2025-Q1,2,£29.98
T100485,CH001,P05,2025-12-21,2025-Q4,2,£31.98
T100486,CH001,P03,2025-03-05,2025-Q1,1,£11.99
T100487,CH001,P06,2025-06-03,2025-Q2,1,£54.99
T100488,CH001,P05,2025-12-02,2025-Q4,1,£15.99
T100489,CH001,P02,2025-12-19,2025-Q4,1,£14.99
T100490,CH001,P02,2025-04-11,2025-Q2,1,£15
T100491,CH001,P02,2025-04-02,2025-Q2,1,£14.99
T100492,CH001,P05,2025-11-23,2025-Q4,1,£15.99
T100493,CH001,P05,2025-08-15,2025-Q3,2,31.98
T100494,CH001,P04,2025-06-10,2025-Q2,1,£17
T100495,CH001,P03,2025-11-18,2025-Q4,1,11.99
T100496,CH001,P01,2025-08-27,2025-Q3,2,£26
T100497,CH001,P04,2025-05-01,2025-Q2,1,£16.99
T100498,CH001,P02,2025-05-10,2025-Q2,2,£30
T100499,CH001,P03,2025-09-13,2025-Q3,1,11.99
T100500,CH001,P02,2025-03-01,2025-Q1,1,£14.99
T100501,CH001,P03,2025-10-25,2025-Q4,1,11.99
T100502,CH001,P04,2025-08-28,2025-Q3,1,16.99
T100503,CH001,P05,2025-07-10,2025-Q3,1,£15.99
T100504,CH001,P05,2025-06-25,2025-Q2,1,£15.99
T100505,CH001,P02,2025-12-18,2025-Q4,2,£29.98
T100506,CH001,P06,2025-11-04,2025-Q4,1,£54.99
T100507,CH001,P06,2025-09-28,2025-Q3,2,£109.98
T100508,CH001,P03,2025-03-02,2025-Q1,1,£12
T100509,CH001,P04,2025-05-23,2025-Q2,3,£50.97
T100510,CH001,P02,2025-12-25,2025-Q4,2,29.98
T100511,CH001,P05,2025-09-26,2025-Q3,1,15.99
T100512,CH001,P04,2025-06-21,2025-Q2,3,£51
T100513,CH001,P04,2025-10-04,2025-Q4,1,16.99
T100514,CH001,P04,2025-05-18,2025-Q2,1,£16.99
T100515,CH001,P02,2025-12-19,2025-Q4,1,£14.99
T100516,CH001,P02,2025-12-12,2025-Q4,1,£14.99
T100517,CH001,P01,2025-07-07,2025-Q3,1,£13
T100518,CH001,P04,2025-01-21,2025-Q1,2,£33.98
T100519,CH001,P02,2025-12-05,2025-Q4,1,£14.99
T100520,CH001,P06,2025-01-07,2025-Q1,1,£55
T100521,CH001,P01,2025-04-24,2025-Q2,1,£12.99
T100522,CH001,P02,2025-06-27,2025-Q2,2,29.98
T100523,CH001,P03,2025-12-05,2025-Q4,2,£24
T100524,CH001,P02,2025-03-27,2025-Q1,1,14.99
T100525,CH001,P04,2025-07-19,2025-Q3,2,£33.98
T100526,CH001,P04,2025-12-27,2025-Q4,3,£50.97
T100527,CH001,P04,2025-08-27,2025-Q3,1,16.99
T100528,CH001,P03,2025-02-26,2025-Q1,1,£11.99
T100529,CH001,P05,2025-12-25,2025-Q4,1,15.99
T100530,CH001,P02,2025-12-10,2025-Q4,2,£29.98
T100531,CH001,P01,2025-01-13,2025-Q1,2,£25.98
T100532,CH001,P05,2025-07-18,2025-Q3,1,£15.99
T100533,CH001,P02,2025-05-20,2025-Q2,1,14.99
T100534,CH001,P04,2025-07-09,2025-Q3,1,£16.99
T100535,CH001,P02,2025-02-15,2025-Q1,1,14.99
T100536,CH001,P02,2025-07-23,2025-Q3,1,£15
T100537,CH001,P03,2025-01-01,2025-Q1,1,£12
T100538,CH001,P03,2025-03-10,2025-Q1,1,£11.99
T100539,CH001,P05,2025-04-24,2025-Q2,2,£32
T100540,CH001,P03,2025-02-26,2025-Q1,1,£11.99
T100541,CH001,P01,2025-09-25,2025-Q3,2,25.98
T100542,CH001,P05,2025-12-13,2025-Q4,1,£15.99
T100543,CH001,P05,2025-09-02,2025-Q3,2,£31.98
T100544,CH001,P04,2025-03-01,2025-Q1,1,£16.99
T100545,CH001,P04,2025-04-16,2025-Q2,1,£17
T100546,CH001,P03,2025-07-09,2025-Q3,2,£24
T100547,CH001,P01,2025-05-11,2025-Q2,2,£26
T100548,CH001,P05,2025-06-11,2025-Q2,1,£16
T100549,CH001,P05,2025-10-02,2025-Q4,1,15.99
T100550,CH001,P04,2025-04-15,2025-Q2,2,£33.98
T100551,CH001,P03,2025-03-18,2025-Q1,3,£36
T100552,CH001,P01,2025-05-19,2025-Q2,1,£12.99
T100553,CH001,P01,2025-02-25,2025-Q1,1,12.99
T100554,CH001,P04,2025-05-02,2025-Q2,1,16.99
T100555,CH001,P02,2025-02-18,2025-Q1,2,£29.98
T100556,CH001,P03,2025-06-26,2025-Q2,2,£23.98
T100557,CH001,P01,2025-07-04,2025-Q3,1,12.99
T100558,CH001,P03,2025-10-27,2025-Q4,1,£12
T100559,CH001,P04,2025-01-10,2025-Q1,2,£34
T100560,CH001,P02,2025-08-21,2025-Q3,1,14.99
T100561,CH001,P04,2025-09-13,2025-Q3,2,£34
T100562,CH001,P01,2025-02-19,2025-Q1,1,£12.99
T100563,CH001,P01,2025-03-08,2025-Q1,3,£38.97
T100564,CH001,P01,2025-10-03,2025-Q4,3,38.97
T100565,CH001,P01,2025-11-26,2025-Q4,1,£12.99
T100566,CH001,P01,2025-09-09,2025-Q3,1,£12.99
T100567,CH001,P03,2025-08-28,2025-Q3,1,£12
T100568,CH001,P06,2025-03-06,2025-Q1,1,£54.99
T100569,CH001,P04,2025-11-03,2025-Q4,1,16.99
T100570,CH001,P06,2025-02-07,2025-Q1,1,£54.99
T100571,CH001,P04,2025-11-09,2025-Q4,1,16.99
T100572,CH001,P01,2025-11-03,2025-Q4,1,£12.99
T100573,CH001,P04,2025-07-12,2025-Q3,1,£16.99
T100574,CH001,P01,2025-04-18,2025-Q2,3,£38.97
T100575,CH001,P03,2025-05-05,2025-Q2,1,£12
T100576,CH001,P03,2025-07-05,2025-Q3,1,£11.99
T100577,CH001,P01,2025-12-07,2025-Q4,2,£25.98
T100578,CH001,P03,2025-12-20,2025-Q4,1,11.99
T100579,CH001,P01,2025-11-16,2025-Q4,1,£12.99
T100580,CH001,P01,2025-10-10,2025-Q4,1,12.99
T100581,CH001,P03,2025-01-07,2025-Q1,1,11.99
T100582,CH001,P05,2025-11-04,2025-Q4,1,£16
T100583,CH001,P03,2025-05-04,2025-Q2,2,£24
T100584,CH001,P05,2025-06-15,2025-Q2,1,£15.99
T100585,CH001,P05,2025-12-18,2025-Q4,1,£15.99
T100586,CH001,P06,2025-06-19,2025-Q2,1,£55
T100587,CH001,P04,2025-07-05,2025-Q3,1,£17
T100588,CH001,P03,2025-12-22,2025-Q4,2,23.98
T100589,CH001,P05,2025-04-18,2025-Q2,1,£15.99
T100590,CH001,P04,2025-10-13,2025-Q4,2,£33.98
T100591,CH001,P01,2025-09-01,2025-Q3,1,£12.99
T100592,CH001,P05,2025-01-16,2025-Q1,1,£15.99
T100593,CH001,P01,2025-08-05,2025-Q3,1,£12.99
T100594,CH001,P05,2025-08-10,2025-Q3,1,£15.99
T100595,CH001,P02,2025-04-28,2025-Q2,2,29.98
T100596,CH001,P06,2025-11-17,2025-Q4,1,54.99
T100597,CH001,P04,2025-03-18,2025-Q1,1,16.99
T100598,CH001,P03,2025-03-14,2025-Q1,1,£12
T100599,CH001,P01,2025-08-18,2025-Q3,2,£25.98
T100600,CH001,P04,2025-10-02,2025-Q4,1,16.99
T100601,CH001,P01,2025-10-16,2025-Q4,1,£12.99
T100602,CH001,P02,2025-09-13,2025-Q3,1,£14.99
T100603,CH001,P01,2025-11-25,2025-Q4,1,£13
T100604,CH001,P01,2025-01-21,2025-Q1,3,£38.97
T100605,CH001,P03,2025-12-16,2025-Q4,1,£11.99
T100606,CH001,P01,2025-11-03,2025-Q4,3,38.97
T100607,CH001,P01,2025-03-01,2025-Q1,1,£12.99
T100608,CH001,P05,2025-07-24,2025-Q3,1,15.99
T100609,CH001,P03,2025-05-05,2025-Q2,2,£23.98
T100610,CH001,P01,2025-08-17,2025-Q3,1,£12.99
T100611,CH001,P06,2025-01-14,2025-Q1,1,£55
T100612,CH001,P02,2025-01-17,2025-Q1,1,14.99
T100613,CH001,P05,2025-04-08,2025-Q2,1,£15.99
T100614,CH001,P06,2025-11-25,2025-Q4,1,£54.99
T100615,CH001,P02,2025-12-27,2025-Q4,1,£14.99
T100616,CH001,P01,2025-04-11,2025-Q2,1,£12.99
T100617,CH001,P01,2025-04-02,2025-Q2,3,38.97
T100618,CH001,P02,2025-05-04,2025-Q2,1,14.99
T100619,CH001,P02,2025-04-06,2025-Q2,2,£29.98
T100620,CH001,P03,2025-06-07,2025-Q2,1,£12
T100621,CH001,P02,2025-03-13,2025-Q1,2,29.98
T100622,CH001,P01,2025-04-25,2025-Q2,1,£12.99
T100623,CH001,P01,2025-08-22,2025-Q3,1,12.99
T100624,CH001,P01,2025-03-14,2025-Q1,1,£12.99
T100625,CH001,P01,2025-07-28,2025-Q3,1,£12.99
T100626,CH001,P03,2025-05-08,2025-Q2,1,£11.99
T100627,CH001,P03,2025-11-25,2025-Q4,1,11.99
T100628,CH001,P06,2025-02-24,2025-Q1,2,£109.98
T100629,CH001,P03,2025-12-20,2025-Q4,1,£11.99
T100630,CH001,P05,2025-06-07,2025-Q2,1,£16
T100631,CH001,P06,2025-02-27,2025-Q1,1,54.99
T100632,CH001,P05,2025-12-10,2025-Q4,1,£16
T100633,CH001,P01,2025-03-17,2025-Q1,3,£38.97
T100634,CH001,P01,2025-11-16,2025-Q4,1,£12.99
T100635,CH001,P03,2025-09-04,2025-Q3,2,£23.98
T100636,CH001,P04,2025-02-12,2025-Q1,1,£16.99
T100637,CH001,P05,2025-11-10,2025-Q4,1,£15.99
T100638,CH001,P03,2025-05-17,2025-Q2,1,11.99
T100639,CH001,P02,2025-05-14,2025-Q2,1,£14.99
T100640,CH001,P01,2025-11-27,2025-Q4,1,£13
T100641,CH001,P03,2025-12-14,2025-Q4,2,£23.98
T100642,CH001,P03,2025-06-11,2025-Q2,2,£23.98
T100643,CH001,P05,2025-09-27,2025-Q3,1,£15.99
T100644,CH001,P04,2025-03-23,2025-Q1,2,£34
T100645,CH001,P01,2025-08-08,2025-Q3,2,£26
T100646,CH001,P05,2025-09-17,2025-Q3,3,47.97
T100647,CH001,P01,2025-01-14,2025-Q1,2,25.98
T100648,CH001,P03,2025-09-28,2025-Q3,3,£36
T100649,CH001,P05,2025-10-19,2025-Q4,1,£15.99
T100650,CH001,P04,2025-09-20,2025-Q3,2,33.98
T100651,CH001,P03,2025-08-28,2025-Q3,1,£11.99
T100652,CH001,P02,2025-07-19,2025-Q3,1,14.99
T100653,CH001,P01,2025-10-08,2025-Q4,2,£25.98
T100654,CH001,P02,2025-05-12,2025-Q2,1,£14.99
T100655,CH001,P03,2025-11-18,2025-Q4,1,£11.99
T100656,CH001,P03,2025-09-09,2025-Q3,3,£35.97
T100657,CH001,P04,2025-03-14,2025-Q1,1,£16.99
T100658,CH001,P01,2025-12-12,2025-Q4,1,£12.99
T100659,CH001,P05,2025-03-08,2025-Q1,3,£47.97
T100660,CH001,P02,2025-08-17,2025-Q3,2,£29.98
T100661,CH001,P06,2025-12-11,2025-Q4,1,£54.99
T100662,CH001,P04,2025-09-20,2025-Q3,2,33.98
T100663,CH001,P04,2025-12-28,2025-Q4,1,£17
T100664,CH001,P04,2025-07-23,2025-Q3,1,£16.99
T100665,CH001,P02,2025-09-23,2025-Q3,1,£15
T100666,CH001,P02,2025-04-05,2025-Q2,1,£15
T100667,CH001,P03,2025-12-04,2025-Q4,1,£11.99
T100668,CH001,P03,2025-05-08,2025-Q2,1,11.99
T100669,CH001,P03,2025-08-11,2025-Q3,2,£24
T100670,CH001,P02,2025-04-28,2025-Q2,1,14.99
T100671,CH001,P04,2025-08-15,2025-Q3,1,16.99
T100672,CH001,P03,2025-08-16,2025-Q3,1,£12
T100673,CH001,P01,2025-09-25,2025-Q3,1,£12.99
T100674,CH001,P01,2025-10-20,2025-Q4,1,£12.99
T100675,CH001,P04,2025-11-28,2025-Q4,1,£16.99
T100676,CH001,P04,2025-04-18,2025-Q2,1,16.99
T100677,CH001,P01,2025-02-05,2025-Q1,1,£12.99
T100678,CH001,P01,2025-02-10,2025-Q1,2,£25.98
T100679,CH001,P02,2025-08-16,2025-Q3,1,£14.99
T100680,CH001,P03,2025-07-21,2025-Q3,1,£11.99
T100681,CH001,P02,2025-12-02,2025-Q4,1,£15
T100682,CH001,P03,2025-01-14,2025-Q1,1,11.99
T100683,CH001,P04,2025-11-17,2025-Q4,1,£17
T100684,CH001,P01,2025-02-19,2025-Q1,2,£26
T100685,CH001,P01,2025-01-05,2025-Q1,3,£38.97
T100686,CH001,P03,2025-06-07,2025-Q2,1,£11.99
T100687,CH001,P03,2025-12-14,2025-Q4,1,£11.99
T100688,CH001,P02,2025-07-08,2025-Q3,1,14.99
T100689,CH001,P03,2025-09-01,2025-Q3,1,£12
T100690,CH001,P05,2025-01-28,2025-Q1,2,£31.98
T100691,CH001,P03,2025-11-16,2025-Q4,2,£24
T100692,CH001,P05,2025-04-23,2025-Q2,1,£15.99
T100693,CH001,P03,2025-03-16,2025-Q1,1,11.99
T100694,CH001,P04,2025-01-03,2025-Q1,1,£16.99
T100695,CH001,P03,2025-08-22,2025-Q3,1,£11.99
T100696,CH001,P05,2025-08-13,2025-Q3,1,15.99
T100697,CH001,P01,2025-03-17,2025-Q1,1,12.99
T100698,CH001,P02,2025-01-26,2025-Q1,1,£14.99
T100699,CH001,P02,2025-04-04,2025-Q2,1,£14.99
T100700,CH001,P04,2025-09-06,2025-Q3,1,£16.99
T100701,CH001,P01,2025-10-21,2025-Q4,1,£12.99
T100702,CH001,P02,2025-05-03,2025-Q2,2,£29.98
T100703,CH001,P02,2025-12-27,2025-Q4,1,£14.99
T100704,CH001,P02,2025-09-02,2025-Q3,2,29.98
T100705,CH001,P02,2025-09-28,2025-Q3,1,£14.99
T100706,CH002,P03,2024-03-11,2024-Q1,1,£11.99
T100707,CH002,P01,2024-12-26,2024-Q4,1,£12.99
T100708,CH002,P05,2024-06-03,2024-Q2,2,31.98
T100709,CH002,P04,2024-02-17,2024-Q1,1,£16.99
T100710,CH002,P05,2024-12-04,2024-Q4,1,£15.99
T100711,CH002,P01,2024-12-23,2024-Q4,1,£12.99
T100712,CH002,P01,2024-04-25,2024-Q2,2,£25.98
T100713,CH002,P02,2024-08-22,2024-Q3,2,£29.98
T100714,CH002,P02,2024-05-05,2024-Q2,2,£29.98
T100715,CH002,P02,2024-01-14,2024-Q1,1,£14.99
T100716,CH002,P04,2024-06-01,2024-Q2,1,£16.99
T100717,CH002,P04,2024-01-22,2024-Q1,1,£16.99
T100718,CH002,P03,2024-11-13,2024-Q4,3,£36
T100719,CH002,P03,2024-12-01,2024-Q4,3,£35.97
T100720,CH002,P02,2024-02-17,2024-Q1,2,29.98
T100721,CH002,P04,2024-12-05,2024-Q4,1,£16.99
T100722,CH002,P05,2024-10-10,2024-Q4,1,£15.99
T100723,CH002,P02,2024-08-11,2024-Q3,1,£14.99
T100724,CH002,P05,2024-07-19,2024-Q3,1,£15.99
T100725,CH002,P04,2024-06-15,2024-Q2,1,£16.99
T100726,CH002,P03,2024-01-24,2024-Q1,1,£11.99
T100727,CH002,P01,2024-02-12,2024-Q1,2,£25.98
T100728,CH002,P04,2024-01-12,2024-Q1,2,£33.98
T100729,CH002,P05,2024-02-10,2024-Q1,1,15.99
T100730,CH002,P04,2024-04-17,2024-Q2,1,16.99
T100731,CH002,P02,2024-02-13,2024-Q1,1,£14.99
T100732,CH002,P03,2024-09-18,2024-Q3,3,£36
T100733,CH002,P03,2024-07-20,2024-Q3,3,£36
T100734,CH002,P01,2024-07-28,2024-Q3,1,£12.99
T100735,CH002,P05,2024-06-06,2024-Q2,3,£47.97
T100736,CH002,P01,2024-02-08,2024-Q1,2,£25.98
T100737,CH002,P03,2024-08-26,2024-Q3,1,11.99
T100738,CH002,P04,2024-01-27,2024-Q1,2,33.98
T100739,CH002,P05,2024-04-13,2024-Q2,1,15.99
T100740,CH002,P01,2024-06-05,2024-Q2,1,£13
T100741,CH002,P01,2024-03-15,2024-Q1,1,£12.99
T100742,CH002,P01,2024-04-15,2024-Q2,2,25.98
T100743,CH002,P05,2024-07-20,2024-Q3,1,£16
T100744,CH002,P04,2024-03-10,2024-Q1,1,£17
T100745,CH002,P03,2024-06-11,2024-Q2,1,£12
T100746,CH002,P02,2024-10-01,2024-Q4,2,£30
T100747,CH002,P04,2024-01-07,2024-Q1,3,£50.97
T100748,CH002,P02,2024-04-27,2024-Q2,1,£14.99
T100749,CH002,P01,2024-02-02,2024-Q1,1,12.99
T100750,CH002,P04,2024-12-18,2024-Q4,1,£16.99
T100751,CH002,P03,2024-07-03,2024-Q3,1,11.99
T100752,CH002,P01,2024-02-04,2024-Q1,1,12.99
T100753,CH002,P05,2024-07-04,2024-Q3,1,15.99
T100754,CH002,P03,2024-05-22,2024-Q2,2,£24
T100755,CH002,P01,2024-06-19,2024-Q2,2,£26
T100756,CH002,P02,2024-04-20,2024-Q2,2,£30
T100757,CH002,P01,2024-06-24,2024-Q2,1,£12.99
T100758,CH002,P02,2024-04-09,2024-Q2,1,£15
T100759,CH002,P05,2024-02-21,2024-Q1,1,£15.99
T100760,CH002,P01,2024-09-18,2024-Q3,1,£12.99
T100761,CH002,P04,2024-10-09,2024-Q4,1,16.99
T100762,CH002,P04,2024-06-14,2024-Q2,1,£16.99
T100763,CH002,P02,2024-04-24,2024-Q2,1,£15
T100764,CH002,P04,2024-07-15,2024-Q3,1,£16.99
T100765,CH002,P03,2024-01-17,2024-Q1,2,£23.98
T100766,CH002,P01,2024-01-07,2024-Q1,1,£12.99
T100767,CH002,P06,2024-03-14,2024-Q1,1,£54.99
T100768,CH002,P05,2024-09-24,2024-Q3,1,15.99
T100769,CH002,P02,2024-08-26,2024-Q3,2,£29.98
T100770,CH002,P06,2024-09-18,2024-Q3,3,£164.97
T100771,CH002,P01,2024-12-11,2024-Q4,1,£12.99
T100772,CH002,P02,2024-12-09,2024-Q4,3,£44.97
T100773,CH002,P04,2024-11-06,2024-Q4,1,16.99
T100774,CH002,P01,2024-04-07,2024-Q2,1,£12.99
T100775,CH002,P04,2024-10-18,2024-Q4,2,£33.98
T100776,CH002,P02,2024-09-28,2024-Q3,1,£14.99
T100777,CH002,P02,2024-12-17,2024-Q4,3,£45
T100778,CH002,P04,2024-02-02,2024-Q1,1,£16.99
T100779,CH002,P05,2024-05-19,2024-Q2,2,31.98
T100780,CH002,P01,2024-09-11,2024-Q3,1,12.99
T100781,CH002,P03,2024-05-23,2024-Q2,1,£12
T100782,CH002,P02,2024-05-05,2024-Q2,2,£30
T100783,CH002,P03,2024-01-11,2024-Q1,1,£11.99
T100784,CH002,P01,2024-05-15,2024-Q2,3,38.97
T100785,CH002,P04,2024-03-18,2024-Q1,2,£33.98
T100786,CH002,P01,2024-10-24,2024-Q4,1,£12.99
T100787,CH002,P01,2024-11-05,2024-Q4,1,12.99
T100788,CH002,P06,2024-01-13,2024-Q1,2,109.98
T100789,CH002,P02,2024-03-14,2024-Q1,1,£14.99
T100790,CH002,P03,2024-01-05,2024-Q1,1,11.99
T100791,CH002,P06,2024-03-06,2024-Q1,2,£109.98
T100792,CH002,P01,2024-10-20,2024-Q4,2,£25.98
T100793,CH002,P04,2024-11-10,2024-Q4,1,£17
T100794,CH002,P05,2024-10-09,2024-Q4,2,31.98
T100795,CH002,P05,2024-01-19,2024-Q1,2,£31.98
T100796,CH002,P03,2024-08-25,2024-Q3,1,£12
T100797,CH002,P05,2024-03-10,2024-Q1,1,£15.99
T100798,CH002,P01,2024-02-17,2024-Q1,1,£13
T100799,CH002,P04,2024-01-12,2024-Q1,1,£17
T100800,CH002,P03,2024-01-05,2024-Q1,1,£11.99
T100801,CH002,P01,2024-09-07,2024-Q3,1,£13
T100802,CH002,P01,2024-07-01,2024-Q3,2,£25.98
T100803,CH002,P03,2024-03-21,2024-Q1,1,£11.99
T100804,CH002,P03,2024-01-18,2024-Q1,1,11.99
T100805,CH002,P01,2024-08-26,2024-Q3,1,£12.99
T100806,CH002,P02,2024-04-27,2024-Q2,2,29.98
T100807,CH002,P06,2024-03-26,2024-Q1,1,54.99
T100808,CH002,P02,2024-05-03,2024-Q2,3,£44.97
T100809,CH002,P03,2024-05-15,2024-Q2,2,£24
T100810,CH002,P06,2024-05-07,2024-Q2,1,£54.99
T100811,CH002,P03,2024-09-03,2024-Q3,1,£12
T100812,CH002,P05,2024-12-12,2024-Q4,3,47.97
T100813,CH002,P02,2024-12-15,2024-Q4,1,£14.99
T100814,CH002,P03,2024-09-17,2024-Q3,3,£35.97
T100815,CH002,P03,2024-01-21,2024-Q1,1,£11.99
T100816,CH002,P04,2024-05-06,2024-Q2,3,£50.97
T100817,CH002,P02,2024-02-25,2024-Q1,2,29.98
T100818,CH002,P03,2024-05-25,2024-Q2,1,£12
T100819,CH002,P03,2024-02-09,2024-Q1,1,£12
T100820,CH002,P01,2024-02-11,2024-Q1,1,£13
T100821,CH002,P02,2024-01-19,2024-Q1,1,£15
T100822,CH002,P05,2024-11-17,2024-Q4,1,£15.99
T100823,CH002,P01,2024-06-26,2024-Q2,1,£13
T100824,CH002,P03,2024-08-12,2024-Q3,1,£11.99
T100825,CH002,P03,2024-05-19,2024-Q2,1,11.99
T100826,CH002,P04,2024-10-13,2024-Q4,1,16.99
T100827,CH002,P01,2024-01-01,2024-Q1,3,£39
T100828,CH002,P04,2024-05-17,2024-Q2,2,£33.98
T100829,CH002,P01,2024-02-20,2024-Q1,1,12.99
T100830,CH002,P02,2024-05-08,2024-Q2,2,£30
T100831,CH002,P01,2024-05-12,2024-Q2,1,£12.99
T100832,CH002,P04,2024-11-10,2024-Q4,1,£16.99
T100833,CH002,P02,2024-09-08,2024-Q3,1,£14.99
T100834,CH002,P02,2024-08-11,2024-Q3,1,£14.99
T100835,CH002,P04,2024-10-24,2024-Q4,1,£16.99
T100836,CH002,P02,2024-11-09,2024-Q4,3,£45
T100837,CH002,P04,2024-01-17,2024-Q1,2,33.98
T100838,CH002,P05,2024-01-20,2024-Q1,1,£15.99
T100839,CH002,P04,2024-06-04,2024-Q2,1,£16.99
T100840,CH002,P05,2024-02-16,2024-Q1,1,£15.99
T100841,CH002,P04,2024-03-27,2024-Q1,3,£50.97
T100842,CH002,P04,2024-12-20,2024-Q4,2,£33.98
T100843,CH002,P03,2024-04-23,2024-Q2,1,£11.99
T100844,CH002,P03,2024-01-05,2024-Q1,1,£11.99
T100845,CH002,P03,2024-09-14,2024-Q3,1,£11.99
T100846,CH002,P01,2024-07-05,2024-Q3,1,£12.99
T100847,CH002,P01,2024-02-11,2024-Q1,1,£13
T100848,CH002,P04,2024-12-26,2024-Q4,1,16.99
T100849,CH002,P03,2024-12-15,2024-Q4,2,£24
T100850,CH002,P04,2024-07-19,2024-Q3,1,£16.99
T100851,CH002,P05,2024-03-25,2024-Q1,1,£15.99
T100852,CH002,P01,2024-04-17,2024-Q2,1,£12.99
T100853,CH002,P06,2024-03-08,2024-Q1,2,109.98
T100854,CH002,P03,2024-01-03,2024-Q1,1,11.99
T100855,CH002,P03,2024-06-19,2024-Q2,1,£11.99
T100856,CH002,P02,2024-06-08,2024-Q2,1,£14.99
T100857,CH002,P02,2024-06-11,2024-Q2,3,£44.97
T100858,CH002,P02,2024-03-04,2024-Q1,1,£15
T100859,CH002,P05,2024-12-11,2024-Q4,3,£47.97
T100860,CH002,P04,2024-12-09,2024-Q4,1,16.99
T100861,CH002,P06,2024-12-23,2024-Q4,3,£164.97
T100862,CH002,P01,2024-09-21,2024-Q3,1,£12.99
T100863,CH002,P05,2024-02-06,2024-Q1,1,£15.99
T100864,CH002,P04,2024-07-02,2024-Q3,1,£16.99
T100865,CH002,P04,2024-04-11,2024-Q2,1,16.99
T100866,CH002,P02,2024-04-03,2024-Q2,1,£14.99
T100867,CH002,P06,2024-09-25,2024-Q3,2,£110
T100868,CH002,P02,2024-08-14,2024-Q3,2,29.98
T100869,CH002,P03,2024-03-18,2024-Q1,1,11.99
T100870,CH002,P06,2024-02-13,2024-Q1,2,£110
T100871,CH002,P03,2024-10-25,2024-Q4,1,£11.99
T100872,CH002,P04,2024-05-18,2024-Q2,1,16.99
T100873,CH002,P03,2024-03-03,2024-Q1,1,£11.99
T100874,CH002,P02,2024-11-09,2024-Q4,1,£14.99
T100875,CH002,P01,2024-01-17,2024-Q1,1,£12.99
T100876,CH002,P01,2024-01-03,2024-Q1,2,£26
T100877,CH002,P04,2024-01-22,2024-Q1,1,£16.99
T100878,CH002,P03,2024-10-16,2024-Q4,1,£11.99
T100879,CH002,P05,2024-04-07,2024-Q2,2,£31.98
T100880,CH002,P01,2024-10-08,2024-Q4,1,£12.99
T100881,CH002,P06,2024-05-11,2024-Q2,2,£109.98
T100882,CH002,P01,2024-02-11,2024-Q1,1,£13
T100883,CH002,P01,2024-05-22,2024-Q2,1,12.99
T100884,CH002,P01,2024-08-20,2024-Q3,2,£25.98
T100885,CH002,P04,2024-09-12,2024-Q3,1,16.99
T100886,CH002,P05,2024-08-21,2024-Q3,1,£16
T100887,CH002,P02,2024-01-15,2024-Q1,1,£15
T100888,CH002,P06,2024-11-23,2024-Q4,1,£55
T100889,CH002,P01,2024-05-24,2024-Q2,1,12.99
T100890,CH002,P03,2024-03-08,2024-Q1,2,£24
T100891,CH002,P06,2024-06-23,2024-Q2,1,£54.99
T100892,CH002,P05,2024-06-09,2024-Q2,1,£15.99
T100893,CH002,P02,2024-10-01,2024-Q4,1,£14.99
T100894,CH002,P05,2024-02-24,2024-Q1,1,15.99
T100895,CH002,P01,2024-02-11,2024-Q1,1,£12.99
T100896,CH002,P01,2024-05-24,2024-Q2,1,£12.99
T100897,CH002,P05,2024-08-07,2024-Q3,2,£31.98
T100898,CH002,P05,2024-11-03,2024-Q4,2,31.98
T100899,CH002,P02,2024-02-22,2024-Q1,2,£29.98
T100900,CH002,P03,2024-03-05,2024-Q1,1,11.99
T100901,CH002,P05,2024-01-16,2024-Q1,2,31.98
T100902,CH002,P03,2024-08-04,2024-Q3,1,£11.99
T100903,CH002,P02,2024-04-07,2024-Q2,2,£29.98
T100904,CH002,P01,2024-11-27,2024-Q4,1,£13
T100905,CH002,P03,2024-09-10,2024-Q3,1,£12
T100906,CH002,P05,2024-10-06,2024-Q4,1,15.99
T100907,CH002,P06,2024-01-11,2024-Q1,1,£54.99
T100908,CH002,P01,2024-12-28,2024-Q4,1,12.99
T100909,CH002,P04,2024-10-23,2024-Q4,2,£33.98
T100910,CH002,P06,2024-09-21,2024-Q3,1,54.99
T100911,CH002,P01,2024-10-23,2024-Q4,1,£12.99
T100912,CH002,P04,2024-11-20,2024-Q4,1,£16.99
T100913,CH002,P02,2024-03-24,2024-Q1,1,£14.99
T100914,CH002,P02,2024-03-19,2024-Q1,1,£15
T100915,CH002,P01,2024-03-26,2024-Q1,1,£13
T100916,CH002,P01,2024-01-22,2024-Q1,1,£12.99
T100917,CH002,P04,2024-04-20,2024-Q2,1,£16.99
T100918,CH002,P01,2024-07-26,2024-Q3,1,£13
T100919,CH002,P05,2024-05-24,2024-Q2,1,15.99
T100920,CH002,P05,2024-12-22,2024-Q4,2,£31.98
T100921,CH002,P03,2024-09-02,2024-Q3,1,£11.99
T100922,CH002,P01,2024-03-07,2024-Q1,1,12.99
T100923,CH002,P01,2024-07-19,2024-Q3,1,£12.99
T100924,CH002,P02,2024-04-19,2024-Q2,1,£15
T100925,CH002,P01,2024-02-19,2024-Q1,1,12.99
T100926,CH002,P03,2024-06-07,2024-Q2,3,35.97
T100927,CH002,P02,2024-02-04,2024-Q1,1,£14.99
T100928,CH002,P03,2024-07-14,2024-Q3,1,£11.99
T100929,CH002,P04,2024-02-19,2024-Q1,1,16.99
T100930,CH002,P02,2024-12-17,2024-Q4,2,£29.98
T100931,CH002,P04,2024-09-11,2024-Q3,1,£16.99
T100932,CH002,P01,2024-07-18,2024-Q3,2,£25.98
T100933,CH002,P03,2024-07-18,2024-Q3,1,£11.99
T100934,CH002,P03,2024-10-12,2024-Q4,1,£11.99
T100935,CH002,P02,2024-06-27,2024-Q2,3,44.97
T100936,CH002,P01,2024-08-14,2024-Q3,2,£25.98
T100937,CH002,P03,2024-10-02,2024-Q4,1,£12
T100938,CH002,P03,2024-05-13,2024-Q2,1,£11.99
T100939,CH002,P04,2024-03-27,2024-Q1,2,33.98
T100940,CH002,P01,2024-11-22,2024-Q4,1,£13
T100941,CH002,P03,2024-05-20,2024-Q2,2,£23.98
T100942,CH002,P01,2024-09-28,2024-Q3,1,£13
T100943,CH002,P04,2024-01-02,2024-Q1,2,33.98
T100944,CH002,P02,2024-01-18,2024-Q1,2,29.98
T100945,CH002,P01,2024-09-23,2024-Q3,1,12.99
T100946,CH002,P01,2024-11-19,2024-Q4,2,25.98
T100947,CH002,P02,2024-08-09,2024-Q3,2,£29.98
T100948,CH002,P05,2024-06-10,2024-Q2,1,15.99
T100949,CH002,P01,2024-07-04,2024-Q3,1,12.99
T100950,CH002,P02,2024-12-10,2024-Q4,2,£29.98
T100951,CH002,P01,2024-07-11,2024-Q3,1,£12.99
T100952,CH002,P03,2024-02-21,2024-Q1,1,£11.99
T100953,CH002,P03,2024-03-25,2024-Q1,2,£23.98
T100954,CH002,P04,2024-02-09,2024-Q1,1,16.99
T100955,CH002,P01,2024-02-13,2024-Q1,1,£12.99
T100956,CH002,P03,2024-09-26,2024-Q3,1,11.99
T100957,CH002,P04,2024-09-21,2024-Q3,1,£17
T100958,CH002,P04,2024-01-06,2024-Q1,1,£17
T100959,CH002,P04,2024-07-17,2024-Q3,1,16.99
T100960,CH002,P02,2024-06-25,2024-Q2,3,£44.97
T100961,CH002,P03,2024-05-26,2024-Q2,2,23.98
T100962,CH002,P04,2024-10-04,2024-Q4,1,16.99
T100963,CH002,P03,2024-08-15,2024-Q3,1,£12
T100964,CH002,P03,2024-08-16,2024-Q3,2,£24
T100965,CH002,P02,2024-05-20,2024-Q2,1,£14.99
T100966,CH002,P01,2024-01-08,2024-Q1,3,£38.97
T100967,CH002,P04,2024-03-28,2024-Q1,1,16.99
T100968,CH002,P03,2024-09-01,2024-Q3,1,11.99
T100969,CH002,P02,2024-09-13,2024-Q3,1,£14.99
T100970,CH002,P04,2024-03-05,2024-Q1,1,16.99
T100971,CH002,P01,2024-07-18,2024-Q3,1,12.99
T100972,CH002,P04,2024-01-10,2024-Q1,1,16.99
T100973,CH002,P03,2024-09-16,2024-Q3,1,£12
T100974,CH002,P04,2024-10-02,2024-Q4,1,16.99
T100975,CH002,P04,2024-06-24,2024-Q2,2,£33.98
T100976,CH002,P02,2024-03-24,2024-Q1,1,14.99
T100977,CH002,P02,2024-01-13,2024-Q1,1,£14.99
T100978,CH002,P01,2024-06-18,2024-Q2,1,£12.99
T100979,CH002,P03,2024-02-28,2024-Q1,1,£11.99
T100980,CH002,P02,2024-07-28,2024-Q3,1,£15
T100981,CH002,P03,2024-04-24,2024-Q2,1,£12
T100982,CH002,P01,2024-04-10,2024-Q2,3,£38.97
T100983,CH002,P04,2024-04-14,2024-Q2,1,£17
T100984,CH002,P06,2024-04-09,2024-Q2,3,£164.97
T100985,CH002,P03,2024-05-04,2024-Q2,1,£12
T100986,CH002,P02,2024-03-04,2024-Q1,1,£14.99
T100987,CH002,P05,2024-03-04,2024-Q1,1,£15.99
T100988,CH002,P03,2024-08-17,2024-Q3,1,11.99
T100989,CH002,P01,2024-04-11,2024-Q2,1,12.99
T100990,CH002,P05,2024-10-19,2024-Q4,1,£16
T100991,CH002,P03,2024-10-11,2024-Q4,2,£23.98
T100992,CH002,P01,2024-12-25,2024-Q4,1,12.99
T100993,CH002,P05,2024-05-20,2024-Q2,1,£16
T100994,CH002,P02,2024-03-05,2024-Q1,1,£14.99
T100995,CH002,P04,2024-02-23,2024-Q1,1,£16.99
T100996,CH002,P01,2024-10-15,2024-Q4,1,£13
T100997,CH002,P01,2024-06-10,2024-Q2,1,£12.99
T100998,CH002,P02,2024-02-16,2024-Q1,1,14.99
T100999,CH002,P06,2024-07-10,2024-Q3,2,£110
T101000,CH002,P04,2024-08-02,2024-Q3,1,£16.99
T101001,CH002,P05,2024-03-17,2024-Q1,1,15.99
T101002,CH002,P03,2024-06-23,2024-Q2,1,£11.99
T101003,CH002,P01,2024-08-28,2024-Q3,1,12.99
T101004,CH002,P06,2024-10-07,2024-Q4,1,£55
T101005,CH002,P02,2024-03-10,2024-Q1,1,£14.99
T101006,CH002,P01,2024-11-24,2024-Q4,1,£12.99
T101007,CH002,P01,2025-08-18,2025-Q3,1,£13
T101008,CH002,P05,2025-01-11,2025-Q1,2,£31.98
T101009,CH002,P01,2025-09-18,2025-Q3,2,£25.98
T101010,CH002,P01,2025-01-04,2025-Q1,1,£12.99
T101011,CH002,P03,2025-11-11,2025-Q4,1,11.99
T101012,CH002,P05,2025-06-16,2025-Q2,2,£31.98
T101013,CH002,P06,2025-11-06,2025-Q4,1,£54.99
T101014,CH002,P01,2025-07-01,2025-Q3,1,£12.99
T101015,CH002,P03,2025-06-01,2025-Q2,1,£11.99
T101016,CH002,P04,2025-12-23,2025-Q4,1,£16.99
T101017,CH002,P06,2025-05-03,2025-Q2,1,£54.99
T101018,CH002,P04,2025-06-06,2025-Q2,1,£16.99
T101019,CH002,P02,2025-12-01,2025-Q4,1,£14.99
T101020,CH002,P03,2025-07-22,2025-Q3,1,£11.99
T101021,CH002,P03,2025-02-14,2025-Q1,2,£23.98
T101022,CH002,P04,2025-04-20,2025-Q2,1,£16.99
T101023,CH002,P01,2025-05-18,2025-Q2,3,38.97
T101024,CH002,P05,2025-04-26,2025-Q2,2,31.98
T101025,CH002,P03,2025-01-01,2025-Q1,1,£11.99
T101026,CH002,P01,2025-02-01,2025-Q1,1,£13
T101027,CH002,P06,2025-01-08,2025-Q1,1,54.99
T101028,CH002,P06,2025-06-07,2025-Q2,3,£164.97
T101029,CH002,P01,2025-07-15,2025-Q3,1,£12.99
T101030,CH002,P05,2025-01-25,2025-Q1,1,£15.99
T101031,CH002,P04,2025-03-26,2025-Q1,1,16.99
T101032,CH002,P02,2025-08-28,2025-Q3,1,£14.99
T101033,CH002,P04,2025-05-04,2025-Q2,1,16.99
T101034,CH002,P01,2025-11-17,2025-Q4,2,£25.98
T101035,CH002,P02,2025-01-11,2025-Q1,1,£14.99
T101036,CH002,P03,2025-07-17,2025-Q3,1,£12
T101037,CH002,P06,2025-11-19,2025-Q4,1,£54.99
T101038,CH002,P01,2025-07-21,2025-Q3,2,£25.98
T101039,CH002,P02,2025-03-18,2025-Q1,1,14.99
T101040,CH002,P01,2025-08-28,2025-Q3,3,38.97
T101041,CH002,P02,2025-02-14,2025-Q1,1,14.99
T101042,CH002,P03,2025-05-25,2025-Q2,1,£11.99
T101043,CH002,P01,2025-12-07,2025-Q4,2,£25.98
T101044,CH002,P05,2025-01-03,2025-Q1,1,£15.99
T101045,CH002,P01,2025-09-17,2025-Q3,1,12.99
T101046,CH002,P02,2025-06-09,2025-Q2,3,£44.97
T101047,CH002,P05,2025-03-13,2025-Q1,1,£16
T101048,CH002,P04,2025-04-06,2025-Q2,2,£33.98
T101049,CH002,P05,2025-06-12,2025-Q2,2,31.98
T101050,CH002,P01,2025-09-02,2025-Q3,1,12.99
T101051,CH002,P01,2025-12-27,2025-Q4,1,£12.99
T101052,CH002,P05,2025-10-12,2025-Q4,1,£15.99
T101053,CH002,P03,2025-10-21,2025-Q4,1,£11.99
T101054,CH002,P02,2025-09-09,2025-Q3,1,£15
T101055,CH002,P03,2025-02-15,2025-Q1,1,11.99
T101056,CH002,P04,2025-02-08,2025-Q1,2,£33.98
T101057,CH002,P02,2025-04-12,2025-Q2,1,£14.99
T101058,CH002,P01,2025-01-19,2025-Q1,3,£38.97
T101059,CH002,P01,2025-09-10,2025-Q3,3,38.97
T101060,CH002,P03,2025-02-05,2025-Q1,1,£11.99
T101061,CH002,P04,2025-11-27,2025-Q4,1,£17
T101062,CH002,P01,2025-05-07,2025-Q2,1,£12.99
T101063,CH002,P02,2025-10-27,2025-Q4,1,14.99
T101064,CH002,P02,2025-03-07,2025-Q1,1,£14.99
T101065,CH002,P01,2025-02-02,2025-Q1,1,12.99
T101066,CH002,P03,2025-05-16,2025-Q2,3,£35.97
T101067,CH002,P01,2025-08-24,2025-Q3,1,12.99
T101068,CH002,P02,2025-02-12,2025-Q1,1,14.99
T101069,CH002,P01,2025-01-22,2025-Q1,1,£12.99
T101070,CH002,P02,2025-05-08,2025-Q2,1,£14.99
T101071,CH002,P06,2025-07-02,2025-Q3,3,£164.97
T101072,CH002,P03,2025-05-20,2025-Q2,1,11.99
T101073,CH002,P04,2025-07-12,2025-Q3,1,£16.99
T101074,CH002,P03,2025-04-26,2025-Q2,1,£11.99
T101075,CH002,P05,2025-05-02,2025-Q2,1,£16
T101076,CH002,P02,2025-12-10,2025-Q4,1,£14.99
T101077,CH002,P01,2025-06-27,2025-Q2,1,12.99
T101078,CH002,P03,2025-05-22,2025-Q2,1,£11.99
T101079,CH002,P04,2025-06-25,2025-Q2,1,£16.99
T101080,CH002,P06,2025-12-03,2025-Q4,1,£54.99
T101081,CH002,P01,2025-07-06,2025-Q3,2,£25.98
T101082,CH002,P04,2025-12-15,2025-Q4,1,£17
T101083,CH002,P05,2025-06-09,2025-Q2,1,£16
T101084,CH002,P06,2025-05-02,2025-Q2,3,164.97
T101085,CH002,P03,2025-09-24,2025-Q3,1,£11.99
T101086,CH002,P03,2025-10-05,2025-Q4,1,11.99
T101087,CH002,P02,2025-03-15,2025-Q1,3,44.97
T101088,CH002,P04,2025-07-19,2025-Q3,1,16.99
T101089,CH002,P01,2025-04-14,2025-Q2,1,£13
T101090,CH002,P03,2025-04-06,2025-Q2,1,£11.99
T101091,CH002,P05,2025-08-10,2025-Q3,1,15.99
T101092,CH002,P01,2025-06-22,2025-Q2,1,£12.99
T101093,CH002,P01,2025-11-09,2025-Q4,1,£12.99
T101094,CH002,P02,2025-07-04,2025-Q3,1,£14.99
T101095,CH002,P03,2025-11-15,2025-Q4,1,£11.99
T101096,CH002,P04,2025-11-26,2025-Q4,1,£16.99
T101097,CH002,P02,2025-03-23,2025-Q1,1,£14.99
T101098,CH002,P01,2025-09-19,2025-Q3,2,£26
T101099,CH002,P02,2025-03-05,2025-Q1,1,£14.99
T101100,CH002,P02,2025-10-13,2025-Q4,1,£14.99
T101101,CH002,P05,2025-01-18,2025-Q1,3,£47.97
T101102,CH002,P04,2025-10-13,2025-Q4,1,£16.99
T101103,CH002,P03,2025-09-18,2025-Q3,1,11.99
T101104,CH002,P03,2025-09-16,2025-Q3,1,11.99
T101105,CH002,P05,2025-09-22,2025-Q3,1,15.99
T101106,CH002,P03,2025-01-05,2025-Q1,1,£12
T101107,CH002,P03,2025-06-05,2025-Q2,1,£12
T101108,CH002,P03,2025-11-20,2025-Q4,1,£11.99
T101109,CH002,P03,2025-06-16,2025-Q2,1,£11.99
T101110,CH002,P05,2025-07-11,2025-Q3,1,£16
T101111,CH002,P03,2025-03-15,2025-Q1,2,£24
T101112,CH002,P01,2025-05-09,2025-Q2,1,£12.99
T101113,CH002,P01,2025-10-21,2025-Q4,1,£13
T101114,CH002,P05,2025-06-27,2025-Q2,2,31.98
T101115,CH002,P01,2025-05-03,2025-Q2,1,£12.99
T101116,CH002,P03,2025-04-02,2025-Q2,1,£12
T101117,CH002,P05,2025-06-22,2025-Q2,1,£15.99
T101118,CH002,P01,2025-01-23,2025-Q1,1,£12.99
T101119,CH002,P04,2025-11-09,2025-Q4,1,£16.99
T101120,CH002,P03,2025-03-19,2025-Q1,1,11.99
T101121,CH002,P04,2025-02-22,2025-Q1,1,£16.99
T101122,CH002,P06,2025-10-22,2025-Q4,1,£54.99
T101123,CH002,P02,2025-10-09,2025-Q4,1,£14.99
T101124,CH002,P01,2025-11-24,2025-Q4,1,£12.99
T101125,CH002,P02,2025-09-24,2025-Q3,1,£14.99
T101126,CH002,P01,2025-05-15,2025-Q2,1,12.99
T101127,CH002,P01,2025-05-24,2025-Q2,1,£13
T101128,CH002,P03,2025-09-26,2025-Q3,1,£11.99
T101129,CH002,P01,2025-12-21,2025-Q4,1,£13
T101130,CH002,P05,2025-05-10,2025-Q2,1,£16
T101131,CH002,P01,2025-04-16,2025-Q2,1,£13
T101132,CH002,P05,2025-01-15,2025-Q1,1,15.99
T101133,CH002,P03,2025-04-27,2025-Q2,1,11.99
T101134,CH002,P02,2025-01-03,2025-Q1,1,14.99
T101135,CH002,P03,2025-07-12,2025-Q3,1,11.99
T101136,CH002,P04,2025-08-13,2025-Q3,1,£17
T101137,CH002,P02,2025-12-10,2025-Q4,2,£30
T101138,CH002,P02,2025-02-10,2025-Q1,1,£15
T101139,CH002,P02,2025-09-03,2025-Q3,1,£14.99
T101140,CH002,P04,2025-01-24,2025-Q1,1,£16.99
T101141,CH002,P03,2025-09-19,2025-Q3,1,£12
T101142,CH002,P02,2025-01-16,2025-Q1,1,£14.99
T101143,CH002,P05,2025-07-14,2025-Q3,2,£32
T101144,CH002,P04,2025-02-25,2025-Q1,1,16.99
T101145,CH002,P03,2025-02-05,2025-Q1,1,11.99
T101146,CH002,P01,2025-09-06,2025-Q3,1,£12.99
T101147,CH002,P01,2025-09-27,2025-Q3,2,£25.98
T101148,CH002,P04,2025-05-28,2025-Q2,1,£16.99
T101149,CH002,P02,2025-12-27,2025-Q4,2,29.98
T101150,CH002,P02,2025-12-27,2025-Q4,1,£14.99
T101151,CH002,P03,2025-06-15,2025-Q2,2,£23.98
T101152,CH002,P01,2025-10-23,2025-Q4,1,£12.99
T101153,CH002,P02,2025-05-20,2025-Q2,1,£15
T101154,CH002,P01,2025-02-08,2025-Q1,3,£39
T101155,CH002,P05,2025-07-09,2025-Q3,1,£15.99
T101156,CH002,P03,2025-03-05,2025-Q1,2,£23.98
T101157,CH002,P05,2025-12-12,2025-Q4,1,£16
T101158,CH002,P02,2025-05-02,2025-Q2,2,£29.98
T101159,CH002,P01,2025-01-03,2025-Q1,1,£12.99
T101160,CH002,P01,2025-02-16,2025-Q1,1,£13
T101161,CH002,P04,2025-07-19,2025-Q3,2,33.98
T101162,CH002,P01,2025-04-26,2025-Q2,2,£25.98
T101163,CH002,P02,2025-06-04,2025-Q2,1,£14.99
T101164,CH002,P01,2025-03-02,2025-Q1,1,£12.99
T101165,CH002,P01,2025-12-07,2025-Q4,2,£25.98
T101166,CH002,P06,2025-09-12,2025-Q3,1,54.99
T101167,CH002,P04,2025-03-03,2025-Q1,2,£34
T101168,CH002,P02,2025-11-21,2025-Q4,1,£14.99
T101169,CH002,P02,2025-11-06,2025-Q4,1,14.99
T101170,CH002,P02,2025-02-02,2025-Q1,1,14.99
T101171,CH002,P01,2025-08-14,2025-Q3,1,£12.99
T101172,CH002,P01,2025-04-12,2025-Q2,1,£12.99
T101173,CH002,P04,2025-10-06,2025-Q4,1,£17
T101174,CH002,P01,2025-12-20,2025-Q4,1,£12.99
T101175,CH002,P05,2025-04-18,2025-Q2,2,31.98
T101176,CH002,P05,2025-07-28,2025-Q3,2,£31.98
T101177,CH002,P02,2025-10-11,2025-Q4,1,£15
T101178,CH002,P02,2025-05-09,2025-Q2,1,£14.99
T101179,CH002,P03,2025-10-24,2025-Q4,1,£11.99
T101180,CH002,P01,2025-10-01,2025-Q4,1,12.99
T101181,CH002,P06,2025-10-19,2025-Q4,1,£54.99
T101182,CH002,P02,2025-11-18,2025-Q4,1,14.99
T101183,CH002,P05,2025-06-04,2025-Q2,3,£47.97
T101184,CH002,P02,2025-01-15,2025-Q1,3,£44.97
T101185,CH002,P03,2025-05-18,2025-Q2,1,11.99
T101186,CH002,P01,2025-06-21,2025-Q2,1,12.99
T101187,CH002,P04,2025-07-27,2025-Q3,1,£16.99
T101188,CH002,P03,2025-03-26,2025-Q1,1,£11.99
T101189,CH002,P04,2025-03-23,2025-Q1,1,£16.99
T101190,CH002,P03,2025-02-19,2025-Q1,1,£11.99
T101191,CH002,P01,2025-07-15,2025-Q3,1,£13
T101192,CH002,P02,2025-11-04,2025-Q4,1,£14.99
T101193,CH002,P02,2025-06-03,2025-Q2,2,£29.98
T101194,CH002,P05,2025-09-14,2025-Q3,1,£16
T101195,CH002,P03,2025-12-18,2025-Q4,1,£11.99
T101196,CH002,P03,2025-09-26,2025-Q3,2,23.98
T101197,CH002,P03,2025-10-20,2025-Q4,1,£11.99
T101198,CH002,P01,2025-06-21,2025-Q2,1,12.99
T101199,CH002,P03,2025-05-09,2025-Q2,1,£11.99
T101200,CH002,P02,2025-09-05,2025-Q3,1,£14.99
T101201,CH002,P04,2025-02-11,2025-Q1,3,£50.97
T101202,CH002,P02,2025-05-16,2025-Q2,1,£14.99
T101203,CH002,P01,2025-12-18,2025-Q4,1,12.99
T101204,CH002,P05,2025-06-11,2025-Q2,1,£15.99
T101205,CH002,P05,2025-01-21,2025-Q1,1,15.99
T101206,CH002,P02,2025-06-16,2025-Q2,3,£44.97
T101207,CH002,P02,2025-04-27,2025-Q2,1,£15
T101208,CH002,P06,2025-09-14,2025-Q3,1,54.99
T101209,CH002,P05,2025-07-08,2025-Q3,1,£15.99
T101210,CH002,P05,2025-01-04,2025-Q1,1,£15.99
T101211,CH002,P01,2025-06-08,2025-Q2,1,12.99
T101212,CH002,P01,2025-05-10,2025-Q2,2,£25.98
T101213,CH002,P03,2025-12-14,2025-Q4,1,£12
T101214,CH002,P01,2025-03-15,2025-Q1,2,£25.98
T101215,CH002,P02,2025-12-05,2025-Q4,1,£14.99
T101216,CH002,P04,2025-08-23,2025-Q3,1,16.99
T101217,CH002,P03,2025-07-02,2025-Q3,3,35.97
T101218,CH002,P06,2025-01-11,2025-Q1,1,54.99
T101219,CH002,P04,2025-04-12,2025-Q2,1,£17
T101220,CH002,P01,2025-08-22,2025-Q3,2,£25.98
T101221,CH002,P04,2025-09-07,2025-Q3,2,£33.98
T101222,CH002,P04,2025-10-25,2025-Q4,1,£17
T101223,CH002,P02,2025-02-10,2025-Q1,1,£14.99
T101224,CH002,P02,2025-03-28,2025-Q1,3,£44.97
T101225,CH002,P06,2025-01-14,2025-Q1,1,54.99
T101226,CH002,P01,2025-05-08,2025-Q2,2,£25.98
T101227,CH002,P02,2025-07-10,2025-Q3,1,£14.99
T101228,CH002,P03,2025-03-16,2025-Q1,1,11.99
T101229,CH002,P02,2025-01-11,2025-Q1,3,£44.97
T101230,CH002,P04,2025-04-27,2025-Q2,1,16.99
T101231,CH002,P02,2025-05-27,2025-Q2,2,29.98
T101232,CH002,P03,2025-03-14,2025-Q1,3,£35.97
T101233,CH002,P02,2025-03-09,2025-Q1,1,14.99
T101234,CH002,P05,2025-10-08,2025-Q4,2,£31.98
T101235,CH002,P05,2025-12-14,2025-Q4,1,£15.99
T101236,CH002,P05,2025-11-04,2025-Q4,3,47.97
T101237,CH002,P01,2025-01-01,2025-Q1,1,£12.99
T101238,CH002,P04,2025-08-22,2025-Q3,1,16.99
T101239,CH002,P04,2025-01-24,2025-Q1,2,£33.98
T101240,CH002,P03,2025-01-25,2025-Q1,3,£36
T101241,CH002,P01,2025-04-12,2025-Q2,1,£12.99
T101242,CH002,P03,2025-02-01,2025-Q1,2,£23.98
T101243,CH002,P02,2025-09-17,2025-Q3,2,£29.98
T101244,CH002,P03,2025-03-05,2025-Q1,3,£35.97
T101245,CH002,P01,2025-01-06,2025-Q1,3,38.97
T101246,CH002,P02,2025-05-28,2025-Q2,1,14.99
T101247,CH002,P01,2025-10-23,2025-Q4,2,£25.98
T101248,CH002,P03,2025-11-11,2025-Q4,1,£11.99
T101249,CH002,P03,2025-01-11,2025-Q1,2,£23.98
T101250,CH002,P04,2025-09-28,2025-Q3,1,£16.99
T101251,CH002,P03,2025-04-11,2025-Q2,2,£24
T101252,CH002,P02,2025-03-04,2025-Q1,1,14.99
T101253,CH002,P01,2025-06-05,2025-Q2,1,£12.99
T101254,CH002,P03,2025-09-07,2025-Q3,1,11.99
T101255,CH002,P04,2025-09-12,2025-Q3,1,£16.99
T101256,CH002,P03,2025-06-20,2025-Q2,2,£23.98
T101257,CH002,P04,2025-08-11,2025-Q3,2,£34
T101258,CH002,P03,2025-07-27,2025-Q3,1,£11.99
T101259,CH002,P01,2025-04-14,2025-Q2,1,£13
T101260,CH002,P05,2025-09-27,2025-Q3,1,£16
T101261,CH002,P01,2025-03-23,2025-Q1,1,£12.99
T101262,CH002,P03,2025-02-19,2025-Q1,3,£35.97
T101263,CH002,P01,2025-07-09,2025-Q3,1,12.99
T101264,CH002,P03,2025-03-14,2025-Q1,1,11.99
T101265,CH002,P06,2025-02-18,2025-Q1,2,£109.98
T101266,CH002,P02,2025-08-23,2025-Q3,1,£14.99
T101267,CH002,P04,2025-06-01,2025-Q2,1,£16.99
T101268,CH002,P05,2025-05-06,2025-Q2,2,31.98
T101269,CH002,P01,2025-09-17,2025-Q3,2,£26
T101270,CH002,P01,2025-08-11,2025-Q3,1,12.99
T101271,CH002,P02,2025-03-26,2025-Q1,1,£15
T101272,CH002,P02,2025-10-24,2025-Q4,2,£29.98
T101273,CH002,P05,2025-01-10,2025-Q1,1,£15.99
T101274,CH002,P06,2025-04-19,2025-Q2,1,£54.99
T101275,CH002,P01,2025-09-07,2025-Q3,2,£26
T101276,CH002,P03,2025-02-09,2025-Q1,2,£24
T101277,CH002,P03,2025-09-21,2025-Q3,2,£23.98
T101278,CH002,P01,2025-12-19,2025-Q4,1,12.99
T101279,CH002,P03,2025-05-22,2025-Q2,1,11.99
T101280,CH002,P02,2025-09-02,2025-Q3,1,14.99
T101281,CH002,P02,2025-10-17,2025-Q4,2,£29.98
T101282,CH002,P05,2025-11-27,2025-Q4,1,15.99
T101283,CH002,P03,2025-12-02,2025-Q4,1,£11.99
T101284,CH002,P05,2025-09-18,2025-Q3,2,£31.98
T101285,CH002,P01,2025-05-01,2025-Q2,1,£12.99
T101286,CH002,P02,2025-03-19,2025-Q1,1,14.99
T101287,CH002,P05,2025-06-19,2025-Q2,2,£31.98
T101288,CH002,P02,2025-05-28,2025-Q2,1,£15
T101289,CH002,P01,2025-11-22,2025-Q4,1,12.99
T101290,CH002,P02,2025-10-21,2025-Q4,3,£44.97
T101291,CH002,P04,2025-11-17,2025-Q4,1,£16.99
T101292,CH002,P01,2025-10-03,2025-Q4,1,12.99
T101293,CH002,P06,2025-10-12,2025-Q4,2,£109.98
T101294,CH002,P03,2025-06-06,2025-Q2,1,£12
T101295,CH002,P06,2025-08-06,2025-Q3,1,£54.99
T101296,CH002,P04,2025-07-15,2025-Q3,2,£33.98
T101297,CH002,P02,2025-07-22,2025-Q3,1,£14.99
T101298,CH002,P04,2025-04-19,2025-Q2,1,16.99
T101299,CH002,P01,2025-01-26,2025-Q1,1,£12.99
T101300,CH002,P01,2025-03-03,2025-Q1,1,£12.99
T101301,CH002,P03,2025-10-14,2025-Q4,2,£23.98
T101302,CH002,P03,2025-05-08,2025-Q2,1,£11.99
T101303,CH002,P04,2025-07-04,2025-Q3,1,£16.99
T101304,CH002,P01,2025-09-12,2025-Q3,1,12.99
T101305,CH002,P04,2025-01-20,2025-Q1,1,16.99
T101306,CH002,P05,2025-12-10,2025-Q4,1,£15.99
T101307,CH002,P05,2025-12-06,2025-Q4,1,15.99
T101308,CH002,P01,2025-08-11,2025-Q3,1,£12.99
T101309,CH002,P06,2025-02-07,2025-Q1,1,£54.99
T101310,CH002,P02,2025-06-23,2025-Q2,1,£15
T101311,CH002,P03,2025-03-11,2025-Q1,1,£11.99
T101312,CH002,P05,2025-04-24,2025-Q2,2,£31.98
T101313,CH002,P06,2025-08-14,2025-Q3,2,£109.98
T101314,CH002,P02,2025-01-13,2025-Q1,1,£14.99
T101315,CH002,P01,2025-04-10,2025-Q2,2,£25.98
T101316,CH002,P06,2025-08-17,2025-Q3,1,£55
T101317,CH002,P01,2025-05-14,2025-Q2,1,£13
T101318,CH002,P03,2025-03-08,2025-Q1,2,23.98
T101319,CH002,P01,2025-07-07,2025-Q3,1,£12.99
T101320,CH002,P03,2025-03-01,2025-Q1,1,£12
T101321,CH002,P02,2025-09-08,2025-Q3,2,£29.98
T101322,CH002,P04,2025-04-18,2025-Q2,1,16.99
T101323,CH002,P03,2025-08-13,2025-Q3,1,£12
T101324,CH002,P03,2025-08-23,2025-Q3,1,£12
T101325,CH002,P02,2025-03-23,2025-Q1,1,£14.99
T101326,CH002,P03,2025-08-25,2025-Q3,2,£24
T101327,CH002,P02,2025-11-12,2025-Q4,1,£14.99
T101328,CH002,P02,2025-10-26,2025-Q4,2,£29.98
T101329,CH002,P01,2025-08-16,2025-Q3,3,£39
T101330,CH002,P02,2025-10-20,2025-Q4,1,14.99
T101331,CH002,P04,2025-01-15,2025-Q1,1,£16.99
T101332,CH002,P03,2025-04-24,2025-Q2,2,£23.98
T101333,CH002,P01,2025-02-24,2025-Q1,2,25.98
T101334,CH002,P01,2025-12-26,2025-Q4,1,12.99
T101335,CH002,P05,2025-12-07,2025-Q4,1,15.99
T101336,CH002,P01,2025-08-13,2025-Q3,2,25.98
T101337,CH002,P05,2025-06-22,2025-Q2,1,£15.99
T101338,CH002,P02,2025-09-02,2025-Q3,1,£14.99
T101339,CH002,P01,2025-07-12,2025-Q3,1,£12.99
T101340,CH002,P02,2025-08-15,2025-Q3,1,£14.99
T101341,CH002,P02,2025-12-13,2025-Q4,1,£14.99
T101342,CH002,P01,2025-07-26,2025-Q3,1,£12.99
T101343,CH002,P05,2025-02-20,2025-Q1,1,£15.99
T101344,CH002,P03,2025-01-16,2025-Q1,1,£11.99
T101345,CH002,P04,2025-07-21,2025-Q3,1,£16.99
T101346,CH002,P03,2025-05-08,2025-Q2,2,£23.98
T101347,CH002,P04,2025-12-06,2025-Q4,3,50.97
T101348,CH002,P02,2025-10-13,2025-Q4,1,£15
T101349,CH002,P01,2025-03-13,2025-Q1,3,£38.97
T101350,CH002,P03,2025-09-15,2025-Q3,1,11.99
T101351,CH002,P01,2025-03-26,2025-Q1,1,£12.99
T101352,CH002,P02,2025-01-22,2025-Q1,1,£14.99
T101353,CH002,P03,2025-03-16,2025-Q1,2,£23.98
T101354,CH002,P01,2025-08-10,2025-Q3,1,12.99
T101355,CH002,P01,2025-09-27,2025-Q3,1,12.99
T101356,CH002,P01,2025-04-23,2025-Q2,1,12.99
T101357,CH002,P05,2025-02-12,2025-Q1,3,£47.97
T101358,CH002,P03,2025-06-20,2025-Q2,1,£11.99
T101359,CH002,P05,2025-11-19,2025-Q4,1,£15.99
T101360,CH002,P02,2025-11-06,2025-Q4,1,£14.99
T101361,CH002,P01,2025-05-04,2025-Q2,1,12.99
T101362,CH002,P03,2025-04-20,2025-Q2,2,£23.98
T101363,CH002,P02,2025-08-25,2025-Q3,1,£15
T101364,CH002,P01,2025-11-17,2025-Q4,1,£12.99
T101365,CH002,P06,2025-04-23,2025-Q2,1,£54.99
T101366,CH002,P01,2025-10-28,2025-Q4,1,12.99
T101367,CH002,P01,2025-07-04,2025-Q3,1,£13
T101368,CH002,P05,2025-07-08,2025-Q3,1,15.99
T101369,CH002,P01,2025-10-28,2025-Q4,1,£12.99
T101370,CH002,P05,2025-01-01,2025-Q1,1,15.99
T101371,CH002,P05,2025-03-12,2025-Q1,1,15.99
T101372,CH002,P04,2025-01-09,2025-Q1,1,16.99
T101373,CH002,P05,2025-05-22,2025-Q2,1,£16
T101374,CH002,P01,2025-07-13,2025-Q3,3,38.97
T101375,CH002,P05,2025-02-18,2025-Q1,1,£16
T101376,CH002,P02,2025-02-19,2025-Q1,1,£14.99
T101377,CH002,P04,2025-03-08,2025-Q1,1,£17
T101378,CH002,P01,2025-12-04,2025-Q4,1,£12.99
T101379,CH002,P01,2025-05-02,2025-Q2,1,£12.99
T101380,CH002,P05,2025-07-11,2025-Q3,3,£47.97
T101381,CH002,P03,2025-10-16,2025-Q4,2,£24
T101382,CH002,P03,2025-08-19,2025-Q3,1,£12
T101383,CH002,P04,2025-07-12,2025-Q3,3,£50.97
T101384,CH002,P04,2025-07-22,2025-Q3,1,16.99
T101385,CH002,P04,2025-09-28,2025-Q3,2,£33.98
T101386,CH002,P03,2025-06-26,2025-Q2,1,£12
T101387,CH002,P01,2025-11-04,2025-Q4,2,£25.98
T101388,CH002,P05,2025-07-28,2025-Q3,1,£15.99
T101389,CH002,P01,2025-09-06,2025-Q3,1,£12.99
T101390,CH002,P02,2025-11-08,2025-Q4,1,£15
T101391,CH002,P01,2025-03-24,2025-Q1,2,£26
T101392,CH002,P05,2025-06-16,2025-Q2,1,£16
T101393,CH002,P02,2025-09-01,2025-Q3,1,14.99
T101394,CH002,P05,2025-05-18,2025-Q2,1,£15.99
T101395,CH002,P01,2025-10-01,2025-Q4,1,£12.99
T101396,CH002,P03,2025-02-07,2025-Q1,1,£12
T101397,CH002,P03,2025-05-05,2025-Q2,2,£23.98
T101398,CH002,P05,2025-12-19,2025-Q4,1,15.99
T101399,CH002,P06,2025-07-04,2025-Q3,2,109.98
T101400,CH002,P04,2025-05-07,2025-Q2,2,£33.98
T101401,CH002,P05,2025-03-12,2025-Q1,1,£15.99
T101402,CH002,P01,2025-09-19,2025-Q3,1,£12.99
T101403,CH002,P01,2025-06-28,2025-Q2,1,12.99
T101404,CH002,P04,2025-02-03,2025-Q1,1,£16.99
T101405,CH002,P01,2025-07-18,2025-Q3,2,£26
T101406,CH002,P03,2025-06-10,2025-Q2,2,23.98
T101407,CH002,P05,2025-08-06,2025-Q3,1,15.99
T101408,CH002,P05,2025-04-26,2025-Q2,1,15.99
T101409,CH002,P01,2025-03-09,2025-Q1,3,£39
T101410,CH002,P01,2025-09-11,2025-Q3,2,25.98
T101411,CH002,P02,2025-11-03,2025-Q4,3,44.97
T101412,CH002,P01,2025-03-19,2025-Q1,1,£13
T101413,CH002,P01,2025-09-04,2025-Q3,3,£38.97
T101414,CH002,P04,2025-06-01,2025-Q2,2,33.98
T101415,CH002,P02,2025-07-01,2025-Q3,1,£14.99
T101416,CH002,P05,2025-09-19,2025-Q3,3,£47.97
T101417,CH002,P03,2025-10-21,2025-Q4,1,11.99
T101418,CH002,P01,2025-03-03,2025-Q1,2,£25.98
T101419,CH002,P01,2025-03-18,2025-Q1,1,£12.99
T101420,CH002,P02,2025-10-26,2025-Q4,1,£14.99
T101421,CH002,P03,2025-10-21,2025-Q4,1,£11.99
T101422,CH002,P02,2025-08-26,2025-Q3,1,£14.99
T101423,CH002,P06,2025-03-15,2025-Q1,1,£54.99
T101424,CH002,P04,2025-01-05,2025-Q1,1,£17
T101425,CH002,P01,2025-02-02,2025-Q1,1,12.99
T101426,CH002,P02,2025-08-23,2025-Q3,1,£15
T101427,CH002,P02,2025-07-15,2025-Q3,1,14.99
T101428,CH003,P03,2024-04-07,2024-Q2,1,£12
T101429,CH003,P03,2024-11-27,2024-Q4,1,£11.99
T101430,CH003,P03,2024-12-01,2024-Q4,2,23.98
T101431,CH003,P02,2024-09-02,2024-Q3,1,£14.99
T101432,CH003,P05,2024-06-12,2024-Q2,2,£31.98
T101433,CH003,P02,2024-02-18,2024-Q1,1,£15
T101434,CH003,P01,2024-01-22,2024-Q1,1,12.99
T101435,CH003,P01,2024-09-27,2024-Q3,2,25.98
T101436,CH003,P06,2024-03-08,2024-Q1,1,£55
T101437,CH003,P01,2024-07-03,2024-Q3,1,£13
T101438,CH003,P03,2024-08-05,2024-Q3,1,£11.99
T101439,CH003,P02,2024-03-25,2024-Q1,3,44.97
T101440,CH003,P05,2024-07-15,2024-Q3,1,£15.99
T101441,CH003,P01,2024-05-09,2024-Q2,2,25.98
T101442,CH003,P02,2024-04-17,2024-Q2,2,£30
T101443,CH003,P01,2024-06-18,2024-Q2,1,12.99
T101444,CH003,P01,2024-11-16,2024-Q4,1,12.99
T101445,CH003,P05,2024-07-28,2024-Q3,1,£15.99
T101446,CH003,P01,2024-04-20,2024-Q2,1,£12.99
T101447,CH003,P03,2024-04-02,2024-Q2,1,£11.99
T101448,CH003,P01,2024-09-01,2024-Q3,1,£12.99
T101449,CH003,P02,2024-09-04,2024-Q3,1,£14.99
T101450,CH003,P05,2024-08-22,2024-Q3,1,£15.99
T101451,CH003,P02,2024-11-02,2024-Q4,3,44.97
T101452,CH003,P01,2024-04-07,2024-Q2,1,£12.99
T101453,CH003,P02,2024-09-05,2024-Q3,2,£29.98
T101454,CH003,P01,2024-01-13,2024-Q1,1,£12.99
T101455,CH003,P04,2024-01-08,2024-Q1,1,£17
T101456,CH003,P06,2024-10-25,2024-Q4,1,£54.99
T101457,CH003,P05,2024-08-27,2024-Q3,2,£31.98
T101458,CH003,P05,2024-08-11,2024-Q3,1,£15.99
T101459,CH003,P03,2024-03-17,2024-Q1,1,£11.99
T101460,CH003,P03,2024-07-15,2024-Q3,1,£11.99
T101461,CH003,P03,2024-08-13,2024-Q3,1,£11.99
T101462,CH003,P02,2024-04-04,2024-Q2,1,£14.99
T101463,CH003,P03,2024-07-09,2024-Q3,2,23.98
T101464,CH003,P02,2024-10-06,2024-Q4,1,£15
T101465,CH003,P02,2024-03-12,2024-Q1,1,£14.99
T101466,CH003,P02,2024-10-11,2024-Q4,1,14.99
T101467,CH003,P03,2024-04-17,2024-Q2,1,£11.99
T101468,CH003,P06,2024-10-22,2024-Q4,1,£54.99
T101469,CH003,P02,2024-07-05,2024-Q3,1,£14.99
T101470,CH003,P01,2024-09-15,2024-Q3,1,£13
T101471,CH003,P02,2024-08-01,2024-Q3,2,£29.98
T101472,CH003,P05,2024-07-24,2024-Q3,1,15.99
T101473,CH003,P06,2024-09-21,2024-Q3,2,£109.98
T101474,CH003,P04,2024-11-16,2024-Q4,1,16.99
T101475,CH003,P04,2024-12-05,2024-Q4,1,£17
T101476,CH003,P01,2024-01-17,2024-Q1,1,£12.99
T101477,CH003,P02,2024-04-04,2024-Q2,1,£14.99
T101478,CH003,P02,2024-08-21,2024-Q3,2,£29.98
T101479,CH003,P05,2024-09-05,2024-Q3,1,15.99
T101480,CH003,P01,2024-08-15,2024-Q3,1,£12.99
T101481,CH003,P03,2024-12-14,2024-Q4,1,11.99
T101482,CH003,P03,2024-09-23,2024-Q3,1,£11.99
T101483,CH003,P01,2024-11-22,2024-Q4,3,£39
T101484,CH003,P02,2024-12-22,2024-Q4,1,£14.99
T101485,CH003,P01,2024-05-11,2024-Q2,1,£12.99
T101486,CH003,P02,2024-11-26,2024-Q4,2,£29.98
T101487,CH003,P03,2024-07-07,2024-Q3,1,£11.99
T101488,CH003,P01,2024-10-13,2024-Q4,1,12.99
T101489,CH003,P03,2024-04-16,2024-Q2,1,£11.99
T101490,CH003,P04,2024-11-13,2024-Q4,2,£33.98
T101491,CH003,P03,2024-10-13,2024-Q4,3,£35.97
T101492,CH003,P01,2024-01-08,2024-Q1,1,12.99
T101493,CH003,P04,2024-01-26,2024-Q1,1,£16.99
T101494,CH003,P01,2024-06-21,2024-Q2,1,£13
T101495,CH003,P02,2025-05-05,2025-Q2,1,£14.99
T101496,CH003,P01,2025-09-19,2025-Q3,1,12.99
T101497,CH003,P02,2025-12-27,2025-Q4,1,14.99
T101498,CH003,P02,2025-02-25,2025-Q1,3,£44.97
T101499,CH003,P06,2025-09-04,2025-Q3,1,54.99
T101500,CH003,P02,2025-06-14,2025-Q2,2,29.98
T101501,CH003,P02,2025-10-01,2025-Q4,1,£15
T101502,CH003,P02,2025-12-20,2025-Q4,1,£14.99
T101503,CH003,P01,2025-01-04,2025-Q1,1,£13
T101504,CH003,P06,2025-10-01,2025-Q4,1,£55
T101505,CH003,P01,2025-07-13,2025-Q3,1,£12.99
T101506,CH003,P05,2025-06-14,2025-Q2,1,15.99
T101507,CH003,P01,2025-11-08,2025-Q4,1,£12.99
T101508,CH003,P02,2025-02-27,2025-Q1,2,29.98
T101509,CH003,P01,2025-07-24,2025-Q3,1,£12.99
T101510,CH003,P02,2025-11-22,2025-Q4,1,14.99
T101511,CH003,P02,2025-11-25,2025-Q4,2,£30
T101512,CH003,P06,2025-05-19,2025-Q2,2,109.98
T101513,CH003,P04,2025-05-28,2025-Q2,1,£16.99
T101514,CH003,P04,2025-09-03,2025-Q3,1,£16.99
T101515,CH003,P03,2025-05-14,2025-Q2,1,£11.99
T101516,CH003,P03,2025-09-07,2025-Q3,2,£23.98
T101517,CH003,P05,2025-02-20,2025-Q1,1,£15.99
T101518,CH003,P01,2025-06-04,2025-Q2,3,38.97
T101519,CH003,P02,2025-01-14,2025-Q1,2,£30
T101520,CH003,P04,2025-03-28,2025-Q1,1,£16.99
T101521,CH003,P01,2025-10-01,2025-Q4,1,£12.99
T101522,CH003,P02,2025-06-17,2025-Q2,1,£14.99
T101523,CH003,P03,2025-06-17,2025-Q2,1,£12
T101524,CH003,P01,2025-05-20,2025-Q2,1,12.99
T101525,CH003,P04,2025-10-27,2025-Q4,1,16.99
T101526,CH003,P01,2025-08-17,2025-Q3,1,12.99
T101527,CH003,P01,2025-04-04,2025-Q2,1,12.99
T101528,CH003,P01,2025-01-12,2025-Q1,1,£12.99
T101529,CH003,P03,2025-03-22,2025-Q1,1,11.99
T101530,CH003,P01,2025-09-03,2025-Q3,1,12.99
T101531,CH003,P03,2025-02-22,2025-Q1,1,11.99
T101532,CH003,P04,2025-08-28,2025-Q3,2,£33.98
T101533,CH003,P01,2025-09-15,2025-Q3,1,12.99
T101534,CH003,P01,2025-03-02,2025-Q1,2,25.98
T101535,CH003,P01,2025-06-13,2025-Q2,1,£12.99
T101536,CH003,P05,2025-05-05,2025-Q2,1,£15.99
T101537,CH003,P03,2025-04-05,2025-Q2,1,11.99
T101538,CH003,P05,2025-08-09,2025-Q3,1,£15.99
T101539,CH003,P05,2025-08-28,2025-Q3,1,15.99
T101540,CH003,P01,2025-07-17,2025-Q3,1,£13
T101541,CH003,P03,2025-12-18,2025-Q4,1,£12
T101542,CH003,P02,2025-03-24,2025-Q1,2,£29.98
T101543,CH003,P01,2025-07-24,2025-Q3,1,12.99
T101544,CH003,P05,2025-04-15,2025-Q2,1,£15.99
T101545,CH003,P03,2025-06-01,2025-Q2,3,£35.97
T101546,CH003,P01,2025-08-22,2025-Q3,1,£13
T101547,CH003,P05,2025-11-19,2025-Q4,2,£32
T101548,CH003,P01,2025-05-02,2025-Q2,1,£13
T101549,CH003,P01,2025-12-21,2025-Q4,2,25.98
T101550,CH003,P04,2025-03-13,2025-Q1,1,16.99
T101551,CH003,P02,2025-10-27,2025-Q4,1,£14.99
T101552,CH003,P02,2025-04-13,2025-Q2,1,£14.99
T101553,CH003,P03,2025-06-14,2025-Q2,2,£24
T101554,CH003,P02,2025-05-14,2025-Q2,1,£14.99
T101555,CH003,P05,2025-12-10,2025-Q4,1,£15.99
T101556,CH003,P02,2025-07-19,2025-Q3,3,£44.97
T101557,CH003,P02,2025-02-16,2025-Q1,1,£14.99
T101558,CH003,P01,2025-05-27,2025-Q2,2,£25.98
T101559,CH003,P03,2025-09-21,2025-Q3,1,11.99
T101560,CH003,P04,2025-10-18,2025-Q4,1,16.99
T101561,CH003,P05,2025-02-16,2025-Q1,1,£16
T101562,CH003,P03,2025-02-25,2025-Q1,1,11.99
T101563,CH003,P02,2025-10-14,2025-Q4,1,£14.99
T101564,CH003,P05,2025-09-17,2025-Q3,1,£15.99
T101565,CH003,P01,2025-09-12,2025-Q3,1,£12.99
T101566,CH003,P03,2025-05-08,2025-Q2,1,11.99
T101567,CH003,P04,2025-08-14,2025-Q3,1,16.99
T101568,CH003,P01,2025-11-01,2025-Q4,2,£25.98
T101569,CH003,P05,2025-04-25,2025-Q2,1,£15.99
T101570,CH003,P04,2025-09-19,2025-Q3,1,£16.99
T101571,CH003,P01,2025-10-28,2025-Q4,1,£13
T101572,CH003,P02,2025-06-21,2025-Q2,1,£14.99
T101573,CH003,P03,2025-12-26,2025-Q4,1,£11.99
T101574,CH003,P04,2025-09-23,2025-Q3,1,16.99
T101575,CH003,P02,2025-05-05,2025-Q2,1,£14.99
T101576,CH003,P01,2025-05-18,2025-Q2,1,£12.99
T101577,CH003,P01,2025-11-25,2025-Q4,2,£25.98
T101578,CH003,P04,2025-02-28,2025-Q1,1,£16.99
T101579,CH003,P03,2025-12-21,2025-Q4,1,£11.99
T101580,CH003,P04,2025-07-19,2025-Q3,1,16.99
T101581,CH003,P01,2025-12-05,2025-Q4,1,£12.99
T101582,CH003,P03,2025-04-04,2025-Q2,1,£11.99
T101583,CH003,P05,2025-03-23,2025-Q1,1,£15.99
T101584,CH003,P02,2025-02-10,2025-Q1,1,£15
T101585,CH003,P01,2025-10-11,2025-Q4,1,£12.99
T101586,CH003,P03,2025-03-20,2025-Q1,1,£11.99
T101587,CH003,P04,2025-12-11,2025-Q4,3,50.97
T101588,CH003,P01,2025-10-06,2025-Q4,1,£12.99
T101589,CH003,P04,2025-12-06,2025-Q4,1,£16.99
T101590,CH003,P02,2025-03-21,2025-Q1,1,£14.99
T101591,CH003,P03,2025-03-25,2025-Q1,2,£23.98
T101592,CH003,P04,2025-09-06,2025-Q3,1,£16.99
T101593,CH003,P04,2025-09-08,2025-Q3,1,£16.99
T101594,CH004,P01,2024-02-21,2024-Q1,2,£25.98
T101595,CH004,P02,2024-07-22,2024-Q3,3,£45
T101596,CH004,P05,2024-06-11,2024-Q2,1,£15.99
T101597,CH004,P02,2024-08-16,2024-Q3,3,£44.97
T101598,CH004,P04,2024-11-01,2024-Q4,1,£16.99
T101599,CH004,P02,2024-12-18,2024-Q4,1,£14.99
T101600,CH004,P04,2024-08-08,2024-Q3,1,16.99
T101601,CH004,P01,2024-03-09,2024-Q1,1,12.99
T101602,CH004,P06,2024-02-14,2024-Q1,2,£109.98
T101603,CH004,P02,2024-05-04,2024-Q2,1,£15
T101604,CH004,P05,2024-10-20,2024-Q4,1,£15.99
T101605,CH004,P01,2024-11-17,2024-Q4,1,£13
T101606,CH004,P01,2024-01-16,2024-Q1,1,£13
T101607,CH004,P02,2024-03-09,2024-Q1,2,£29.98
T101608,CH004,P02,2024-05-04,2024-Q2,2,29.98
T101609,CH004,P04,2024-04-23,2024-Q2,1,16.99
T101610,CH004,P03,2024-03-01,2024-Q1,2,£24
T101611,CH004,P01,2024-01-14,2024-Q1,1,£12.99
T101612,CH004,P03,2024-05-04,2024-Q2,1,11.99
T101613,CH004,P03,2024-03-17,2024-Q1,1,£11.99
T101614,CH004,P03,2024-10-14,2024-Q4,1,£11.99
T101615,CH004,P05,2024-12-20,2024-Q4,1,15.99
T101616,CH004,P01,2024-06-06,2024-Q2,2,£25.98
T101617,CH004,P06,2024-02-03,2024-Q1,1,£55
T101618,CH004,P02,2024-09-06,2024-Q3,2,£30
T101619,CH004,P04,2024-05-22,2024-Q2,1,£16.99
T101620,CH004,P02,2024-08-08,2024-Q3,1,£14.99
T101621,CH004,P05,2024-05-07,2024-Q2,2,£31.98
T101622,CH004,P02,2024-11-10,2024-Q4,1,14.99
T101623,CH004,P01,2024-06-11,2024-Q2,1,£12.99
T101624,CH004,P03,2024-06-05,2024-Q2,1,£12
T101625,CH004,P01,2024-02-16,2024-Q1,1,£13
T101626,CH004,P04,2024-06-14,2024-Q2,2,33.98
T101627,CH004,P01,2024-09-28,2024-Q3,1,£12.99
T101628,CH004,P02,2024-10-26,2024-Q4,2,£29.98
T101629,CH004,P02,2024-09-06,2024-Q3,1,£14.99
T101630,CH004,P02,2024-07-09,2024-Q3,2,£30
T101631,CH004,P04,2024-12-28,2024-Q4,1,£17
T101632,CH004,P01,2024-04-16,2024-Q2,3,£38.97
T101633,CH004,P05,2024-01-18,2024-Q1,3,£47.97
T101634,CH004,P05,2024-11-16,2024-Q4,1,£15.99
T101635,CH004,P03,2024-03-04,2024-Q1,1,£11.99
T101636,CH004,P02,2024-04-22,2024-Q2,1,14.99
T101637,CH004,P01,2024-07-25,2024-Q3,1,£13
T101638,CH004,P04,2024-07-26,2024-Q3,1,£16.99
T101639,CH004,P01,2024-11-01,2024-Q4,1,£12.99
T101640,CH004,P02,2024-11-03,2024-Q4,1,14.99
T101641,CH004,P01,2024-04-03,2024-Q2,2,25.98
T101642,CH004,P01,2024-11-03,2024-Q4,1,£12.99
T101643,CH004,P03,2024-02-28,2024-Q1,1,£11.99
T101644,CH004,P05,2024-02-12,2024-Q1,1,£15.99
T101645,CH004,P01,2024-01-22,2024-Q1,2,£26
T101646,CH004,P05,2024-05-13,2024-Q2,3,£47.97
T101647,CH004,P05,2024-11-21,2024-Q4,1,15.99
T101648,CH004,P01,2024-11-05,2024-Q4,2,£25.98
T101649,CH004,P02,2024-07-23,2024-Q3,2,£29.98
T101650,CH004,P04,2024-01-09,2024-Q1,1,16.99
T101651,CH004,P03,2024-06-11,2024-Q2,1,£12
T101652,CH004,P06,2024-08-28,2024-Q3,1,£55
T101653,CH004,P03,2024-12-03,2024-Q4,1,£11.99
T101654,CH004,P04,2024-10-05,2024-Q4,1,£16.99
T101655,CH004,P04,2024-03-04,2024-Q1,1,16.99
T101656,CH004,P01,2024-08-08,2024-Q3,1,12.99
T101657,CH004,P05,2024-09-25,2024-Q3,1,£16
T101658,CH004,P04,2024-11-07,2024-Q4,1,16.99
T101659,CH004,P05,2024-02-20,2024-Q1,1,£15.99
T101660,CH004,P01,2024-08-11,2024-Q3,1,£12.99
T101661,CH004,P06,2024-04-28,2024-Q2,1,£54.99
T101662,CH004,P03,2025-03-18,2025-Q1,1,11.99
T101663,CH004,P03,2025-03-24,2025-Q1,1,£11.99
T101664,CH004,P03,2025-02-25,2025-Q1,2,23.98
T101665,CH004,P02,2025-02-06,2025-Q1,1,£14.99
T101666,CH004,P03,2025-06-03,2025-Q2,2,£24
T101667,CH004,P03,2025-10-01,2025-Q4,1,11.99
T101668,CH004,P03,2025-04-07,2025-Q2,1,£11.99
T101669,CH004,P03,2025-05-01,2025-Q2,1,£11.99
T101670,CH004,P04,2025-12-13,2025-Q4,3,£50.97
T101671,CH004,P02,2025-09-27,2025-Q3,2,£29.98
T101672,CH004,P01,2025-11-03,2025-Q4,2,£25.98
T101673,CH004,P01,2025-06-04,2025-Q2,1,£12.99
T101674,CH004,P02,2025-09-13,2025-Q3,1,14.99
T101675,CH004,P01,2025-04-01,2025-Q2,2,£25.98
T101676,CH004,P06,2025-10-11,2025-Q4,1,£54.99
T101677,CH004,P01,2025-06-22,2025-Q2,1,£13
T101678,CH004,P01,2025-10-10,2025-Q4,2,£25.98
T101679,CH004,P06,2025-08-19,2025-Q3,2,109.98
T101680,CH004,P01,2025-03-05,2025-Q1,2,£25.98
T101681,CH004,P01,2025-07-04,2025-Q3,1,12.99
T101682,CH004,P03,2025-12-27,2025-Q4,1,£12
T101683,CH004,P04,2025-07-05,2025-Q3,1,£16.99
T101684,CH004,P06,2025-02-05,2025-Q1,3,£164.97
T101685,CH004,P05,2025-04-21,2025-Q2,1,15.99
T101686,CH004,P05,2025-10-23,2025-Q4,1,£15.99
T101687,CH004,P03,2025-01-22,2025-Q1,2,23.98
T101688,CH004,P03,2025-10-11,2025-Q4,1,£11.99
T101689,CH004,P03,2025-03-06,2025-Q1,1,£12
T101690,CH004,P01,2025-02-01,2025-Q1,1,12.99
T101691,CH004,P03,2025-11-15,2025-Q4,1,£11.99
T101692,CH004,P06,2025-05-05,2025-Q2,1,£55
T101693,CH004,P01,2025-12-17,2025-Q4,1,12.99
T101694,CH004,P05,2025-11-04,2025-Q4,1,£15.99
T101695,CH004,P02,2025-01-28,2025-Q1,1,£15
T101696,CH004,P03,2025-05-27,2025-Q2,2,£24
T101697,CH004,P05,2025-03-06,2025-Q1,2,£31.98
T101698,CH004,P03,2025-12-25,2025-Q4,1,11.99
T101699,CH004,P01,2025-01-24,2025-Q1,1,12.99
T101700,CH004,P02,2025-04-13,2025-Q2,2,£29.98
T101701,CH004,P01,2025-10-05,2025-Q4,1,£12.99
T101702,CH004,P02,2025-03-07,2025-Q1,1,£14.99
T101703,CH004,P05,2025-04-03,2025-Q2,1,£16
T101704,CH004,P01,2025-05-28,2025-Q2,1,£12.99
T101705,CH004,P01,2025-02-25,2025-Q1,1,£13
T101706,CH004,P02,2025-02-03,2025-Q1,1,£15
T101707,CH004,P01,2025-04-07,2025-Q2,1,£12.99
T101708,CH004,P03,2025-07-28,2025-Q3,1,11.99
T101709,CH004,P01,2025-05-06,2025-Q2,1,£13
T101710,CH004,P05,2025-08-27,2025-Q3,2,£31.98
T101711,CH004,P01,2025-11-19,2025-Q4,1,£12.99
T101712,CH004,P05,2025-12-15,2025-Q4,1,£15.99
T101713,CH004,P01,2025-03-05,2025-Q1,1,£13
T101714,CH004,P01,2025-08-11,2025-Q3,2,£26
T101715,CH004,P05,2025-12-09,2025-Q4,1,£15.99
T101716,CH004,P04,2025-07-02,2025-Q3,2,£33.98
T101717,CH004,P02,2025-01-08,2025-Q1,1,£14.99
T101718,CH004,P02,2025-11-02,2025-Q4,1,14.99
T101719,CH004,P03,2025-02-05,2025-Q1,1,11.99
T101720,CH004,P03,2025-11-10,2025-Q4,2,23.98
T101721,CH004,P01,2025-06-26,2025-Q2,1,£12.99
T101722,CH004,P03,2025-02-26,2025-Q1,1,£12
T101723,CH004,P01,2025-11-23,2025-Q4,3,£38.97
T101724,CH004,P04,2025-04-25,2025-Q2,2,£33.98
T101725,CH004,P03,2025-09-18,2025-Q3,1,11.99
T101726,CH004,P03,2025-04-10,2025-Q2,1,11.99
T101727,CH004,P04,2025-10-06,2025-Q4,2,33.98
T101728,CH004,P01,2025-03-28,2025-Q1,1,£12.99
T101729,CH004,P01,2025-08-03,2025-Q3,1,12.99
T101730,CH004,P01,2025-12-03,2025-Q4,3,38.97
T101731,CH004,P01,2025-05-11,2025-Q2,1,12.99
T101732,CH004,P04,2025-11-02,2025-Q4,3,£50.97
T101733,CH004,P02,2025-10-06,2025-Q4,1,£14.99
T101734,CH004,P03,2025-02-21,2025-Q1,1,11.99
T101735,CH004,P05,2025-05-26,2025-Q2,2,31.98
T101736,CH004,P03,2025-03-24,2025-Q1,1,£11.99
T101737,CH004,P02,2025-10-02,2025-Q4,1,£14.99
T101738,CH004,P03,2025-07-04,2025-Q3,1,£11.99
T101739,CH004,P02,2025-10-27,2025-Q4,3,44.97
T101740,CH004,P02,2025-07-28,2025-Q3,1,14.99
T101741,CH004,P04,2025-08-11,2025-Q3,1,£17
T101742,CH004,P04,2025-02-07,2025-Q1,1,£17
T101743,CH004,P06,2025-06-09,2025-Q2,2,£110
T101744,CH005,P01,2024-03-08,2024-Q1,1,£13
T101745,CH005,P01,2024-12-21,2024-Q4,2,25.98
T101746,CH005,P03,2024-12-26,2024-Q4,1,£11.99
T101747,CH005,P05,2024-04-06,2024-Q2,1,£16
T101748,CH005,P01,2024-06-03,2024-Q2,1,12.99
T101749,CH005,P04,2024-12-19,2024-Q4,1,£16.99
T101750,CH005,P03,2024-01-14,2024-Q1,1,£11.99
T101751,CH005,P01,2024-01-11,2024-Q1,1,£12.99
T101752,CH005,P02,2024-07-28,2024-Q3,1,£14.99
T101753,CH005,P01,2024-12-12,2024-Q4,1,12.99
T101754,CH005,P02,2024-06-23,2024-Q2,2,£29.98
T101755,CH005,P03,2024-11-25,2024-Q4,1,£11.99
T101756,CH005,P04,2024-05-20,2024-Q2,1,£16.99
T101757,CH005,P01,2024-05-05,2024-Q2,2,25.98
T101758,CH005,P01,2024-01-18,2024-Q1,1,12.99
T101759,CH005,P01,2024-09-03,2024-Q3,1,12.99
T101760,CH005,P02,2024-12-01,2024-Q4,1,£14.99
T101761,CH005,P02,2024-03-06,2024-Q1,2,£30
T101762,CH005,P02,2024-07-24,2024-Q3,1,£14.99
T101763,CH005,P01,2024-11-20,2024-Q4,1,£13
T101764,CH005,P05,2024-05-10,2024-Q2,3,47.97
T101765,CH005,P05,2024-07-25,2024-Q3,1,£15.99
T101766,CH005,P04,2024-10-20,2024-Q4,1,£16.99
T101767,CH005,P03,2024-02-22,2024-Q1,2,23.98
T101768,CH005,P05,2024-06-01,2024-Q2,1,£15.99
T101769,CH005,P02,2024-01-18,2024-Q1,1,14.99
T101770,CH005,P02,2024-03-15,2024-Q1,2,£29.98
T101771,CH005,P01,2024-01-27,2024-Q1,2,£25.98
T101772,CH005,P01,2024-11-28,2024-Q4,2,£25.98
T101773,CH005,P04,2024-03-19,2024-Q1,2,£33.98
T101774,CH005,P04,2024-03-01,2024-Q1,2,£33.98
T101775,CH005,P05,2024-08-11,2024-Q3,3,47.97
T101776,CH005,P01,2024-08-09,2024-Q3,1,£12.99
T101777,CH005,P03,2024-09-11,2024-Q3,1,£11.99
T101778,CH005,P03,2024-06-18,2024-Q2,1,£11.99
T101779,CH005,P03,2024-07-04,2024-Q3,1,£11.99
T101780,CH005,P04,2024-03-18,2024-Q1,1,£17
T101781,CH005,P03,2024-04-12,2024-Q2,1,£12
T101782,CH005,P02,2024-06-07,2024-Q2,1,£14.99
T101783,CH005,P05,2024-09-18,2024-Q3,1,£16
T101784,CH005,P05,2024-10-06,2024-Q4,1,£15.99
T101785,CH005,P01,2024-07-17,2024-Q3,3,£38.97
T101786,CH005,P02,2024-05-04,2024-Q2,1,14.99
T101787,CH005,P01,2024-08-07,2024-Q3,1,£12.99
T101788,CH005,P01,2024-12-04,2024-Q4,1,£12.99
T101789,CH005,P05,2024-06-24,2024-Q2,1,£15.99
T101790,CH005,P04,2024-06-14,2024-Q2,1,£16.99
T101791,CH005,P02,2024-06-08,2024-Q2,2,£29.98
T101792,CH005,P06,2024-10-14,2024-Q4,2,£109.98
T101793,CH005,P02,2024-12-04,2024-Q4,2,29.98
T101794,CH005,P03,2024-07-20,2024-Q3,2,£23.98
T101795,CH005,P01,2024-05-20,2024-Q2,1,£12.99
T101796,CH005,P01,2024-08-15,2024-Q3,2,£25.98
T101797,CH005,P03,2024-02-14,2024-Q1,1,£12
T101798,CH005,P03,2024-04-19,2024-Q2,1,£11.99
T101799,CH005,P06,2024-07-25,2024-Q3,3,164.97
T101800,CH005,P02,2024-01-10,2024-Q1,1,14.99
T101801,CH005,P05,2024-07-25,2024-Q3,1,£16
T101802,CH005,P03,2024-05-10,2024-Q2,1,£11.99
T101803,CH005,P03,2024-08-18,2024-Q3,1,£12
T101804,CH005,P01,2024-03-15,2024-Q1,2,£26
T101805,CH005,P02,2024-03-28,2024-Q1,1,£14.99
T101806,CH005,P04,2024-02-14,2024-Q1,1,£16.99
T101807,CH005,P02,2024-08-01,2024-Q3,1,£14.99
T101808,CH005,P03,2024-04-21,2024-Q2,1,£11.99
T101809,CH005,P05,2024-08-08,2024-Q3,1,15.99
T101810,CH005,P02,2024-04-23,2024-Q2,1,£14.99
T101811,CH005,P02,2024-06-06,2024-Q2,1,£15
T101812,CH005,P05,2024-02-28,2024-Q1,1,15.99
T101813,CH005,P04,2024-04-12,2024-Q2,1,£16.99
T101814,CH005,P04,2024-12-13,2024-Q4,1,£17
T101815,CH005,P03,2024-08-13,2024-Q3,1,£11.99
T101816,CH005,P04,2024-01-13,2024-Q1,1,16.99
T101817,CH005,P03,2024-01-28,2024-Q1,1,£11.99
T101818,CH005,P03,2024-05-07,2024-Q2,2,23.98
T101819,CH005,P01,2024-09-04,2024-Q3,1,£13
T101820,CH005,P03,2024-04-09,2024-Q2,1,11.99
T101821,CH005,P02,2024-06-01,2024-Q2,2,£30
T101822,CH005,P04,2024-06-14,2024-Q2,1,16.99
T101823,CH005,P03,2024-10-03,2024-Q4,1,£12
T101824,CH005,P02,2024-04-05,2024-Q2,1,£14.99
T101825,CH005,P01,2025-03-11,2025-Q1,1,£13
T101826,CH005,P01,2025-01-11,2025-Q1,1,£12.99
T101827,CH005,P01,2025-04-04,2025-Q2,2,£25.98
T101828,CH005,P02,2025-10-05,2025-Q4,3,£45
T101829,CH005,P03,2025-01-07,2025-Q1,1,£11.99
T101830,CH005,P01,2025-02-09,2025-Q1,1,12.99
T101831,CH005,P03,2025-11-03,2025-Q4,1,£11.99
T101832,CH005,P02,2025-06-04,2025-Q2,1,£14.99
T101833,CH005,P01,2025-01-11,2025-Q1,1,£12.99
T101834,CH005,P03,2025-01-03,2025-Q1,1,£11.99
T101835,CH005,P02,2025-11-25,2025-Q4,1,£14.99
T101836,CH005,P01,2025-08-26,2025-Q3,1,£13
T101837,CH005,P03,2025-04-11,2025-Q2,2,£23.98
T101838,CH005,P01,2025-10-06,2025-Q4,1,£12.99
T101839,CH005,P04,2025-11-08,2025-Q4,1,£17
T101840,CH005,P03,2025-09-13,2025-Q3,2,£23.98
T101841,CH005,P01,2025-03-17,2025-Q1,2,£26
T101842,CH005,P05,2025-02-09,2025-Q1,1,£15.99
T101843,CH005,P01,2025-06-18,2025-Q2,1,£12.99
T101844,CH005,P03,2025-04-03,2025-Q2,1,£12
T101845,CH005,P03,2025-01-09,2025-Q1,2,£23.98
T101846,CH005,P03,2025-04-12,2025-Q2,1,11.99
T101847,CH005,P04,2025-02-04,2025-Q1,2,33.98
T101848,CH005,P05,2025-10-17,2025-Q4,1,£16
T101849,CH005,P06,2025-06-05,2025-Q2,1,£54.99
T101850,CH005,P01,2025-01-03,2025-Q1,1,£13
T101851,CH005,P03,2025-09-28,2025-Q3,1,£12
T101852,CH005,P01,2025-05-27,2025-Q2,1,£12.99
T101853,CH005,P05,2025-06-16,2025-Q2,1,15.99
T101854,CH005,P03,2025-01-03,2025-Q1,1,11.99
T101855,CH005,P01,2025-07-21,2025-Q3,1,£12.99
T101856,CH005,P01,2025-03-05,2025-Q1,2,£25.98
T101857,CH005,P05,2025-06-16,2025-Q2,2,£31.98
T101858,CH005,P04,2025-05-22,2025-Q2,1,£16.99
T101859,CH005,P02,2025-01-05,2025-Q1,1,£15
T101860,CH005,P01,2025-05-27,2025-Q2,1,£12.99
T101861,CH005,P06,2025-04-05,2025-Q2,1,54.99
T101862,CH005,P04,2025-07-08,2025-Q3,1,£17
T101863,CH005,P03,2025-11-06,2025-Q4,1,£11.99
T101864,CH005,P02,2025-02-03,2025-Q1,2,£29.98
T101865,CH005,P02,2025-01-19,2025-Q1,1,£14.99
T101866,CH005,P03,2025-10-03,2025-Q4,2,£23.98
T101867,CH005,P01,2025-07-15,2025-Q3,1,£12.99
T101868,CH005,P02,2025-03-22,2025-Q1,3,£44.97
T101869,CH005,P01,2025-02-20,2025-Q1,1,£12.99
T101870,CH005,P05,2025-01-17,2025-Q1,1,£15.99
T101871,CH005,P01,2025-03-15,2025-Q1,1,12.99
T101872,CH005,P06,2025-10-07,2025-Q4,1,54.99
T101873,CH005,P02,2025-02-17,2025-Q1,1,14.99
T101874,CH005,P04,2025-02-22,2025-Q1,1,£17
T101875,CH005,P01,2025-02-03,2025-Q1,1,£12.99
T101876,CH005,P02,2025-12-16,2025-Q4,1,£14.99
T101877,CH005,P04,2025-01-28,2025-Q1,1,£16.99
T101878,CH005,P01,2025-09-28,2025-Q3,2,£25.98
T101879,CH005,P01,2025-04-20,2025-Q2,3,£38.97
T101880,CH005,P03,2025-11-02,2025-Q4,1,£12
T101881,CH005,P02,2025-11-10,2025-Q4,1,£15
T101882,CH005,P05,2025-08-10,2025-Q3,1,15.99
T101883,CH005,P04,2025-12-25,2025-Q4,2,£33.98
T101884,CH005,P01,2025-10-03,2025-Q4,1,£12.99
T101885,CH005,P02,2025-10-19,2025-Q4,3,£45
T101886,CH005,P02,2025-02-20,2025-Q1,1,£14.99
T101887,CH005,P02,2025-01-21,2025-Q1,2,£30
T101888,CH005,P03,2025-07-25,2025-Q3,3,£35.97
T101889,CH005,P06,2025-02-22,2025-Q1,1,£54.99
T101890,CH005,P01,2025-12-17,2025-Q4,1,£12.99
T101891,CH005,P01,2025-08-13,2025-Q3,1,£12.99
T101892,CH005,P02,2025-01-02,2025-Q1,1,£14.99
T101893,CH005,P01,2025-10-26,2025-Q4,1,£13
T101894,CH005,P02,2025-04-14,2025-Q2,3,£44.97
T101895,CH005,P01,2025-01-23,2025-Q1,1,12.99
T101896,CH005,P05,2025-02-13,2025-Q1,1,£15.99
T101897,CH005,P01,2025-07-22,2025-Q3,1,£12.99
T101898,CH005,P05,2025-11-23,2025-Q4,1,15.99
T101899,CH005,P02,2025-10-09,2025-Q4,1,£15
T101900,CH005,P02,2025-03-18,2025-Q1,1,£15
T101901,CH005,P02,2025-07-16,2025-Q3,2,£29.98
T101902,CH005,P02,2025-09-15,2025-Q3,1,£15
T101903,CH005,P03,2025-02-06,2025-Q1,1,£11.99
T101904,CH005,P03,2025-07-25,2025-Q3,1,11.99
T101905,CH005,P01,2025-07-15,2025-Q3,1,12.99
T101906,CH005,P03,2025-04-14,2025-Q2,2,23.98
T101907,CH005,P06,2025-01-15,2025-Q1,1,54.99
T101908,CH005,P04,2025-07-09,2025-Q3,1,£16.99
T101909,CH005,P05,2025-04-07,2025-Q2,1,15.99
T101910,CH005,P03,2025-01-24,2025-Q1,1,£11.99
T101911,CH005,P05,2025-02-26,2025-Q1,2,£32
T101912,CH005,P04,2025-10-07,2025-Q4,1,£16.99
T101913,CH005,P03,2025-01-19,2025-Q1,1,£11.99
T101914,CH005,P03,2025-11-13,2025-Q4,1,£11.99
T101915,CH005,P01,2025-06-18,2025-Q2,2,25.98
T101916,CH005,P01,2025-08-20,2025-Q3,2,£25.98
T101917,CH005,P03,2025-11-03,2025-Q4,1,£11.99
T101918,CH005,P01,2025-07-02,2025-Q3,2,£25.98
T101919,CH005,P03,2025-11-09,2025-Q4,2,23.98
T101920,CH005,P01,2025-08-16,2025-Q3,1,12.99
T101921,CH005,P01,2025-08-02,2025-Q3,1,£13
T101922,CH005,P01,2025-05-16,2025-Q2,2,£25.98
T101923,CH005,P02,2025-02-28,2025-Q1,1,14.99
T101924,CH005,P05,2025-05-12,2025-Q2,1,£16
T101925,CH005,P06,2025-09-02,2025-Q3,1,54.99
T101926,CH005,P04,2025-06-15,2025-Q2,1,£16.99
T101927,CH006,P04,2024-08-05,2024-Q3,3,£51
T101928,CH006,P02,2024-03-19,2024-Q1,1,£14.99
T101929,CH006,P04,2024-02-23,2024-Q1,1,£16.99
T101930,CH006,P03,2024-12-27,2024-Q4,2,£23.98
T101931,CH006,P02,2024-09-26,2024-Q3,1,£14.99
T101932,CH006,P01,2024-02-28,2024-Q1,1,12.99
T101933,CH006,P02,2024-12-18,2024-Q4,2,£29.98
T101934,CH006,P06,2024-12-24,2024-Q4,2,£109.98
T101935,CH006,P05,2024-07-06,2024-Q3,1,£15.99
T101936,CH006,P01,2024-11-20,2024-Q4,1,£12.99
T101937,CH006,P01,2024-03-17,2024-Q1,1,£12.99
T101938,CH006,P01,2024-06-16,2024-Q2,2,£25.98
T101939,CH006,P01,2024-08-01,2024-Q3,1,£12.99
T101940,CH006,P02,2024-05-25,2024-Q2,1,£14.99
T101941,CH006,P01,2024-12-16,2024-Q4,1,£12.99
T101942,CH006,P03,2024-07-24,2024-Q3,1,11.99
T101943,CH006,P02,2024-10-12,2024-Q4,1,14.99
T101944,CH006,P03,2024-07-11,2024-Q3,1,£11.99
T101945,CH006,P04,2024-01-28,2024-Q1,1,£17
T101946,CH006,P01,2024-04-13,2024-Q2,2,25.98
T101947,CH006,P05,2024-07-13,2024-Q3,1,£16
T101948,CH006,P04,2024-03-04,2024-Q1,1,£16.99
T101949,CH006,P05,2024-06-13,2024-Q2,1,£16
T101950,CH006,P01,2024-04-12,2024-Q2,1,£12.99
T101951,CH006,P03,2024-04-28,2024-Q2,1,£12
T101952,CH006,P04,2024-10-27,2024-Q4,2,£33.98
T101953,CH006,P02,2024-12-09,2024-Q4,1,£14.99
T101954,CH006,P02,2024-01-07,2024-Q1,1,14.99
T101955,CH006,P01,2024-08-17,2024-Q3,1,£12.99
T101956,CH006,P01,2024-12-05,2024-Q4,1,12.99
T101957,CH006,P02,2024-04-02,2024-Q2,1,£14.99
T101958,CH006,P02,2024-10-28,2024-Q4,1,£14.99
T101959,CH006,P06,2024-04-03,2024-Q2,3,£164.97
T101960,CH006,P01,2024-06-23,2024-Q2,1,12.99
T101961,CH006,P04,2024-08-09,2024-Q3,1,£16.99
T101962,CH006,P02,2024-01-10,2024-Q1,2,£29.98
T101963,CH006,P01,2024-01-22,2024-Q1,1,12.99
T101964,CH006,P01,2024-05-18,2024-Q2,1,12.99
T101965,CH006,P04,2024-07-16,2024-Q3,1,£16.99
T101966,CH006,P01,2024-02-05,2024-Q1,1,£12.99
T101967,CH006,P01,2024-05-11,2024-Q2,2,£25.98
T101968,CH006,P03,2024-07-20,2024-Q3,1,£11.99
T101969,CH006,P04,2024-01-20,2024-Q1,2,£33.98
T101970,CH006,P03,2024-02-05,2024-Q1,2,£24
T101971,CH006,P04,2024-03-16,2024-Q1,3,£50.97
T101972,CH006,P05,2024-06-20,2024-Q2,1,£15.99
T101973,CH006,P01,2024-06-08,2024-Q2,1,£12.99
T101974,CH006,P01,2024-03-24,2024-Q1,2,£25.98
T101975,CH006,P05,2024-06-09,2024-Q2,1,£15.99
T101976,CH006,P03,2024-09-02,2024-Q3,1,£11.99
T101977,CH006,P01,2024-11-15,2024-Q4,1,12.99
T101978,CH006,P01,2024-09-18,2024-Q3,2,25.98
T101979,CH006,P05,2024-07-13,2024-Q3,1,£15.99
T101980,CH006,P02,2024-11-18,2024-Q4,1,£14.99
T101981,CH006,P02,2024-11-21,2024-Q4,1,14.99
T101982,CH006,P04,2024-06-09,2024-Q2,2,33.98
T101983,CH006,P01,2024-02-05,2024-Q1,1,£13
T101984,CH006,P03,2024-09-15,2024-Q3,1,£12
T101985,CH006,P04,2024-02-19,2024-Q1,2,£33.98
T101986,CH006,P02,2024-01-01,2024-Q1,1,£14.99
T101987,CH006,P06,2024-04-16,2024-Q2,2,109.98
T101988,CH006,P03,2025-11-24,2025-Q4,1,£12
T101989,CH006,P01,2025-08-01,2025-Q3,1,£12.99
T101990,CH006,P04,2025-05-14,2025-Q2,1,£17
T101991,CH006,P05,2025-05-12,2025-Q2,1,15.99
T101992,CH006,P02,2025-11-11,2025-Q4,1,£14.99
T101993,CH006,P05,2025-02-09,2025-Q1,2,31.98
T101994,CH006,P03,2025-12-19,2025-Q4,1,11.99
T101995,CH006,P05,2025-03-16,2025-Q1,1,£15.99
T101996,CH006,P03,2025-04-07,2025-Q2,2,23.98
T101997,CH006,P04,2025-05-11,2025-Q2,1,16.99
T101998,CH006,P04,2025-11-21,2025-Q4,1,£16.99
T101999,CH006,P03,2025-09-10,2025-Q3,1,£11.99
T102000,CH006,P01,2025-12-14,2025-Q4,3,38.97
T102001,CH006,P03,2025-02-28,2025-Q1,1,11.99
T102002,CH006,P01,2025-07-10,2025-Q3,1,£12.99
T102003,CH006,P01,2025-08-08,2025-Q3,1,£12.99
T102004,CH006,P01,2025-09-28,2025-Q3,1,£12.99
T102005,CH006,P02,2025-11-19,2025-Q4,3,£44.97
T102006,CH006,P02,2025-05-27,2025-Q2,2,£29.98
T102007,CH006,P01,2025-05-12,2025-Q2,1,12.99
T102008,CH006,P04,2025-05-01,2025-Q2,1,£16.99
T102009,CH006,P01,2025-12-05,2025-Q4,1,£12.99
T102010,CH006,P02,2025-01-07,2025-Q1,2,£29.98
T102011,CH006,P02,2025-03-15,2025-Q1,1,£14.99
T102012,CH006,P05,2025-10-21,2025-Q4,2,31.98
T102013,CH006,P02,2025-06-03,2025-Q2,3,£44.97
T102014,CH006,P01,2025-11-01,2025-Q4,3,£38.97
T102015,CH006,P01,2025-07-12,2025-Q3,1,£12.99
T102016,CH006,P01,2025-06-20,2025-Q2,2,25.98
T102017,CH006,P05,2025-12-16,2025-Q4,1,£15.99
T102018,CH006,P06,2025-02-23,2025-Q1,1,54.99
T102019,CH006,P01,2025-12-05,2025-Q4,1,12.99
T102020,CH006,P06,2025-03-12,2025-Q1,1,£54.99
T102021,CH006,P02,2025-09-07,2025-Q3,1,£14.99
T102022,CH006,P02,2025-04-18,2025-Q2,3,44.97
T102023,CH006,P03,2025-11-02,2025-Q4,1,11.99
T102024,CH006,P01,2025-05-01,2025-Q2,1,£12.99
T102025,CH006,P02,2025-07-03,2025-Q3,1,14.99
T102026,CH006,P01,2025-09-01,2025-Q3,1,£12.99
T102027,CH006,P03,2025-06-21,2025-Q2,3,£35.97
T102028,CH006,P01,2025-01-01,2025-Q1,1,£13
T102029,CH006,P01,2025-05-04,2025-Q2,2,£25.98
T102030,CH006,P01,2025-01-14,2025-Q1,1,£13
T102031,CH006,P02,2025-11-15,2025-Q4,1,£14.99
T102032,CH006,P05,2025-07-25,2025-Q3,1,£16
T102033,CH006,P02,2025-05-13,2025-Q2,1,£14.99
T102034,CH006,P02,2025-09-05,2025-Q3,1,14.99
T102035,CH006,P04,2025-05-22,2025-Q2,2,£33.98
T102036,CH006,P04,2025-09-11,2025-Q3,2,£33.98
T102037,CH006,P03,2025-12-24,2025-Q4,1,11.99
T102038,CH006,P05,2025-11-25,2025-Q4,1,£15.99
T102039,CH006,P02,2025-03-10,2025-Q1,1,£14.99
T102040,CH006,P05,2025-11-21,2025-Q4,1,£15.99
T102041,CH006,P06,2025-02-05,2025-Q1,1,£55
T102042,CH006,P03,2025-10-25,2025-Q4,2,£23.98
T102043,CH006,P02,2025-09-14,2025-Q3,3,£45
T102044,CH006,P05,2025-06-03,2025-Q2,2,£32
T102045,CH006,P03,2025-10-16,2025-Q4,1,11.99
T102046,CH006,P01,2025-01-03,2025-Q1,2,25.98
T102047,CH006,P04,2025-08-09,2025-Q3,1,£16.99
T102048,CH006,P01,2025-01-06,2025-Q1,1,£12.99
T102049,CH006,P05,2025-03-17,2025-Q1,1,£15.99
T102050,CH006,P02,2025-04-13,2025-Q2,2,£29.98
T102051,CH006,P02,2025-01-20,2025-Q1,1,£14.99
T102052,CH006,P02,2025-08-25,2025-Q3,1,£15
T102053,CH006,P04,2025-08-17,2025-Q3,1,£16.99
T102054,CH006,P01,2025-10-25,2025-Q4,1,£12.99
T102055,CH006,P05,2025-06-02,2025-Q2,3,47.97
T102056,CH006,P03,2025-01-19,2025-Q1,1,£11.99
T102057,CH006,P02,2025-04-12,2025-Q2,1,£14.99
T102058,CH006,P03,2025-07-16,2025-Q3,3,35.97
T102059,CH006,P05,2025-11-22,2025-Q4,1,£15.99
T102060,CH006,P03,2025-04-22,2025-Q2,1,£11.99
T102061,CH006,P04,2025-05-02,2025-Q2,1,16.99
T102062,CH006,P05,2025-06-15,2025-Q2,1,£15.99
T102063,CH006,P03,2025-11-09,2025-Q4,1,£11.99
T102064,CH006,P03,2025-06-25,2025-Q2,2,23.98
T102065,CH006,P02,2025-09-24,2025-Q3,3,£44.97
T102066,CH006,P05,2025-07-01,2025-Q3,1,£15.99
T102067,CH006,P01,2025-02-17,2025-Q1,1,£13
T102068,CH007,P01,2024-09-18,2024-Q3,1,£12.99
T102069,CH007,P03,2024-07-13,2024-Q3,1,£11.99
T102070,CH007,P03,2024-04-22,2024-Q2,1,11.99
T102071,CH007,P01,2024-01-19,2024-Q1,1,£12.99
T102072,CH007,P01,2024-05-18,2024-Q2,1,£12.99
T102073,CH007,P06,2024-09-19,2024-Q3,1,£54.99
T102074,CH007,P01,2024-02-06,2024-Q1,1,£12.99
T102075,CH007,P02,2024-11-12,2024-Q4,1,£15
T102076,CH007,P04,2024-04-05,2024-Q2,1,£16.99
T102077,CH007,P05,2024-09-15,2024-Q3,1,15.99
T102078,CH007,P03,2024-02-24,2024-Q1,1,£11.99
T102079,CH007,P01,2024-06-24,2024-Q2,1,£12.99
T102080,CH007,P05,2024-10-17,2024-Q4,1,£15.99
T102081,CH007,P04,2024-01-06,2024-Q1,1,16.99
T102082,CH007,P05,2024-09-18,2024-Q3,1,£16
T102083,CH007,P04,2024-03-16,2024-Q1,1,£16.99
T102084,CH007,P03,2024-03-19,2024-Q1,2,£24
T102085,CH007,P05,2024-01-07,2024-Q1,1,£15.99
T102086,CH007,P01,2024-02-20,2024-Q1,1,£12.99
T102087,CH007,P05,2024-04-14,2024-Q2,1,£16
T102088,CH007,P01,2024-06-27,2024-Q2,1,£12.99
T102089,CH007,P03,2024-04-18,2024-Q2,1,£12
T102090,CH007,P03,2024-07-15,2024-Q3,1,11.99
T102091,CH007,P01,2024-08-18,2024-Q3,1,£12.99
T102092,CH007,P03,2024-12-20,2024-Q4,1,£12
T102093,CH007,P01,2024-03-20,2024-Q1,3,38.97
T102094,CH007,P03,2024-08-25,2024-Q3,1,£11.99
T102095,CH007,P04,2024-01-08,2024-Q1,1,16.99
T102096,CH007,P03,2024-02-26,2024-Q1,1,£11.99
T102097,CH007,P03,2024-11-02,2024-Q4,1,11.99
T102098,CH007,P01,2024-08-15,2024-Q3,1,12.99
T102099,CH007,P02,2024-02-13,2024-Q1,2,£29.98
T102100,CH007,P01,2024-09-11,2024-Q3,1,£12.99
T102101,CH007,P05,2024-05-24,2024-Q2,1,£16
T102102,CH007,P01,2024-08-09,2024-Q3,1,£12.99
T102103,CH007,P01,2024-12-15,2024-Q4,2,£25.98
T102104,CH007,P01,2024-12-09,2024-Q4,3,£38.97
T102105,CH007,P02,2024-12-28,2024-Q4,1,£14.99
T102106,CH007,P02,2024-07-04,2024-Q3,1,£14.99
T102107,CH007,P02,2024-12-16,2024-Q4,1,£15
T102108,CH007,P01,2024-08-13,2024-Q3,1,£12.99
T102109,CH007,P02,2024-03-27,2024-Q1,1,14.99
T102110,CH007,P03,2024-04-21,2024-Q2,1,11.99
T102111,CH007,P01,2024-01-18,2024-Q1,2,£26
T102112,CH007,P05,2024-10-02,2024-Q4,1,£15.99
T102113,CH007,P03,2024-12-11,2024-Q4,1,11.99
T102114,CH007,P02,2024-09-25,2024-Q3,1,£15
T102115,CH007,P01,2024-12-20,2024-Q4,1,12.99
T102116,CH007,P01,2024-03-23,2024-Q1,1,£12.99
T102117,CH007,P04,2024-08-26,2024-Q3,2,£33.98
T102118,CH007,P01,2024-10-11,2024-Q4,1,£12.99
T102119,CH007,P01,2024-12-17,2024-Q4,2,25.98
T102120,CH007,P05,2024-08-08,2024-Q3,1,15.99
T102121,CH007,P03,2024-11-20,2024-Q4,1,11.99
T102122,CH007,P05,2024-01-16,2024-Q1,1,15.99
T102123,CH007,P02,2024-06-24,2024-Q2,1,£15
T102124,CH007,P04,2024-09-22,2024-Q3,1,£17
T102125,CH007,P03,2024-08-21,2024-Q3,2,£23.98
T102126,CH007,P02,2024-01-28,2024-Q1,2,29.98
T102127,CH007,P01,2024-01-18,2024-Q1,1,£12.99
T102128,CH007,P02,2024-08-22,2024-Q3,1,£14.99
T102129,CH007,P04,2024-08-22,2024-Q3,3,50.97
T102130,CH007,P03,2024-10-10,2024-Q4,2,£24
T102131,CH007,P04,2024-02-09,2024-Q1,2,33.98
T102132,CH007,P03,2024-12-17,2024-Q4,1,£11.99
T102133,CH007,P02,2024-01-16,2024-Q1,1,14.99
T102134,CH007,P01,2024-05-10,2024-Q2,1,12.99
T102135,CH007,P05,2024-08-21,2024-Q3,1,£15.99
T102136,CH007,P01,2024-10-22,2024-Q4,2,£25.98
T102137,CH007,P04,2024-07-15,2024-Q3,3,50.97
T102138,CH007,P01,2024-10-16,2024-Q4,1,12.99
T102139,CH007,P03,2024-06-20,2024-Q2,1,11.99
T102140,CH007,P02,2024-06-01,2024-Q2,1,£14.99
T102141,CH007,P01,2024-01-25,2024-Q1,2,£25.98
T102142,CH007,P01,2024-10-12,2024-Q4,1,£13
T102143,CH007,P02,2024-05-24,2024-Q2,3,£45
T102144,CH007,P03,2024-03-12,2024-Q1,1,£12
T102145,CH007,P06,2024-07-02,2024-Q3,2,£109.98
T102146,CH007,P02,2024-02-20,2024-Q1,1,£15
T102147,CH007,P04,2024-08-15,2024-Q3,1,£16.99
T102148,CH007,P04,2024-10-28,2024-Q4,1,£16.99
T102149,CH007,P02,2024-07-27,2024-Q3,1,14.99
T102150,CH007,P03,2024-02-26,2024-Q1,3,£35.97
T102151,CH007,P02,2024-04-17,2024-Q2,1,£14.99
T102152,CH007,P05,2024-08-14,2024-Q3,1,£15.99
T102153,CH007,P01,2024-02-17,2024-Q1,1,£12.99
T102154,CH007,P04,2024-08-11,2024-Q3,1,£17
T102155,CH007,P01,2024-03-12,2024-Q1,1,£12.99
T102156,CH007,P05,2024-12-10,2024-Q4,1,£16
T102157,CH007,P03,2024-05-13,2024-Q2,1,£11.99
T102158,CH007,P04,2024-06-25,2024-Q2,2,£33.98
T102159,CH007,P04,2024-07-27,2024-Q3,1,£16.99
T102160,CH007,P05,2024-10-03,2024-Q4,2,31.98
T102161,CH007,P04,2024-06-27,2024-Q2,1,16.99
T102162,CH007,P03,2024-12-14,2024-Q4,1,£11.99
T102163,CH007,P03,2024-10-23,2024-Q4,1,£11.99
T102164,CH007,P01,2024-11-03,2024-Q4,2,£26
T102165,CH007,P03,2024-10-24,2024-Q4,1,£11.99
T102166,CH007,P03,2024-09-01,2024-Q3,2,£23.98
T102167,CH007,P03,2024-07-23,2024-Q3,1,11.99
T102168,CH007,P04,2024-07-13,2024-Q3,1,£17
T102169,CH007,P03,2024-09-17,2024-Q3,1,11.99
T102170,CH007,P05,2024-11-19,2024-Q4,1,£15.99
T102171,CH007,P05,2024-07-05,2024-Q3,1,£16
T102172,CH007,P03,2024-05-10,2024-Q2,1,11.99
T102173,CH007,P04,2024-05-20,2024-Q2,1,£16.99
T102174,CH007,P03,2024-09-16,2024-Q3,1,£12
T102175,CH007,P02,2024-05-21,2024-Q2,2,£29.98
T102176,CH007,P04,2024-12-02,2024-Q4,1,16.99
T102177,CH007,P04,2024-02-18,2024-Q1,2,£34
T102178,CH007,P05,2024-12-19,2024-Q4,1,£16
T102179,CH007,P01,2024-12-26,2024-Q4,1,12.99
T102180,CH007,P03,2024-06-20,2024-Q2,3,£35.97
T102181,CH007,P06,2024-12-16,2024-Q4,2,£110
T102182,CH007,P01,2024-04-06,2024-Q2,1,£12.99
T102183,CH007,P05,2024-08-14,2024-Q3,1,£15.99
T102184,CH007,P03,2024-11-01,2024-Q4,2,23.98
T102185,CH007,P04,2024-05-18,2024-Q2,1,16.99
T102186,CH007,P02,2024-08-17,2024-Q3,3,£45
T102187,CH007,P01,2024-11-04,2024-Q4,1,£12.99
T102188,CH007,P05,2024-01-18,2024-Q1,2,£31.98
T102189,CH007,P05,2024-06-07,2024-Q2,1,£15.99
T102190,CH007,P04,2024-11-19,2024-Q4,3,50.97
T102191,CH007,P03,2024-06-03,2024-Q2,3,£35.97
T102192,CH007,P01,2024-04-15,2024-Q2,2,£25.98
T102193,CH007,P03,2024-08-11,2024-Q3,2,£24
T102194,CH007,P05,2024-06-18,2024-Q2,1,15.99
T102195,CH007,P01,2024-11-02,2024-Q4,2,£25.98
T102196,CH007,P04,2024-03-17,2024-Q1,1,£17
T102197,CH007,P01,2024-09-04,2024-Q3,3,38.97
T102198,CH007,P01,2024-01-16,2024-Q1,1,£12.99
T102199,CH007,P03,2024-01-28,2024-Q1,1,11.99
T102200,CH007,P06,2024-01-05,2024-Q1,1,£54.99
T102201,CH007,P01,2024-07-04,2024-Q3,2,£25.98
T102202,CH007,P02,2024-07-23,2024-Q3,2,£29.98
T102203,CH007,P02,2024-06-07,2024-Q2,1,£15
T102204,CH007,P01,2024-03-19,2024-Q1,1,£13
T102205,CH007,P03,2024-07-18,2024-Q3,2,23.98
T102206,CH007,P02,2024-01-02,2024-Q1,1,£14.99
T102207,CH007,P01,2024-04-10,2024-Q2,2,£26
T102208,CH007,P02,2024-09-16,2024-Q3,2,£29.98
T102209,CH007,P02,2024-01-07,2024-Q1,1,£14.99
T102210,CH007,P01,2024-01-08,2024-Q1,1,£12.99
T102211,CH007,P05,2024-02-14,2024-Q1,1,£15.99
T102212,CH007,P01,2024-01-08,2024-Q1,1,£13
T102213,CH007,P06,2024-01-27,2024-Q1,2,£109.98
T102214,CH007,P04,2024-05-10,2024-Q2,1,£16.99
T102215,CH007,P01,2024-11-01,2024-Q4,1,£12.99
T102216,CH007,P03,2024-03-06,2024-Q1,1,11.99
T102217,CH007,P01,2024-05-13,2024-Q2,1,12.99
T102218,CH007,P03,2024-06-03,2024-Q2,1,£12
T102219,CH007,P02,2024-02-28,2024-Q1,3,£44.97
T102220,CH007,P01,2024-03-27,2024-Q1,1,£12.99
T102221,CH007,P01,2024-11-09,2024-Q4,1,£13
T102222,CH007,P01,2024-05-17,2024-Q2,1,£12.99
T102223,CH007,P01,2024-02-19,2024-Q1,1,£12.99
T102224,CH007,P04,2024-09-28,2024-Q3,2,£33.98
T102225,CH007,P03,2024-02-08,2024-Q1,2,£23.98
T102226,CH007,P04,2024-04-11,2024-Q2,1,£17
T102227,CH007,P01,2024-09-10,2024-Q3,2,£25.98
T102228,CH007,P01,2024-11-26,2024-Q4,1,£12.99
T102229,CH007,P03,2024-02-21,2024-Q1,1,£11.99
T102230,CH007,P03,2024-03-12,2024-Q1,1,£11.99
T102231,CH007,P04,2024-02-26,2024-Q1,1,£16.99
T102232,CH007,P01,2024-11-25,2024-Q4,1,£13
T102233,CH007,P04,2024-01-11,2024-Q1,1,£16.99
T102234,CH007,P01,2024-07-12,2024-Q3,1,£12.99
T102235,CH007,P06,2024-11-20,2024-Q4,2,£110
T102236,CH007,P04,2024-12-03,2024-Q4,2,£33.98
T102237,CH007,P05,2024-10-15,2024-Q4,2,£31.98
T102238,CH007,P01,2024-04-13,2024-Q2,1,£13
T102239,CH007,P02,2024-01-05,2024-Q1,3,44.97
T102240,CH007,P03,2024-08-20,2024-Q3,1,£11.99
T102241,CH007,P01,2024-04-19,2024-Q2,1,£12.99
T102242,CH007,P04,2024-10-22,2024-Q4,1,16.99
T102243,CH007,P01,2024-10-14,2024-Q4,1,£12.99
T102244,CH007,P03,2024-11-26,2024-Q4,2,£23.98
T102245,CH007,P05,2024-06-14,2024-Q2,2,31.98
T102246,CH007,P02,2024-08-02,2024-Q3,1,£15
T102247,CH007,P01,2024-12-04,2024-Q4,1,£12.99
T102248,CH007,P03,2024-05-16,2024-Q2,1,£11.99
T102249,CH007,P01,2024-10-15,2024-Q4,1,12.99
T102250,CH007,P02,2024-01-01,2024-Q1,3,£44.97
T102251,CH007,P02,2024-03-09,2024-Q1,1,£14.99
T102252,CH007,P06,2024-01-01,2024-Q1,1,£54.99
T102253,CH007,P04,2024-12-03,2024-Q4,1,£16.99
T102254,CH007,P03,2024-07-19,2024-Q3,3,£35.97
T102255,CH007,P02,2024-12-05,2024-Q4,1,£14.99
T102256,CH007,P01,2024-10-11,2024-Q4,1,£12.99
T102257,CH007,P01,2024-02-28,2024-Q1,1,12.99
T102258,CH007,P05,2024-09-18,2024-Q3,1,£16
T102259,CH007,P03,2024-09-11,2024-Q3,2,£23.98
T102260,CH007,P03,2024-01-18,2024-Q1,2,23.98
T102261,CH007,P04,2024-07-12,2024-Q3,1,£16.99
T102262,CH007,P02,2024-11-10,2024-Q4,1,£15
T102263,CH007,P02,2024-12-14,2024-Q4,2,£29.98
T102264,CH007,P02,2024-06-23,2024-Q2,1,£14.99
T102265,CH007,P05,2024-08-10,2024-Q3,1,£15.99
T102266,CH007,P04,2024-11-10,2024-Q4,1,16.99
T102267,CH007,P01,2024-08-13,2024-Q3,2,£25.98
T102268,CH007,P05,2024-10-23,2024-Q4,1,£16
T102269,CH007,P04,2024-05-26,2024-Q2,2,£33.98
T102270,CH007,P01,2024-04-18,2024-Q2,2,£25.98
T102271,CH007,P04,2024-11-09,2024-Q4,2,£33.98
T102272,CH007,P02,2024-11-25,2024-Q4,1,14.99
T102273,CH007,P05,2024-01-02,2024-Q1,1,15.99
T102274,CH007,P01,2024-04-26,2024-Q2,2,£25.98
T102275,CH007,P05,2024-11-06,2024-Q4,1,£16
T102276,CH007,P01,2024-10-17,2024-Q4,2,25.98
T102277,CH007,P06,2024-07-06,2024-Q3,2,£109.98
T102278,CH007,P05,2024-05-10,2024-Q2,1,£15.99
T102279,CH007,P04,2024-09-26,2024-Q3,1,£16.99
T102280,CH007,P06,2024-03-13,2024-Q1,3,£164.97
T102281,CH007,P02,2024-09-23,2024-Q3,2,£29.98
T102282,CH007,P02,2024-03-26,2024-Q1,1,£14.99
T102283,CH007,P01,2024-03-07,2024-Q1,1,12.99
T102284,CH007,P03,2024-08-01,2024-Q3,2,23.98
T102285,CH007,P03,2024-10-17,2024-Q4,2,£23.98
T102286,CH007,P03,2024-10-23,2024-Q4,1,£11.99
T102287,CH007,P03,2024-07-19,2024-Q3,1,£11.99
T102288,CH007,P03,2024-09-17,2024-Q3,3,£35.97
T102289,CH007,P02,2024-08-25,2024-Q3,1,£14.99
T102290,CH007,P02,2024-03-18,2024-Q1,1,14.99
T102291,CH007,P03,2024-03-22,2024-Q1,3,£35.97
T102292,CH007,P01,2024-05-28,2024-Q2,1,£12.99
T102293,CH007,P04,2024-03-25,2024-Q1,1,£16.99
T102294,CH007,P02,2024-12-10,2024-Q4,2,£29.98
T102295,CH007,P05,2024-03-17,2024-Q1,1,£16
T102296,CH007,P02,2024-03-19,2024-Q1,1,£14.99
T102297,CH007,P01,2024-04-08,2024-Q2,2,£25.98
T102298,CH007,P02,2024-06-08,2024-Q2,2,£29.98
T102299,CH007,P05,2024-01-27,2024-Q1,1,£16
T102300,CH007,P01,2024-02-15,2024-Q1,1,£12.99
T102301,CH007,P04,2024-07-01,2024-Q3,1,£16.99
T102302,CH007,P03,2024-07-27,2024-Q3,1,£11.99
T102303,CH007,P01,2024-02-14,2024-Q1,2,25.98
T102304,CH007,P04,2024-10-11,2024-Q4,1,£16.99
T102305,CH007,P04,2025-06-26,2025-Q2,1,£16.99
T102306,CH007,P02,2025-01-07,2025-Q1,1,£14.99
T102307,CH007,P04,2025-04-28,2025-Q2,1,£16.99
T102308,CH007,P01,2025-06-03,2025-Q2,1,£12.99
T102309,CH007,P02,2025-02-09,2025-Q1,1,14.99
T102310,CH007,P03,2025-08-21,2025-Q3,3,£36
T102311,CH007,P01,2025-04-12,2025-Q2,3,38.97
T102312,CH007,P02,2025-04-03,2025-Q2,1,£14.99
T102313,CH007,P02,2025-02-24,2025-Q1,1,£15
T102314,CH007,P02,2025-01-27,2025-Q1,3,£44.97
T102315,CH007,P01,2025-11-09,2025-Q4,1,12.99
T102316,CH007,P01,2025-04-26,2025-Q2,1,£12.99
T102317,CH007,P02,2025-10-11,2025-Q4,2,£29.98
T102318,CH007,P01,2025-03-09,2025-Q1,2,£25.98
T102319,CH007,P05,2025-10-24,2025-Q4,1,15.99
T102320,CH007,P01,2025-08-23,2025-Q3,1,£12.99
T102321,CH007,P03,2025-11-02,2025-Q4,2,£23.98
T102322,CH007,P05,2025-08-19,2025-Q3,1,£16
T102323,CH007,P06,2025-04-02,2025-Q2,1,£55
T102324,CH007,P05,2025-06-05,2025-Q2,1,£15.99
T102325,CH007,P02,2025-06-26,2025-Q2,1,£15
T102326,CH007,P02,2025-01-01,2025-Q1,1,14.99
T102327,CH007,P02,2025-10-10,2025-Q4,1,£14.99
T102328,CH007,P05,2025-06-13,2025-Q2,1,15.99
T102329,CH007,P04,2025-03-21,2025-Q1,1,16.99
T102330,CH007,P06,2025-08-19,2025-Q3,3,£164.97
T102331,CH007,P03,2025-09-05,2025-Q3,1,11.99
T102332,CH007,P05,2025-11-23,2025-Q4,1,15.99
T102333,CH007,P02,2025-01-16,2025-Q1,2,29.98
T102334,CH007,P05,2025-06-06,2025-Q2,3,£48
T102335,CH007,P02,2025-11-01,2025-Q4,1,£15
T102336,CH007,P03,2025-12-02,2025-Q4,1,£11.99
T102337,CH007,P04,2025-04-04,2025-Q2,1,£17
T102338,CH007,P02,2025-04-06,2025-Q2,3,£44.97
T102339,CH007,P03,2025-11-02,2025-Q4,1,£11.99
T102340,CH007,P04,2025-10-16,2025-Q4,1,£16.99
T102341,CH007,P04,2025-01-07,2025-Q1,3,£50.97
T102342,CH007,P04,2025-10-06,2025-Q4,2,£33.98
T102343,CH007,P05,2025-06-10,2025-Q2,3,£48
T102344,CH007,P02,2025-06-04,2025-Q2,1,£14.99
T102345,CH007,P04,2025-05-25,2025-Q2,1,16.99
T102346,CH007,P03,2025-02-27,2025-Q1,2,£24
T102347,CH007,P01,2025-04-23,2025-Q2,1,£12.99
T102348,CH007,P01,2025-01-28,2025-Q1,1,£12.99
T102349,CH007,P03,2025-04-12,2025-Q2,1,11.99
T102350,CH007,P05,2025-08-27,2025-Q3,1,£15.99
T102351,CH007,P05,2025-07-03,2025-Q3,1,£15.99
T102352,CH007,P01,2025-04-19,2025-Q2,2,£25.98
T102353,CH007,P01,2025-06-22,2025-Q2,2,£25.98
T102354,CH007,P05,2025-02-05,2025-Q1,2,£31.98
T102355,CH007,P02,2025-03-23,2025-Q1,3,£45
T102356,CH007,P02,2025-03-19,2025-Q1,1,£15
T102357,CH007,P06,2025-01-15,2025-Q1,1,54.99
T102358,CH007,P02,2025-06-05,2025-Q2,2,£29.98
T102359,CH007,P03,2025-04-27,2025-Q2,2,23.98
T102360,CH007,P03,2025-08-10,2025-Q3,2,£23.98
T102361,CH007,P01,2025-04-13,2025-Q2,1,12.99
T102362,CH007,P01,2025-05-15,2025-Q2,2,£25.98
T102363,CH007,P03,2025-10-27,2025-Q4,2,£23.98
T102364,CH007,P02,2025-08-20,2025-Q3,2,29.98
T102365,CH007,P05,2025-08-26,2025-Q3,1,£15.99
T102366,CH007,P04,2025-09-17,2025-Q3,3,£51
T102367,CH007,P01,2025-05-08,2025-Q2,1,£12.99
T102368,CH007,P06,2025-10-13,2025-Q4,1,£54.99
T102369,CH007,P02,2025-08-14,2025-Q3,1,£14.99
T102370,CH007,P02,2025-08-26,2025-Q3,1,14.99
T102371,CH007,P06,2025-02-27,2025-Q1,1,£54.99
T102372,CH007,P01,2025-05-20,2025-Q2,1,£13
T102373,CH007,P05,2025-01-17,2025-Q1,1,£15.99
T102374,CH007,P03,2025-11-22,2025-Q4,3,£35.97
T102375,CH007,P06,2025-10-05,2025-Q4,1,£54.99
T102376,CH007,P04,2025-11-19,2025-Q4,2,33.98
T102377,CH007,P04,2025-10-23,2025-Q4,1,£17
T102378,CH007,P01,2025-02-13,2025-Q1,2,£25.98
T102379,CH007,P05,2025-03-14,2025-Q1,1,£15.99
T102380,CH007,P05,2025-03-14,2025-Q1,1,15.99
T102381,CH007,P03,2025-08-02,2025-Q3,1,11.99
T102382,CH007,P05,2025-02-09,2025-Q1,1,15.99
T102383,CH007,P01,2025-06-05,2025-Q2,1,12.99
T102384,CH007,P01,2025-04-06,2025-Q2,1,£13
T102385,CH007,P04,2025-03-10,2025-Q1,1,£16.99
T102386,CH007,P02,2025-11-10,2025-Q4,1,£14.99
T102387,CH007,P01,2025-12-18,2025-Q4,1,12.99
T102388,CH007,P03,2025-10-14,2025-Q4,1,£11.99
T102389,CH007,P02,2025-10-20,2025-Q4,3,£44.97
T102390,CH007,P02,2025-12-24,2025-Q4,1,14.99
T102391,CH007,P01,2025-04-21,2025-Q2,1,£13
T102392,CH007,P06,2025-10-20,2025-Q4,1,£54.99
T102393,CH007,P02,2025-02-20,2025-Q1,1,£15
T102394,CH007,P01,2025-04-13,2025-Q2,3,£39
T102395,CH007,P03,2025-05-25,2025-Q2,2,£23.98
T102396,CH007,P05,2025-03-18,2025-Q1,1,15.99
T102397,CH007,P03,2025-06-04,2025-Q2,1,£11.99
T102398,CH007,P03,2025-04-23,2025-Q2,3,£36
T102399,CH007,P05,2025-08-11,2025-Q3,2,£32
T102400,CH007,P04,2025-05-01,2025-Q2,1,16.99
T102401,CH007,P04,2025-01-28,2025-Q1,1,£16.99
T102402,CH007,P04,2025-11-28,2025-Q4,1,£16.99
T102403,CH007,P04,2025-09-13,2025-Q3,1,£17
T102404,CH007,P04,2025-02-26,2025-Q1,1,£16.99
T102405,CH007,P03,2025-12-02,2025-Q4,1,11.99
T102406,CH007,P04,2025-03-17,2025-Q1,2,£33.98
T102407,CH007,P02,2025-07-06,2025-Q3,1,£14.99
T102408,CH007,P02,2025-11-14,2025-Q4,2,£29.98
T102409,CH007,P04,2025-05-26,2025-Q2,1,£16.99
T102410,CH007,P02,2025-11-12,2025-Q4,1,£14.99
T102411,CH007,P03,2025-10-07,2025-Q4,3,£35.97
T102412,CH007,P06,2025-02-26,2025-Q1,1,£54.99
T102413,CH007,P01,2025-11-01,2025-Q4,2,£25.98
T102414,CH007,P02,2025-12-07,2025-Q4,1,£14.99
T102415,CH007,P05,2025-07-08,2025-Q3,1,£15.99
T102416,CH007,P02,2025-01-06,2025-Q1,2,£29.98
T102417,CH007,P01,2025-12-19,2025-Q4,1,12.99
T102418,CH007,P01,2025-08-24,2025-Q3,1,£12.99
T102419,CH007,P02,2025-04-21,2025-Q2,1,£14.99
T102420,CH007,P04,2025-05-20,2025-Q2,1,£16.99
T102421,CH007,P06,2025-02-08,2025-Q1,1,£54.99
T102422,CH007,P05,2025-01-03,2025-Q1,2,£31.98
T102423,CH007,P02,2025-03-21,2025-Q1,1,£14.99
T102424,CH007,P03,2025-09-11,2025-Q3,1,£11.99
T102425,CH007,P02,2025-09-05,2025-Q3,3,£44.97
T102426,CH007,P02,2025-07-19,2025-Q3,1,14.99
T102427,CH007,P05,2025-04-22,2025-Q2,3,47.97
T102428,CH007,P03,2025-01-13,2025-Q1,1,£12
T102429,CH007,P01,2025-02-28,2025-Q1,2,£25.98
T102430,CH007,P01,2025-03-22,2025-Q1,2,25.98
T102431,CH007,P02,2025-06-21,2025-Q2,1,14.99
T102432,CH007,P05,2025-07-10,2025-Q3,1,£15.99
T102433,CH007,P01,2025-05-25,2025-Q2,1,£12.99
T102434,CH007,P03,2025-11-26,2025-Q4,2,23.98
T102435,CH007,P03,2025-10-13,2025-Q4,1,£11.99
T102436,CH007,P05,2025-05-16,2025-Q2,1,£15.99
T102437,CH007,P02,2025-01-25,2025-Q1,1,£15
T102438,CH007,P04,2025-10-27,2025-Q4,1,£16.99
T102439,CH007,P02,2025-09-04,2025-Q3,1,£15
T102440,CH007,P01,2025-05-01,2025-Q2,1,£12.99
T102441,CH007,P02,2025-09-04,2025-Q3,1,£15
T102442,CH007,P03,2025-09-09,2025-Q3,2,£24
T102443,CH007,P03,2025-10-11,2025-Q4,2,£23.98
T102444,CH007,P01,2025-12-07,2025-Q4,2,£25.98
T102445,CH007,P03,2025-09-05,2025-Q3,2,£23.98
T102446,CH007,P02,2025-09-15,2025-Q3,1,£14.99
T102447,CH007,P02,2025-05-25,2025-Q2,1,£14.99
T102448,CH007,P01,2025-11-05,2025-Q4,1,£12.99
T102449,CH007,P01,2025-06-17,2025-Q2,3,38.97
T102450,CH007,P02,2025-05-05,2025-Q2,1,14.99
T102451,CH007,P01,2025-07-24,2025-Q3,1,£12.99
T102452,CH007,P06,2025-08-14,2025-Q3,1,£55
T102453,CH007,P04,2025-10-22,2025-Q4,1,16.99
T102454,CH007,P01,2025-07-08,2025-Q3,1,£13
T102455,CH007,P01,2025-06-03,2025-Q2,2,25.98
T102456,CH007,P04,2025-04-12,2025-Q2,1,£16.99
T102457,CH007,P06,2025-10-15,2025-Q4,1,£54.99
T102458,CH007,P05,2025-07-17,2025-Q3,2,£31.98
T102459,CH007,P02,2025-04-18,2025-Q2,2,29.98
T102460,CH007,P02,2025-02-02,2025-Q1,1,14.99
T102461,CH007,P02,2025-03-28,2025-Q1,2,29.98
T102462,CH007,P01,2025-09-18,2025-Q3,1,£13
T102463,CH007,P03,2025-12-11,2025-Q4,1,£12
T102464,CH007,P05,2025-07-03,2025-Q3,1,£15.99
T102465,CH007,P01,2025-05-02,2025-Q2,1,£13
T102466,CH007,P01,2025-07-02,2025-Q3,1,£12.99
T102467,CH007,P01,2025-07-24,2025-Q3,1,£13
T102468,CH007,P02,2025-05-27,2025-Q2,2,£29.98
T102469,CH007,P03,2025-11-08,2025-Q4,2,£23.98
T102470,CH007,P02,2025-02-16,2025-Q1,2,£29.98
T102471,CH007,P05,2025-01-09,2025-Q1,2,£31.98
T102472,CH007,P05,2025-04-02,2025-Q2,1,£16
T102473,CH007,P06,2025-09-02,2025-Q3,1,£54.99
T102474,CH007,P02,2025-09-12,2025-Q3,1,14.99
T102475,CH007,P01,2025-12-26,2025-Q4,1,£12.99
T102476,CH007,P02,2025-03-23,2025-Q1,1,14.99
T102477,CH007,P03,2025-12-20,2025-Q4,1,11.99
T102478,CH007,P01,2025-11-13,2025-Q4,1,£12.99
T102479,CH007,P05,2025-09-21,2025-Q3,2,31.98
T102480,CH007,P02,2025-01-27,2025-Q1,2,£29.98
T102481,CH007,P01,2025-07-18,2025-Q3,1,12.99
T102482,CH007,P01,2025-05-14,2025-Q2,1,12.99
T102483,CH007,P02,2025-08-07,2025-Q3,1,14.99
T102484,CH007,P05,2025-12-12,2025-Q4,2,£32
T102485,CH007,P03,2025-10-16,2025-Q4,1,£11.99
T102486,CH007,P03,2025-04-22,2025-Q2,1,£11.99
T102487,CH007,P03,2025-12-20,2025-Q4,2,23.98
T102488,CH007,P05,2025-07-08,2025-Q3,1,15.99
T102489,CH007,P01,2025-01-02,2025-Q1,1,£13
T102490,CH007,P03,2025-08-02,2025-Q3,1,£11.99
T102491,CH007,P06,2025-03-17,2025-Q1,1,£54.99
T102492,CH007,P03,2025-08-25,2025-Q3,1,£11.99
T102493,CH007,P03,2025-09-21,2025-Q3,1,11.99
T102494,CH007,P03,2025-09-26,2025-Q3,1,£11.99
T102495,CH007,P04,2025-02-06,2025-Q1,1,£16.99
T102496,CH007,P02,2025-10-01,2025-Q4,1,14.99
T102497,CH007,P04,2025-10-17,2025-Q4,1,16.99
T102498,CH007,P05,2025-11-25,2025-Q4,1,£15.99
T102499,CH007,P02,2025-02-17,2025-Q1,3,£45
T102500,CH007,P01,2025-02-12,2025-Q1,1,£13
T102501,CH007,P01,2025-01-10,2025-Q1,2,25.98
T102502,CH007,P01,2025-12-13,2025-Q4,2,£26
T102503,CH007,P03,2025-04-09,2025-Q2,1,£11.99
T102504,CH007,P03,2025-07-08,2025-Q3,3,£35.97
T102505,CH007,P05,2025-05-05,2025-Q2,1,15.99
T102506,CH007,P04,2025-06-19,2025-Q2,1,£16.99
T102507,CH007,P06,2025-01-05,2025-Q1,1,£55
T102508,CH007,P06,2025-05-28,2025-Q2,1,54.99
T102509,CH007,P04,2025-03-01,2025-Q1,1,£17
T102510,CH007,P01,2025-01-10,2025-Q1,1,£12.99
T102511,CH007,P05,2025-03-19,2025-Q1,2,£31.98
T102512,CH007,P02,2025-01-25,2025-Q1,1,14.99
T102513,CH007,P04,2025-12-24,2025-Q4,1,16.99
T102514,CH007,P06,2025-05-02,2025-Q2,1,54.99
T102515,CH007,P01,2025-11-13,2025-Q4,1,£12.99
T102516,CH007,P05,2025-01-26,2025-Q1,1,£15.99
T102517,CH007,P05,2025-06-02,2025-Q2,2,£32
T102518,CH007,P01,2025-05-02,2025-Q2,1,£12.99
T102519,CH007,P01,2025-09-16,2025-Q3,1,£12.99
T102520,CH007,P06,2025-06-07,2025-Q2,1,£54.99
T102521,CH007,P01,2025-02-08,2025-Q1,1,£12.99
T102522,CH007,P01,2025-05-26,2025-Q2,1,£12.99
T102523,CH007,P04,2025-02-26,2025-Q1,1,£17
T102524,CH007,P05,2025-10-19,2025-Q4,1,£15.99
T102525,CH007,P05,2025-11-16,2025-Q4,1,£15.99
T102526,CH007,P05,2025-06-15,2025-Q2,2,£32
T102527,CH007,P05,2025-03-15,2025-Q1,1,£15.99
T102528,CH007,P04,2025-06-28,2025-Q2,2,£33.98
T102529,CH007,P05,2025-08-24,2025-Q3,1,£15.99
T102530,CH007,P04,2025-08-05,2025-Q3,1,16.99
T102531,CH007,P01,2025-02-07,2025-Q1,2,£25.98
T102532,CH007,P05,2025-05-14,2025-Q2,3,£47.97
T102533,CH007,P03,2025-10-16,2025-Q4,1,11.99
T102534,CH007,P03,2025-12-02,2025-Q4,1,£11.99
T102535,CH007,P01,2025-03-24,2025-Q1,1,£12.99
T102536,CH007,P01,2025-11-01,2025-Q4,1,£12.99
T102537,CH007,P01,2025-06-08,2025-Q2,2,25.98
T102538,CH007,P03,2025-09-05,2025-Q3,1,11.99
T102539,CH007,P05,2025-01-22,2025-Q1,2,£31.98
T102540,CH007,P04,2025-10-13,2025-Q4,2,33.98
T102541,CH007,P04,2025-06-22,2025-Q2,1,£17
T102542,CH007,P05,2025-05-21,2025-Q2,1,£15.99
T102543,CH007,P04,2025-05-07,2025-Q2,1,£16.99
T102544,CH007,P01,2025-08-18,2025-Q3,1,£13
T102545,CH007,P03,2025-12-23,2025-Q4,1,£11.99
T102546,CH007,P01,2025-02-09,2025-Q1,2,25.98
T102547,CH007,P01,2025-10-10,2025-Q4,2,£25.98
T102548,CH007,P05,2025-10-27,2025-Q4,1,£15.99
T102549,CH007,P04,2025-05-18,2025-Q2,1,16.99
T102550,CH007,P06,2025-08-11,2025-Q3,2,£110
T102551,CH007,P02,2025-02-19,2025-Q1,2,29.98
T102552,CH007,P02,2025-10-01,2025-Q4,2,£30
T102553,CH007,P06,2025-10-05,2025-Q4,3,164.97
T102554,CH007,P02,2025-09-21,2025-Q3,2,£30
T102555,CH007,P04,2025-09-28,2025-Q3,1,£17
T102556,CH007,P04,2025-06-09,2025-Q2,2,£33.98
T102557,CH007,P02,2025-10-28,2025-Q4,1,£14.99
T102558,CH007,P04,2025-10-02,2025-Q4,1,16.99
T102559,CH007,P01,2025-11-13,2025-Q4,1,12.99
T102560,CH007,P02,2025-05-12,2025-Q2,1,£15
T102561,CH007,P05,2025-09-28,2025-Q3,1,£16
T102562,CH007,P04,2025-05-20,2025-Q2,1,£17
T102563,CH007,P05,2025-05-08,2025-Q2,1,15.99
T102564,CH007,P02,2025-08-10,2025-Q3,1,£14.99
T102565,CH007,P04,2025-01-07,2025-Q1,1,16.99
T102566,CH007,P06,2025-04-15,2025-Q2,1,£54.99
T102567,CH007,P04,2025-09-19,2025-Q3,1,£17
T102568,CH007,P01,2025-05-17,2025-Q2,1,£12.99
T102569,CH007,P04,2025-09-26,2025-Q3,3,50.97
T102570,CH007,P02,2025-02-08,2025-Q1,1,£15
T102571,CH007,P01,2025-06-10,2025-Q2,2,£26
T102572,CH007,P01,2025-12-12,2025-Q4,3,£38.97
T102573,CH007,P04,2025-03-21,2025-Q1,2,£33.98
T102574,CH007,P01,2025-04-08,2025-Q2,1,£13
T102575,CH007,P01,2025-09-17,2025-Q3,2,£26
T102576,CH007,P03,2025-03-13,2025-Q1,1,£11.99
T102577,CH007,P04,2025-12-05,2025-Q4,2,£33.98
T102578,CH007,P01,2025-09-16,2025-Q3,2,£26
T102579,CH007,P04,2025-01-23,2025-Q1,2,33.98
T102580,CH007,P02,2025-05-04,2025-Q2,1,£14.99
T102581,CH007,P02,2025-06-05,2025-Q2,1,£14.99
T102582,CH007,P04,2025-10-24,2025-Q4,1,£16.99
T102583,CH007,P01,2025-11-14,2025-Q4,1,£12.99
T102584,CH007,P03,2025-08-06,2025-Q3,1,£11.99
T102585,CH007,P02,2025-05-10,2025-Q2,1,14.99
T102586,CH007,P03,2025-09-24,2025-Q3,1,£11.99
T102587,CH007,P01,2025-06-22,2025-Q2,2,£25.98
T102588,CH007,P05,2025-11-17,2025-Q4,1,£16
T102589,CH007,P05,2025-02-13,2025-Q1,1,£15.99
T102590,CH007,P04,2025-01-23,2025-Q1,2,£33.98
T102591,CH007,P05,2025-01-15,2025-Q1,1,£15.99
T102592,CH007,P02,2025-09-10,2025-Q3,2,£29.98
T102593,CH007,P01,2025-11-08,2025-Q4,2,£25.98
T102594,CH007,P06,2025-06-01,2025-Q2,2,109.98
T102595,CH007,P01,2025-06-07,2025-Q2,3,38.97
T102596,CH007,P04,2025-02-20,2025-Q1,1,£16.99
T102597,CH007,P01,2025-03-20,2025-Q1,2,£26
T102598,CH007,P04,2025-07-18,2025-Q3,1,£16.99
T102599,CH007,P05,2025-04-24,2025-Q2,1,£15.99
T102600,CH007,P01,2025-10-07,2025-Q4,1,12.99
T102601,CH007,P01,2025-03-08,2025-Q1,1,£12.99
T102602,CH007,P03,2025-04-26,2025-Q2,1,£11.99
T102603,CH007,P04,2025-02-22,2025-Q1,1,16.99
T102604,CH007,P02,2025-09-26,2025-Q3,3,44.97
T102605,CH007,P04,2025-09-17,2025-Q3,1,£17
T102606,CH007,P01,2025-09-13,2025-Q3,1,12.99
T102607,CH007,P04,2025-05-02,2025-Q2,1,£16.99
T102608,CH007,P05,2025-07-14,2025-Q3,1,15.99
T102609,CH007,P03,2025-01-23,2025-Q1,3,£36
T102610,CH007,P03,2025-06-26,2025-Q2,1,£12
T102611,CH007,P02,2025-11-25,2025-Q4,2,£30
T102612,CH007,P06,2025-10-14,2025-Q4,2,109.98
T102613,CH007,P05,2025-10-04,2025-Q4,3,£47.97
T102614,CH007,P03,2025-01-27,2025-Q1,1,£12
T102615,CH007,P03,2025-08-10,2025-Q3,1,£11.99
T102616,CH007,P03,2025-08-07,2025-Q3,2,£23.98
T102617,CH007,P05,2025-03-04,2025-Q1,1,£15.99
T102618,CH007,P02,2025-08-12,2025-Q3,1,£14.99
T102619,CH007,P04,2025-07-03,2025-Q3,1,£16.99
T102620,CH007,P03,2025-07-12,2025-Q3,2,£24
T102621,CH007,P02,2025-05-12,2025-Q2,1,£14.99
T102622,CH007,P04,2025-04-18,2025-Q2,1,£16.99
T102623,CH007,P06,2025-06-23,2025-Q2,1,£54.99
T102624,CH007,P06,2025-08-07,2025-Q3,1,54.99
T102625,CH007,P03,2025-02-21,2025-Q1,1,11.99
T102626,CH007,P01,2025-12-28,2025-Q4,1,£12.99
T102627,CH007,P01,2025-09-10,2025-Q3,1,£13
T102628,CH007,P05,2025-02-22,2025-Q1,2,31.98
T102629,CH007,P02,2025-10-22,2025-Q4,1,£15
T102630,CH007,P01,2025-07-27,2025-Q3,1,£12.99
T102631,CH007,P03,2025-05-08,2025-Q2,1,£11.99
T102632,CH007,P01,2025-09-19,2025-Q3,2,£25.98
T102633,CH007,P04,2025-03-12,2025-Q1,1,16.99
T102634,CH007,P05,2025-05-12,2025-Q2,1,£15.99
T102635,CH007,P01,2025-12-16,2025-Q4,1,£12.99
T102636,CH007,P04,2025-06-20,2025-Q2,2,£33.98
T102637,CH007,P03,2025-08-13,2025-Q3,1,£12
T102638,CH007,P02,2025-10-10,2025-Q4,1,£14.99
T102639,CH007,P01,2025-02-17,2025-Q1,1,£12.99
T102640,CH007,P04,2025-08-24,2025-Q3,1,£16.99
T102641,CH007,P05,2025-10-05,2025-Q4,1,£16
T102642,CH007,P05,2025-05-01,2025-Q2,1,£15.99
T102643,CH007,P01,2025-05-05,2025-Q2,1,12.99
T102644,CH007,P01,2025-03-28,2025-Q1,1,12.99
T102645,CH007,P02,2025-10-06,2025-Q4,3,£44.97
T102646,CH007,P04,2025-06-15,2025-Q2,3,50.97
T102647,CH007,P04,2025-08-22,2025-Q3,1,£17
T102648,CH007,P01,2025-05-01,2025-Q2,1,12.99
T102649,CH007,P05,2025-05-19,2025-Q2,3,£47.97
T102650,CH007,P02,2025-01-25,2025-Q1,1,£15
T102651,CH007,P05,2025-10-01,2025-Q4,2,£31.98
T102652,CH007,P05,2025-07-23,2025-Q3,1,£15.99
T102653,CH007,P05,2025-06-03,2025-Q2,1,£15.99
T102654,CH007,P03,2025-05-22,2025-Q2,2,£23.98
T102655,CH007,P03,2025-10-20,2025-Q4,1,11.99
T102656,CH007,P04,2025-12-26,2025-Q4,1,£17
T102657,CH007,P01,2025-05-08,2025-Q2,1,£13
T102658,CH007,P01,2025-07-17,2025-Q3,1,£12.99
T102659,CH007,P02,2025-10-09,2025-Q4,2,£29.98
T102660,CH007,P01,2025-07-25,2025-Q3,1,£12.99
T102661,CH007,P02,2025-03-04,2025-Q1,1,14.99
T102662,CH007,P01,2025-07-13,2025-Q3,1,£12.99
T102663,CH007,P01,2025-05-08,2025-Q2,2,25.98
T102664,CH007,P01,2025-04-26,2025-Q2,1,£12.99
T102665,CH007,P01,2025-04-06,2025-Q2,1,£12.99
T102666,CH007,P06,2025-02-02,2025-Q1,1,54.99
T102667,CH007,P04,2025-08-06,2025-Q3,1,£16.99
T102668,CH007,P01,2025-05-01,2025-Q2,1,£12.99
T102669,CH007,P03,2025-11-06,2025-Q4,2,23.98
T102670,CH007,P04,2025-11-26,2025-Q4,1,£16.99
T102671,CH007,P04,2025-03-28,2025-Q1,2,£34
T102672,CH007,P04,2025-08-07,2025-Q3,1,£16.99
T102673,CH007,P01,2025-09-07,2025-Q3,2,25.98
T102674,CH007,P01,2025-12-01,2025-Q4,1,£12.99
T102675,CH007,P03,2025-05-06,2025-Q2,1,£11.99
T102676,CH007,P06,2025-02-26,2025-Q1,1,54.99
T102677,CH007,P04,2025-04-11,2025-Q2,1,£16.99
T102678,CH007,P03,2025-10-20,2025-Q4,1,£11.99
T102679,CH007,P04,2025-04-15,2025-Q2,3,£50.97
T102680,CH007,P01,2025-03-03,2025-Q1,2,£25.98
T102681,CH007,P01,2025-11-12,2025-Q4,1,£13
T102682,CH007,P05,2025-01-15,2025-Q1,1,£16
T102683,CH007,P02,2025-08-08,2025-Q3,1,£14.99
T102684,CH007,P01,2025-11-14,2025-Q4,1,12.99
T102685,CH007,P01,2025-08-20,2025-Q3,1,£12.99
T102686,CH007,P02,2025-07-08,2025-Q3,1,£15
T102687,CH007,P02,2025-09-09,2025-Q3,1,14.99
T102688,CH007,P02,2025-11-19,2025-Q4,1,£14.99
T102689,CH007,P06,2025-03-24,2025-Q1,1,£54.99
T102690,CH007,P05,2025-04-04,2025-Q2,1,£16
T102691,CH007,P04,2025-12-20,2025-Q4,2,£33.98
T102692,CH007,P02,2025-06-16,2025-Q2,1,£14.99
T102693,CH007,P03,2025-06-20,2025-Q2,2,£24
T102694,CH007,P02,2025-01-25,2025-Q1,1,£14.99
T102695,CH007,P05,2025-10-13,2025-Q4,3,£47.97
T102696,CH007,P06,2025-06-12,2025-Q2,1,£54.99
T102697,CH007,P02,2025-05-20,2025-Q2,2,£29.98
T102698,CH007,P02,2025-02-03,2025-Q1,1,£15
T102699,CH007,P04,2025-03-07,2025-Q1,1,£16.99
T102700,CH007,P04,2025-09-03,2025-Q3,1,16.99
T102701,CH007,P05,2025-09-13,2025-Q3,3,47.97
T102702,CH007,P01,2025-09-25,2025-Q3,2,25.98
T102703,CH007,P04,2025-06-14,2025-Q2,1,£16.99
T102704,CH007,P01,2025-08-05,2025-Q3,1,£13
T102705,CH007,P01,2025-09-06,2025-Q3,1,£12.99
T102706,CH007,P01,2025-04-15,2025-Q2,1,£12.99
T102707,CH007,P04,2025-04-19,2025-Q2,1,£16.99
T102708,CH007,P05,2025-04-27,2025-Q2,1,£16
T102709,CH007,P04,2025-11-24,2025-Q4,1,16.99
T102710,CH008,P02,2024-03-24,2024-Q1,2,£29.98
T102711,CH008,P03,2024-08-24,2024-Q3,1,£12
T102712,CH008,P01,2024-04-13,2024-Q2,1,£13
T102713,CH008,P02,2024-02-21,2024-Q1,2,£29.98
T102714,CH008,P06,2024-09-18,2024-Q3,1,£54.99
T102715,CH008,P06,2024-03-03,2024-Q1,1,£55
T102716,CH008,P03,2024-10-20,2024-Q4,1,£11.99
T102717,CH008,P05,2024-03-22,2024-Q1,3,47.97
T102718,CH008,P03,2024-02-22,2024-Q1,1,£12
T102719,CH008,P03,2024-01-01,2024-Q1,1,£11.99
T102720,CH008,P02,2024-01-09,2024-Q1,2,£29.98
T102721,CH008,P01,2024-10-07,2024-Q4,1,£12.99
T102722,CH008,P04,2024-12-06,2024-Q4,1,£17
T102723,CH008,P02,2024-09-05,2024-Q3,2,£29.98
T102724,CH008,P02,2024-01-18,2024-Q1,1,£14.99
T102725,CH008,P04,2024-03-06,2024-Q1,1,£16.99
T102726,CH008,P02,2024-07-22,2024-Q3,1,£15
T102727,CH008,P05,2024-10-05,2024-Q4,2,31.98
T102728,CH008,P02,2024-03-16,2024-Q1,3,£44.97
T102729,CH008,P03,2024-05-22,2024-Q2,1,£12
T102730,CH008,P04,2024-05-01,2024-Q2,2,£33.98
T102731,CH008,P02,2024-09-19,2024-Q3,1,14.99
T102732,CH008,P05,2024-01-04,2024-Q1,3,£47.97
T102733,CH008,P06,2024-09-13,2024-Q3,1,54.99
T102734,CH008,P04,2024-02-11,2024-Q1,1,£16.99
T102735,CH008,P02,2024-07-06,2024-Q3,2,£29.98
T102736,CH008,P05,2024-02-12,2024-Q1,1,15.99
T102737,CH008,P06,2024-07-23,2024-Q3,1,£54.99
T102738,CH008,P04,2024-03-12,2024-Q1,2,33.98
T102739,CH008,P03,2024-04-17,2024-Q2,2,£23.98
T102740,CH008,P02,2024-02-13,2024-Q1,1,14.99
T102741,CH008,P01,2024-12-25,2024-Q4,1,£12.99
T102742,CH008,P05,2024-12-03,2024-Q4,1,£16
T102743,CH008,P04,2024-10-23,2024-Q4,1,£16.99
T102744,CH008,P01,2024-02-23,2024-Q1,1,£12.99
T102745,CH008,P02,2024-12-24,2024-Q4,1,£14.99
T102746,CH008,P05,2024-01-27,2024-Q1,1,£15.99
T102747,CH008,P04,2024-09-28,2024-Q3,1,£16.99
T102748,CH008,P03,2024-03-09,2024-Q1,1,11.99
T102749,CH008,P02,2024-10-17,2024-Q4,1,14.99
T102750,CH008,P02,2024-10-07,2024-Q4,2,29.98
T102751,CH008,P01,2024-07-19,2024-Q3,1,£12.99
T102752,CH008,P01,2024-01-09,2024-Q1,1,£12.99
T102753,CH008,P04,2024-04-25,2024-Q2,1,£16.99
T102754,CH008,P03,2024-08-08,2024-Q3,1,£12
T102755,CH008,P04,2024-10-24,2024-Q4,1,16.99
T102756,CH008,P04,2024-05-05,2024-Q2,2,£33.98
T102757,CH008,P01,2024-03-27,2024-Q1,2,25.98
T102758,CH008,P03,2024-07-02,2024-Q3,2,£23.98
T102759,CH008,P03,2024-08-11,2024-Q3,1,11.99
T102760,CH008,P02,2024-11-05,2024-Q4,1,£14.99
T102761,CH008,P01,2024-07-01,2024-Q3,1,£12.99
T102762,CH008,P01,2024-06-08,2024-Q2,1,£12.99
T102763,CH008,P05,2024-01-08,2024-Q1,1,£16
T102764,CH008,P01,2024-01-28,2024-Q1,2,25.98
T102765,CH008,P02,2024-04-05,2024-Q2,1,£14.99
T102766,CH008,P03,2024-11-27,2024-Q4,1,11.99
T102767,CH008,P06,2024-01-28,2024-Q1,1,£54.99
T102768,CH008,P03,2024-01-22,2024-Q1,1,£11.99
T102769,CH008,P03,2024-08-25,2024-Q3,1,£12
T102770,CH008,P05,2024-10-25,2024-Q4,1,£15.99
T102771,CH008,P01,2024-07-09,2024-Q3,2,£25.98
T102772,CH008,P04,2024-03-10,2024-Q1,1,£17
T102773,CH008,P03,2024-04-06,2024-Q2,2,£23.98
T102774,CH008,P01,2024-09-26,2024-Q3,2,£25.98
T102775,CH008,P03,2024-01-22,2024-Q1,2,£23.98
T102776,CH008,P02,2024-04-13,2024-Q2,1,£14.99
T102777,CH008,P03,2024-06-08,2024-Q2,1,11.99
T102778,CH008,P02,2024-10-28,2024-Q4,2,£30
T102779,CH008,P01,2024-02-23,2024-Q1,2,£25.98
T102780,CH008,P04,2024-04-25,2024-Q2,1,£17
T102781,CH008,P03,2024-04-16,2024-Q2,1,11.99
T102782,CH008,P01,2024-06-07,2024-Q2,1,£13
T102783,CH008,P03,2024-03-20,2024-Q1,1,11.99
T102784,CH008,P02,2024-11-20,2024-Q4,2,£29.98
T102785,CH008,P01,2024-06-25,2024-Q2,1,12.99
T102786,CH008,P02,2024-10-16,2024-Q4,1,£14.99
T102787,CH008,P04,2024-04-04,2024-Q2,1,£16.99
T102788,CH008,P05,2024-06-06,2024-Q2,1,£15.99
T102789,CH008,P01,2024-07-08,2024-Q3,1,£12.99
T102790,CH008,P03,2024-11-20,2024-Q4,3,£35.97
T102791,CH008,P05,2024-12-08,2024-Q4,3,47.97
T102792,CH008,P01,2024-11-04,2024-Q4,1,£12.99
T102793,CH008,P04,2024-12-04,2024-Q4,1,£16.99
T102794,CH008,P01,2024-02-06,2024-Q1,3,£38.97
T102795,CH008,P06,2024-12-03,2024-Q4,1,£54.99
T102796,CH008,P06,2024-03-02,2024-Q1,2,£109.98
T102797,CH008,P06,2024-06-08,2024-Q2,1,£54.99
T102798,CH008,P06,2024-05-21,2024-Q2,2,£110
T102799,CH008,P01,2024-03-26,2024-Q1,1,£13
T102800,CH008,P03,2024-02-21,2024-Q1,2,£24
T102801,CH008,P05,2024-12-02,2024-Q4,3,£47.97
T102802,CH008,P05,2024-06-13,2024-Q2,1,15.99
T102803,CH008,P02,2024-07-12,2024-Q3,3,£44.97
T102804,CH008,P01,2024-03-18,2024-Q1,3,£38.97
T102805,CH008,P01,2024-01-26,2024-Q1,1,£13
T102806,CH008,P01,2024-01-24,2024-Q1,3,38.97
T102807,CH008,P02,2024-06-19,2024-Q2,1,£14.99
T102808,CH008,P03,2024-05-08,2024-Q2,2,£23.98
T102809,CH008,P02,2024-08-27,2024-Q3,1,£14.99
T102810,CH008,P05,2024-05-15,2024-Q2,1,£15.99
T102811,CH008,P03,2024-03-06,2024-Q1,1,£11.99
T102812,CH008,P06,2024-02-23,2024-Q1,2,£110
T102813,CH008,P03,2024-07-05,2024-Q3,1,£12
T102814,CH008,P01,2024-08-24,2024-Q3,2,£26
T102815,CH008,P03,2024-03-17,2024-Q1,2,£23.98
T102816,CH008,P05,2024-09-14,2024-Q3,2,£31.98
T102817,CH008,P01,2024-10-04,2024-Q4,1,£12.99
T102818,CH008,P06,2024-06-02,2024-Q2,1,£54.99
T102819,CH008,P03,2024-11-05,2024-Q4,1,£11.99
T102820,CH008,P05,2024-11-04,2024-Q4,1,£16
T102821,CH008,P02,2024-10-23,2024-Q4,3,£44.97
T102822,CH008,P04,2024-03-02,2024-Q1,1,£16.99
T102823,CH008,P05,2024-04-09,2024-Q2,1,15.99
T102824,CH008,P03,2024-12-08,2024-Q4,1,£11.99
T102825,CH008,P04,2024-05-26,2024-Q2,2,£33.98
T102826,CH008,P02,2024-08-22,2024-Q3,1,£15
T102827,CH008,P05,2024-05-23,2024-Q2,1,£16
T102828,CH008,P03,2024-11-05,2024-Q4,1,£12
T102829,CH008,P05,2024-12-24,2024-Q4,1,£15.99
T102830,CH008,P04,2024-12-15,2024-Q4,1,£16.99
T102831,CH008,P04,2024-08-10,2024-Q3,1,16.99
T102832,CH008,P05,2024-01-12,2024-Q1,1,15.99
T102833,CH008,P01,2024-02-13,2024-Q1,1,12.99
T102834,CH008,P05,2024-03-15,2024-Q1,2,£32
T102835,CH008,P04,2024-09-19,2024-Q3,1,£17
T102836,CH008,P03,2024-05-13,2024-Q2,1,11.99
T102837,CH008,P05,2024-07-02,2024-Q3,1,£15.99
T102838,CH008,P05,2024-11-05,2024-Q4,1,£16
T102839,CH008,P03,2024-07-20,2024-Q3,1,11.99
T102840,CH008,P04,2024-09-21,2024-Q3,1,£17
T102841,CH008,P02,2024-03-20,2024-Q1,1,14.99
T102842,CH008,P01,2024-01-25,2024-Q1,1,12.99
T102843,CH008,P05,2024-05-21,2024-Q2,1,£15.99
T102844,CH008,P01,2024-02-09,2024-Q1,1,£12.99
T102845,CH008,P01,2024-07-10,2024-Q3,2,£25.98
T102846,CH008,P05,2024-04-13,2024-Q2,3,£47.97
T102847,CH008,P01,2024-04-09,2024-Q2,2,£25.98
T102848,CH008,P03,2024-03-23,2024-Q1,1,£11.99
T102849,CH008,P02,2024-08-28,2024-Q3,1,£14.99
T102850,CH008,P02,2024-02-21,2024-Q1,1,£14.99
T102851,CH008,P03,2024-01-11,2024-Q1,2,£24
T102852,CH008,P06,2024-07-05,2024-Q3,3,£164.97
T102853,CH008,P05,2024-06-05,2024-Q2,1,£15.99
T102854,CH008,P01,2024-05-14,2024-Q2,1,£12.99
T102855,CH008,P01,2024-03-20,2024-Q1,1,£12.99
T102856,CH008,P04,2024-12-05,2024-Q4,1,£17
T102857,CH008,P03,2024-04-08,2024-Q2,1,£11.99
T102858,CH008,P03,2024-06-19,2024-Q2,1,£11.99
T102859,CH008,P04,2024-11-26,2024-Q4,3,£50.97
T102860,CH008,P04,2024-02-19,2024-Q1,1,£16.99
T102861,CH008,P01,2024-05-16,2024-Q2,1,£13
T102862,CH008,P04,2024-03-26,2024-Q1,2,33.98
T102863,CH008,P06,2024-06-27,2024-Q2,1,£54.99
T102864,CH008,P01,2024-05-20,2024-Q2,1,£12.99
T102865,CH008,P03,2024-11-18,2024-Q4,2,£23.98
T102866,CH008,P01,2024-06-16,2024-Q2,3,£38.97
T102867,CH008,P05,2024-12-23,2024-Q4,1,£15.99
T102868,CH008,P01,2024-08-17,2024-Q3,1,12.99
T102869,CH008,P03,2024-08-20,2024-Q3,3,35.97
T102870,CH008,P03,2024-08-10,2024-Q3,1,£11.99
T102871,CH008,P01,2024-11-08,2024-Q4,2,25.98
T102872,CH008,P03,2024-01-12,2024-Q1,2,£24
T102873,CH008,P04,2024-01-18,2024-Q1,1,16.99
T102874,CH008,P02,2024-02-02,2024-Q1,1,£14.99
T102875,CH008,P03,2024-09-13,2024-Q3,1,11.99
T102876,CH008,P02,2024-03-24,2024-Q1,2,29.98
T102877,CH008,P02,2024-07-04,2024-Q3,1,£14.99
T102878,CH008,P03,2024-01-27,2024-Q1,2,£23.98
T102879,CH008,P05,2024-05-28,2024-Q2,1,£16
T102880,CH008,P01,2024-11-19,2024-Q4,3,£38.97
T102881,CH008,P01,2024-09-19,2024-Q3,1,12.99
T102882,CH008,P03,2024-01-22,2024-Q1,1,£11.99
T102883,CH008,P03,2024-03-05,2024-Q1,1,11.99
T102884,CH008,P04,2024-01-28,2024-Q1,2,£34
T102885,CH008,P03,2024-04-21,2024-Q2,2,23.98
T102886,CH008,P04,2024-10-19,2024-Q4,1,16.99
T102887,CH008,P01,2024-12-07,2024-Q4,2,£25.98
T102888,CH008,P01,2024-09-27,2024-Q3,1,£13
T102889,CH008,P01,2024-09-16,2024-Q3,1,£12.99
T102890,CH008,P05,2024-03-19,2024-Q1,2,£31.98
T102891,CH008,P06,2024-03-26,2024-Q1,2,£109.98
T102892,CH008,P02,2024-07-20,2024-Q3,2,29.98
T102893,CH008,P03,2024-11-18,2024-Q4,2,23.98
T102894,CH008,P05,2024-12-02,2024-Q4,1,£15.99
T102895,CH008,P05,2024-04-04,2024-Q2,2,£31.98
T102896,CH008,P01,2024-02-17,2024-Q1,3,£38.97
T102897,CH008,P02,2024-07-02,2024-Q3,1,£15
T102898,CH008,P02,2024-09-19,2024-Q3,1,£14.99
T102899,CH008,P03,2024-02-09,2024-Q1,2,£23.98
T102900,CH008,P05,2024-01-23,2024-Q1,1,15.99
T102901,CH008,P01,2024-09-03,2024-Q3,1,£12.99
T102902,CH008,P01,2024-10-10,2024-Q4,2,25.98
T102903,CH008,P03,2024-05-17,2024-Q2,3,£35.97
T102904,CH008,P02,2024-02-01,2024-Q1,1,£14.99
T102905,CH008,P05,2024-05-09,2024-Q2,1,£15.99
T102906,CH008,P06,2024-06-23,2024-Q2,1,£54.99
T102907,CH008,P01,2024-06-20,2024-Q2,2,£26
T102908,CH008,P02,2024-10-26,2024-Q4,1,£14.99
T102909,CH008,P03,2024-01-17,2024-Q1,1,£11.99
T102910,CH008,P02,2024-05-08,2024-Q2,2,£30
T102911,CH008,P02,2024-05-03,2024-Q2,1,14.99
T102912,CH008,P04,2024-03-26,2024-Q1,1,£16.99
T102913,CH008,P06,2024-08-09,2024-Q3,1,54.99
T102914,CH008,P01,2024-11-09,2024-Q4,1,£12.99
T102915,CH008,P03,2024-07-04,2024-Q3,3,35.97
T102916,CH008,P01,2024-11-06,2024-Q4,2,£26
T102917,CH008,P05,2024-10-25,2024-Q4,1,£15.99
T102918,CH008,P04,2024-12-06,2024-Q4,1,£16.99
T102919,CH008,P02,2024-03-07,2024-Q1,2,£29.98
T102920,CH008,P02,2024-11-12,2024-Q4,2,£29.98
T102921,CH008,P02,2024-05-02,2024-Q2,2,£30
T102922,CH008,P02,2024-10-03,2024-Q4,3,£44.97
T102923,CH008,P06,2024-05-20,2024-Q2,1,£54.99
T102924,CH008,P03,2024-03-05,2024-Q1,1,11.99
T102925,CH008,P02,2024-04-17,2024-Q2,1,£14.99
T102926,CH008,P01,2024-11-23,2024-Q4,1,£12.99
T102927,CH008,P01,2024-05-14,2024-Q2,1,12.99
T102928,CH008,P02,2024-12-01,2024-Q4,2,£29.98
T102929,CH008,P03,2024-03-15,2024-Q1,1,£11.99
T102930,CH008,P03,2024-05-24,2024-Q2,1,£11.99
T102931,CH008,P03,2024-12-14,2024-Q4,1,£11.99
T102932,CH008,P02,2024-08-20,2024-Q3,1,£15
T102933,CH008,P02,2024-08-05,2024-Q3,1,£15
T102934,CH008,P04,2024-06-25,2024-Q2,1,16.99
T102935,CH008,P04,2024-09-14,2024-Q3,1,16.99
T102936,CH008,P02,2024-09-20,2024-Q3,2,£30
T102937,CH008,P01,2024-05-02,2024-Q2,1,£12.99
T102938,CH008,P04,2024-03-22,2024-Q1,2,33.98
T102939,CH008,P03,2024-08-23,2024-Q3,1,£11.99
T102940,CH008,P02,2024-04-19,2024-Q2,1,£15
T102941,CH008,P04,2024-10-22,2024-Q4,1,£16.99
T102942,CH008,P01,2024-11-19,2024-Q4,1,12.99
T102943,CH008,P02,2024-07-09,2024-Q3,1,£14.99
T102944,CH008,P01,2024-11-10,2024-Q4,2,£25.98
T102945,CH008,P05,2024-05-22,2024-Q2,1,15.99
T102946,CH008,P01,2024-02-16,2024-Q1,1,£12.99
T102947,CH008,P01,2024-03-19,2024-Q1,1,£12.99
T102948,CH008,P06,2024-10-15,2024-Q4,3,£165
T102949,CH008,P02,2024-01-04,2024-Q1,1,£14.99
T102950,CH008,P02,2024-06-13,2024-Q2,2,£30
T102951,CH008,P02,2024-05-05,2024-Q2,2,£29.98
T102952,CH008,P06,2024-08-24,2024-Q3,3,£165
T102953,CH008,P03,2024-12-23,2024-Q4,1,11.99
T102954,CH008,P03,2024-07-20,2024-Q3,1,£11.99
T102955,CH008,P02,2024-10-09,2024-Q4,1,14.99
T102956,CH008,P03,2024-04-17,2024-Q2,1,£11.99
T102957,CH008,P01,2024-10-27,2024-Q4,1,£12.99
T102958,CH008,P01,2024-09-01,2024-Q3,2,£25.98
T102959,CH008,P01,2024-11-23,2024-Q4,1,£13
T102960,CH008,P01,2024-02-14,2024-Q1,1,£12.99
T102961,CH008,P03,2024-12-24,2024-Q4,1,£12
T102962,CH008,P05,2024-03-23,2024-Q1,1,£16
T102963,CH008,P02,2024-09-11,2024-Q3,1,14.99
T102964,CH008,P03,2024-02-25,2024-Q1,1,£11.99
T102965,CH008,P01,2024-11-16,2024-Q4,1,12.99
T102966,CH008,P03,2024-12-07,2024-Q4,1,£11.99
T102967,CH008,P01,2024-10-28,2024-Q4,1,£12.99
T102968,CH008,P02,2024-12-07,2024-Q4,1,£14.99
T102969,CH008,P04,2024-12-25,2024-Q4,1,£17
T102970,CH008,P02,2024-01-08,2024-Q1,1,£14.99
T102971,CH008,P01,2024-08-14,2024-Q3,1,12.99
T102972,CH008,P01,2024-08-27,2024-Q3,1,£12.99
T102973,CH008,P03,2024-12-16,2024-Q4,1,11.99
T102974,CH008,P02,2024-12-02,2024-Q4,3,44.97
T102975,CH008,P03,2024-10-08,2024-Q4,3,£35.97
T102976,CH008,P02,2024-03-11,2024-Q1,1,£14.99
T102977,CH008,P03,2024-04-25,2024-Q2,1,11.99
T102978,CH008,P02,2024-01-28,2024-Q1,1,£15
T102979,CH008,P04,2024-07-07,2024-Q3,1,16.99
T102980,CH008,P04,2024-01-20,2024-Q1,1,£16.99
T102981,CH008,P02,2024-02-13,2024-Q1,1,£14.99
T102982,CH008,P03,2025-08-12,2025-Q3,3,£35.97
T102983,CH008,P02,2025-11-23,2025-Q4,1,£14.99
T102984,CH008,P02,2025-09-06,2025-Q3,1,14.99
T102985,CH008,P03,2025-05-23,2025-Q2,2,£23.98
T102986,CH008,P06,2025-03-23,2025-Q1,1,£54.99
T102987,CH008,P03,2025-08-06,2025-Q3,2,23.98
T102988,CH008,P06,2025-02-19,2025-Q1,1,£54.99
T102989,CH008,P06,2025-10-05,2025-Q4,1,£54.99
T102990,CH008,P04,2025-11-28,2025-Q4,2,33.98
T102991,CH008,P06,2025-07-09,2025-Q3,1,£55
T102992,CH008,P04,2025-05-26,2025-Q2,1,£16.99
T102993,CH008,P05,2025-05-23,2025-Q2,1,£16
T102994,CH008,P01,2025-01-08,2025-Q1,1,£12.99
T102995,CH008,P05,2025-07-08,2025-Q3,1,£15.99
T102996,CH008,P01,2025-08-26,2025-Q3,2,£26
T102997,CH008,P04,2025-07-18,2025-Q3,1,16.99
T102998,CH008,P03,2025-02-14,2025-Q1,1,11.99
T102999,CH008,P03,2025-09-18,2025-Q3,1,£11.99
T103000,CH008,P02,2025-05-02,2025-Q2,1,£15
T103001,CH008,P01,2025-05-08,2025-Q2,2,£26
T103002,CH008,P03,2025-04-27,2025-Q2,1,£12
T103003,CH008,P05,2025-06-21,2025-Q2,1,15.99
T103004,CH008,P01,2025-06-27,2025-Q2,2,£26
T103005,CH008,P03,2025-04-17,2025-Q2,1,£11.99
T103006,CH008,P03,2025-07-17,2025-Q3,3,35.97
T103007,CH008,P01,2025-12-10,2025-Q4,3,£39
T103008,CH008,P04,2025-11-05,2025-Q4,1,£17
T103009,CH008,P01,2025-03-11,2025-Q1,3,£38.97
T103010,CH008,P06,2025-11-23,2025-Q4,1,£54.99
T103011,CH008,P04,2025-12-19,2025-Q4,1,£17
T103012,CH008,P02,2025-11-22,2025-Q4,1,£15
T103013,CH008,P01,2025-06-09,2025-Q2,1,£12.99
T103014,CH008,P03,2025-08-23,2025-Q3,2,£24
T103015,CH008,P05,2025-05-18,2025-Q2,1,£15.99
T103016,CH008,P04,2025-04-10,2025-Q2,1,£16.99
T103017,CH008,P02,2025-09-12,2025-Q3,3,£45
T103018,CH008,P05,2025-01-01,2025-Q1,1,£15.99
T103019,CH008,P02,2025-11-24,2025-Q4,3,£44.97
T103020,CH008,P02,2025-11-01,2025-Q4,2,£29.98
T103021,CH008,P01,2025-04-19,2025-Q2,2,25.98
T103022,CH008,P02,2025-05-14,2025-Q2,1,£14.99
T103023,CH008,P02,2025-11-08,2025-Q4,3,£44.97
T103024,CH008,P04,2025-07-25,2025-Q3,1,£16.99
T103025,CH008,P01,2025-03-24,2025-Q1,1,£12.99
T103026,CH008,P05,2025-12-14,2025-Q4,1,£15.99
T103027,CH008,P02,2025-06-02,2025-Q2,1,£14.99
T103028,CH008,P03,2025-05-18,2025-Q2,1,£11.99
T103029,CH008,P02,2025-12-13,2025-Q4,1,£14.99
T103030,CH008,P04,2025-10-02,2025-Q4,1,16.99
T103031,CH008,P03,2025-06-16,2025-Q2,1,£11.99
T103032,CH008,P03,2025-05-17,2025-Q2,2,£23.98
T103033,CH008,P02,2025-09-10,2025-Q3,1,14.99
T103034,CH008,P05,2025-09-03,2025-Q3,1,15.99
T103035,CH008,P04,2025-11-26,2025-Q4,1,£16.99
T103036,CH008,P01,2025-11-26,2025-Q4,1,£13
T103037,CH008,P03,2025-10-22,2025-Q4,2,23.98
T103038,CH008,P04,2025-03-10,2025-Q1,1,16.99
T103039,CH008,P03,2025-05-05,2025-Q2,1,£12
T103040,CH008,P05,2025-04-20,2025-Q2,2,£31.98
T103041,CH008,P02,2025-02-15,2025-Q1,1,14.99
T103042,CH008,P03,2025-08-23,2025-Q3,1,11.99
T103043,CH008,P06,2025-12-12,2025-Q4,1,£54.99
T103044,CH008,P03,2025-08-22,2025-Q3,2,£23.98
T103045,CH008,P03,2025-09-05,2025-Q3,1,11.99
T103046,CH008,P01,2025-08-14,2025-Q3,1,12.99
T103047,CH008,P01,2025-03-15,2025-Q1,2,25.98
T103048,CH008,P05,2025-06-16,2025-Q2,2,£32
T103049,CH008,P01,2025-03-19,2025-Q1,2,£25.98
T103050,CH008,P01,2025-03-10,2025-Q1,1,£13
T103051,CH008,P01,2025-02-17,2025-Q1,1,£13
T103052,CH008,P06,2025-10-06,2025-Q4,1,£55
T103053,CH008,P03,2025-03-03,2025-Q1,2,£24
T103054,CH008,P03,2025-07-27,2025-Q3,1,£12
T103055,CH008,P04,2025-08-04,2025-Q3,1,16.99
T103056,CH008,P01,2025-11-22,2025-Q4,1,£12.99
T103057,CH008,P05,2025-11-19,2025-Q4,1,£15.99
T103058,CH008,P04,2025-05-02,2025-Q2,1,16.99
T103059,CH008,P06,2025-10-16,2025-Q4,1,£54.99
T103060,CH008,P01,2025-05-12,2025-Q2,1,£12.99
T103061,CH008,P05,2025-09-27,2025-Q3,1,£15.99
T103062,CH008,P01,2025-08-25,2025-Q3,1,£13
T103063,CH008,P03,2025-11-22,2025-Q4,1,£11.99
T103064,CH008,P03,2025-07-17,2025-Q3,1,£11.99
T103065,CH008,P05,2025-05-01,2025-Q2,1,15.99
T103066,CH008,P03,2025-12-28,2025-Q4,1,£12
T103067,CH008,P04,2025-05-24,2025-Q2,1,£16.99
T103068,CH008,P03,2025-03-26,2025-Q1,2,£23.98
T103069,CH008,P02,2025-07-21,2025-Q3,1,£15
T103070,CH008,P02,2025-10-20,2025-Q4,2,£29.98
T103071,CH008,P06,2025-08-17,2025-Q3,1,£54.99
T103072,CH008,P03,2025-06-05,2025-Q2,1,11.99
T103073,CH008,P02,2025-06-02,2025-Q2,2,£29.98
T103074,CH008,P01,2025-11-23,2025-Q4,1,£12.99
T103075,CH008,P01,2025-07-20,2025-Q3,1,£12.99
T103076,CH008,P06,2025-01-24,2025-Q1,1,£54.99
T103077,CH008,P02,2025-01-02,2025-Q1,1,14.99
T103078,CH008,P02,2025-09-10,2025-Q3,3,£45
T103079,CH008,P03,2025-06-16,2025-Q2,3,£35.97
T103080,CH008,P03,2025-04-21,2025-Q2,1,£11.99
T103081,CH008,P02,2025-10-24,2025-Q4,1,£14.99
T103082,CH008,P03,2025-10-02,2025-Q4,2,23.98
T103083,CH008,P06,2025-09-09,2025-Q3,2,£109.98
T103084,CH008,P03,2025-03-04,2025-Q1,1,11.99
T103085,CH008,P03,2025-11-03,2025-Q4,1,£11.99
T103086,CH008,P03,2025-07-03,2025-Q3,2,£24
T103087,CH008,P03,2025-09-02,2025-Q3,2,23.98
T103088,CH008,P02,2025-08-28,2025-Q3,1,£14.99
T103089,CH008,P05,2025-12-05,2025-Q4,1,£16
T103090,CH008,P02,2025-09-11,2025-Q3,1,£14.99
T103091,CH008,P03,2025-11-08,2025-Q4,1,£11.99
T103092,CH008,P01,2025-03-28,2025-Q1,2,£25.98
T103093,CH008,P04,2025-03-23,2025-Q1,1,£17
T103094,CH008,P01,2025-11-15,2025-Q4,2,25.98
T103095,CH008,P01,2025-03-04,2025-Q1,1,£13
T103096,CH008,P01,2025-02-26,2025-Q1,1,12.99
T103097,CH008,P02,2025-08-01,2025-Q3,2,£29.98
T103098,CH008,P03,2025-08-24,2025-Q3,1,£11.99
T103099,CH008,P03,2025-04-25,2025-Q2,1,11.99
T103100,CH008,P02,2025-06-11,2025-Q2,2,£29.98
T103101,CH008,P04,2025-01-09,2025-Q1,1,16.99
T103102,CH008,P01,2025-05-02,2025-Q2,2,£25.98
T103103,CH008,P01,2025-02-28,2025-Q1,1,£12.99
T103104,CH008,P03,2025-07-24,2025-Q3,1,£11.99
T103105,CH008,P03,2025-06-03,2025-Q2,1,£11.99
T103106,CH008,P01,2025-05-25,2025-Q2,1,£13
T103107,CH008,P01,2025-12-25,2025-Q4,1,£12.99
T103108,CH008,P01,2025-07-21,2025-Q3,1,£12.99
T103109,CH008,P06,2025-03-25,2025-Q1,1,£55
T103110,CH008,P02,2025-02-15,2025-Q1,1,£15
T103111,CH008,P02,2025-12-28,2025-Q4,2,£29.98
T103112,CH008,P03,2025-07-04,2025-Q3,1,11.99
T103113,CH008,P01,2025-12-14,2025-Q4,1,£13
T103114,CH008,P03,2025-04-15,2025-Q2,1,£12
T103115,CH008,P01,2025-02-17,2025-Q1,1,12.99
T103116,CH008,P01,2025-11-23,2025-Q4,1,£13
T103117,CH008,P04,2025-02-21,2025-Q1,1,£17
T103118,CH008,P03,2025-12-06,2025-Q4,1,£11.99
T103119,CH008,P02,2025-10-19,2025-Q4,1,14.99
T103120,CH008,P03,2025-02-22,2025-Q1,1,£11.99
T103121,CH008,P01,2025-02-05,2025-Q1,1,£12.99
T103122,CH008,P01,2025-02-14,2025-Q1,1,£12.99
T103123,CH008,P05,2025-01-20,2025-Q1,1,£16
T103124,CH008,P01,2025-03-09,2025-Q1,2,£26
T103125,CH008,P02,2025-04-21,2025-Q2,2,29.98
T103126,CH008,P04,2025-12-06,2025-Q4,1,£16.99
T103127,CH008,P02,2025-04-18,2025-Q2,1,£14.99
T103128,CH008,P01,2025-09-14,2025-Q3,1,12.99
T103129,CH008,P03,2025-08-09,2025-Q3,1,£11.99
T103130,CH008,P03,2025-11-10,2025-Q4,1,£11.99
T103131,CH008,P02,2025-04-11,2025-Q2,1,£15
T103132,CH008,P05,2025-12-16,2025-Q4,2,£31.98
T103133,CH008,P04,2025-07-22,2025-Q3,2,£33.98
T103134,CH008,P01,2025-11-09,2025-Q4,1,£12.99
T103135,CH008,P04,2025-06-24,2025-Q2,1,16.99
T103136,CH008,P01,2025-02-12,2025-Q1,2,25.98
T103137,CH008,P01,2025-09-13,2025-Q3,1,£12.99
T103138,CH008,P05,2025-03-27,2025-Q1,2,31.98
T103139,CH008,P02,2025-07-14,2025-Q3,2,£29.98
T103140,CH008,P03,2025-05-26,2025-Q2,1,£11.99
T103141,CH008,P04,2025-04-05,2025-Q2,1,£17
T103142,CH008,P05,2025-01-26,2025-Q1,1,£15.99
T103143,CH008,P06,2025-11-05,2025-Q4,1,£55
T103144,CH008,P02,2025-06-14,2025-Q2,1,14.99
T103145,CH008,P05,2025-01-20,2025-Q1,2,£31.98
T103146,CH008,P04,2025-09-25,2025-Q3,1,£16.99
T103147,CH008,P04,2025-03-24,2025-Q1,2,33.98
T103148,CH008,P04,2025-02-25,2025-Q1,2,£33.98
T103149,CH008,P03,2025-06-09,2025-Q2,1,£12
T103150,CH008,P02,2025-05-10,2025-Q2,1,14.99
T103151,CH008,P06,2025-10-01,2025-Q4,1,£54.99
T103152,CH008,P01,2025-07-05,2025-Q3,1,£12.99
T103153,CH008,P04,2025-05-24,2025-Q2,1,£17
T103154,CH008,P04,2025-10-11,2025-Q4,1,£16.99
T103155,CH008,P05,2025-02-18,2025-Q1,1,15.99
T103156,CH008,P01,2025-02-09,2025-Q1,1,£12.99
T103157,CH008,P02,2025-09-26,2025-Q3,1,£14.99
T103158,CH008,P05,2025-05-01,2025-Q2,1,£15.99
T103159,CH008,P01,2025-03-18,2025-Q1,1,£12.99
T103160,CH008,P01,2025-12-15,2025-Q4,1,£12.99
T103161,CH008,P05,2025-12-20,2025-Q4,2,31.98
T103162,CH008,P01,2025-01-09,2025-Q1,2,£25.98
T103163,CH008,P01,2025-12-06,2025-Q4,1,£12.99
T103164,CH008,P04,2025-02-05,2025-Q1,2,33.98
T103165,CH008,P01,2025-02-21,2025-Q1,1,£13
T103166,CH008,P05,2025-09-23,2025-Q3,1,15.99
T103167,CH008,P01,2025-05-21,2025-Q2,1,£12.99
T103168,CH008,P01,2025-11-06,2025-Q4,1,£12.99
T103169,CH008,P02,2025-01-14,2025-Q1,1,£14.99
T103170,CH008,P03,2025-06-13,2025-Q2,1,£11.99
T103171,CH008,P02,2025-02-20,2025-Q1,1,£14.99
T103172,CH008,P04,2025-03-03,2025-Q1,1,£17
T103173,CH008,P05,2025-12-12,2025-Q4,1,£15.99
T103174,CH008,P02,2025-09-16,2025-Q3,1,£14.99
T103175,CH008,P01,2025-10-04,2025-Q4,1,£12.99
T103176,CH008,P06,2025-11-17,2025-Q4,1,£54.99
T103177,CH008,P04,2025-09-19,2025-Q3,2,£33.98
T103178,CH008,P04,2025-05-06,2025-Q2,2,£34
T103179,CH008,P01,2025-09-25,2025-Q3,1,£12.99
T103180,CH008,P03,2025-11-09,2025-Q4,2,23.98
T103181,CH008,P05,2025-11-20,2025-Q4,1,£15.99
T103182,CH008,P01,2025-04-11,2025-Q2,1,£12.99
T103183,CH008,P05,2025-08-09,2025-Q3,1,£15.99
T103184,CH008,P03,2025-09-12,2025-Q3,1,£12
T103185,CH008,P01,2025-06-17,2025-Q2,1,£12.99
T103186,CH008,P04,2025-08-21,2025-Q3,1,£17
T103187,CH008,P02,2025-02-01,2025-Q1,1,£14.99
T103188,CH008,P02,2025-06-18,2025-Q2,1,£14.99
T103189,CH008,P03,2025-05-12,2025-Q2,1,£11.99
T103190,CH008,P04,2025-06-03,2025-Q2,1,£17
T103191,CH008,P02,2025-02-11,2025-Q1,1,£14.99
T103192,CH008,P01,2025-12-13,2025-Q4,1,£12.99
T103193,CH008,P01,2025-03-27,2025-Q1,1,£12.99
T103194,CH008,P05,2025-01-01,2025-Q1,3,47.97
T103195,CH008,P06,2025-10-04,2025-Q4,1,54.99
T103196,CH008,P02,2025-01-19,2025-Q1,1,£14.99
T103197,CH008,P05,2025-02-21,2025-Q1,1,15.99
T103198,CH008,P01,2025-09-25,2025-Q3,2,£25.98
T103199,CH008,P01,2025-01-05,2025-Q1,1,£12.99
T103200,CH008,P01,2025-02-09,2025-Q1,1,£13
T103201,CH008,P02,2025-03-26,2025-Q1,1,£14.99
T103202,CH008,P04,2025-03-24,2025-Q1,2,£33.98
T103203,CH008,P01,2025-09-01,2025-Q3,1,£12.99
T103204,CH008,P03,2025-01-09,2025-Q1,1,£11.99
T103205,CH008,P04,2025-12-25,2025-Q4,1,16.99
T103206,CH008,P05,2025-07-05,2025-Q3,1,£15.99
T103207,CH008,P04,2025-09-26,2025-Q3,1,£17
T103208,CH008,P03,2025-10-20,2025-Q4,1,11.99
T103209,CH008,P01,2025-10-02,2025-Q4,2,£26
T103210,CH008,P03,2025-10-08,2025-Q4,1,£11.99
T103211,CH008,P06,2025-05-01,2025-Q2,1,£54.99
T103212,CH008,P02,2025-12-09,2025-Q4,1,£14.99
T103213,CH008,P05,2025-08-27,2025-Q3,3,£47.97
T103214,CH008,P01,2025-01-10,2025-Q1,1,£12.99
T103215,CH008,P04,2025-09-27,2025-Q3,1,£16.99
T103216,CH008,P02,2025-04-01,2025-Q2,3,£44.97
T103217,CH008,P03,2025-12-26,2025-Q4,1,£11.99
T103218,CH008,P02,2025-03-11,2025-Q1,2,£29.98
T103219,CH008,P01,2025-12-20,2025-Q4,1,£12.99
T103220,CH008,P02,2025-07-04,2025-Q3,1,£14.99
T103221,CH008,P03,2025-03-06,2025-Q1,1,£11.99
T103222,CH008,P04,2025-03-19,2025-Q1,1,16.99
T103223,CH008,P05,2025-11-14,2025-Q4,2,£31.98
T103224,CH008,P02,2025-02-02,2025-Q1,1,£14.99
T103225,CH008,P02,2025-03-17,2025-Q1,1,£14.99
T103226,CH008,P05,2025-08-25,2025-Q3,1,£16
T103227,CH008,P02,2025-02-05,2025-Q1,2,£29.98
T103228,CH008,P03,2025-04-06,2025-Q2,1,£11.99
T103229,CH008,P05,2025-06-10,2025-Q2,2,£31.98
T103230,CH008,P05,2025-05-09,2025-Q2,1,15.99
T103231,CH008,P01,2025-09-11,2025-Q3,1,12.99
T103232,CH008,P05,2025-09-24,2025-Q3,2,£31.98
T103233,CH008,P01,2025-03-09,2025-Q1,2,£25.98
T103234,CH008,P03,2025-01-03,2025-Q1,1,£11.99
T103235,CH008,P01,2025-08-14,2025-Q3,1,£12.99
T103236,CH008,P02,2025-06-23,2025-Q2,1,14.99
T103237,CH008,P02,2025-04-21,2025-Q2,1,£14.99
T103238,CH008,P05,2025-12-19,2025-Q4,1,15.99
T103239,CH008,P01,2025-03-07,2025-Q1,1,£12.99
T103240,CH008,P02,2025-05-03,2025-Q2,2,£30
T103241,CH008,P01,2025-11-08,2025-Q4,2,£25.98
T103242,CH008,P03,2025-06-13,2025-Q2,1,£11.99
T103243,CH008,P02,2025-07-13,2025-Q3,1,£14.99
T103244,CH008,P01,2025-08-25,2025-Q3,1,£12.99
T103245,CH008,P02,2025-03-18,2025-Q1,1,14.99
T103246,CH008,P02,2025-10-17,2025-Q4,2,29.98
T103247,CH008,P03,2025-09-26,2025-Q3,1,£11.99
T103248,CH008,P03,2025-09-17,2025-Q3,3,£35.97
T103249,CH008,P03,2025-07-14,2025-Q3,2,£24
T103250,CH008,P06,2025-08-01,2025-Q3,1,£55
T103251,CH008,P01,2025-06-12,2025-Q2,1,12.99
T103252,CH008,P01,2025-07-13,2025-Q3,2,£25.98
T103253,CH008,P01,2025-07-19,2025-Q3,3,38.97
T103254,CH008,P05,2025-10-07,2025-Q4,2,£31.98
T103255,CH008,P04,2025-08-12,2025-Q3,1,£16.99
T103256,CH008,P05,2025-11-18,2025-Q4,1,£15.99
T103257,CH008,P06,2025-08-06,2025-Q3,1,54.99
T103258,CH008,P01,2025-04-11,2025-Q2,1,£12.99
T103259,CH008,P03,2025-09-16,2025-Q3,2,£23.98
T103260,CH008,P04,2025-03-20,2025-Q1,2,£33.98
T103261,CH008,P01,2025-05-17,2025-Q2,1,£13
T103262,CH008,P05,2025-06-26,2025-Q2,2,31.98
T103263,CH008,P04,2025-11-26,2025-Q4,1,16.99
T103264,CH008,P03,2025-06-17,2025-Q2,1,11.99
T103265,CH008,P03,2025-11-25,2025-Q4,1,£12
T103266,CH008,P02,2025-06-06,2025-Q2,1,£14.99
T103267,CH008,P03,2025-06-04,2025-Q2,3,£35.97
T103268,CH008,P06,2025-10-17,2025-Q4,2,109.98
T103269,CH008,P01,2025-10-14,2025-Q4,1,£12.99
T103270,CH008,P02,2025-12-13,2025-Q4,1,£14.99
T103271,CH008,P01,2025-07-20,2025-Q3,1,12.99
T103272,CH008,P05,2025-01-21,2025-Q1,2,£31.98
T103273,CH008,P04,2025-06-19,2025-Q2,1,16.99
T103274,CH008,P03,2025-04-11,2025-Q2,1,11.99
T103275,CH008,P06,2025-07-12,2025-Q3,1,54.99
T103276,CH008,P02,2025-02-06,2025-Q1,1,14.99
T103277,CH008,P01,2025-03-09,2025-Q1,1,£12.99
T103278,CH008,P03,2025-01-07,2025-Q1,1,£12
T103279,CH008,P03,2025-12-24,2025-Q4,1,11.99
T103280,CH008,P06,2025-03-03,2025-Q1,1,54.99
T103281,CH008,P01,2025-06-25,2025-Q2,1,£12.99
T103282,CH008,P04,2025-09-04,2025-Q3,1,16.99
T103283,CH008,P05,2025-08-07,2025-Q3,1,£15.99
T103284,CH008,P03,2025-05-20,2025-Q2,3,£35.97
T103285,CH008,P05,2025-05-15,2025-Q2,1,15.99
T103286,CH008,P02,2025-01-01,2025-Q1,1,£15
T103287,CH008,P06,2025-05-23,2025-Q2,1,£55
T103288,CH008,P04,2025-05-02,2025-Q2,1,£16.99
T103289,CH008,P05,2025-07-28,2025-Q3,1,£15.99
T103290,CH008,P03,2025-01-12,2025-Q1,1,£11.99
T103291,CH008,P04,2025-07-08,2025-Q3,1,£17
T103292,CH008,P06,2025-01-04,2025-Q1,1,54.99
T103293,CH008,P03,2025-02-13,2025-Q1,1,£12
T103294,CH008,P05,2025-02-18,2025-Q1,1,15.99
T103295,CH008,P04,2025-12-12,2025-Q4,1,£16.99
T103296,CH008,P01,2025-03-17,2025-Q1,1,£12.99
T103297,CH009,P03,2024-08-23,2024-Q3,1,£11.99
T103298,CH009,P01,2024-10-27,2024-Q4,1,£12.99
T103299,CH009,P02,2024-09-01,2024-Q3,1,14.99
T103300,CH009,P06,2024-06-02,2024-Q2,1,£54.99
T103301,CH009,P03,2024-09-25,2024-Q3,2,£24
T103302,CH009,P01,2024-03-22,2024-Q1,1,£12.99
T103303,CH009,P01,2024-11-04,2024-Q4,1,12.99
T103304,CH009,P01,2024-03-02,2024-Q1,1,£12.99
T103305,CH009,P06,2024-05-24,2024-Q2,1,54.99
T103306,CH009,P05,2024-05-24,2024-Q2,2,£31.98
T103307,CH009,P02,2024-03-25,2024-Q1,1,14.99
T103308,CH009,P02,2024-05-19,2024-Q2,1,£15
T103309,CH009,P01,2024-06-14,2024-Q2,2,25.98
T103310,CH009,P04,2024-02-15,2024-Q1,1,£17
T103311,CH009,P02,2024-02-20,2024-Q1,1,£14.99
T103312,CH009,P01,2024-03-04,2024-Q1,3,£38.97
T103313,CH009,P02,2024-06-25,2024-Q2,1,£14.99
T103314,CH009,P03,2024-12-20,2024-Q4,2,£23.98
T103315,CH009,P02,2024-05-28,2024-Q2,1,£15
T103316,CH009,P03,2024-11-15,2024-Q4,1,£11.99
T103317,CH009,P05,2024-04-06,2024-Q2,1,£15.99
T103318,CH009,P03,2024-06-27,2024-Q2,1,11.99
T103319,CH009,P03,2024-08-26,2024-Q3,1,£11.99
T103320,CH009,P02,2024-05-04,2024-Q2,3,£44.97
T103321,CH009,P01,2024-05-26,2024-Q2,1,£12.99
T103322,CH009,P01,2024-01-19,2024-Q1,1,12.99
T103323,CH009,P04,2024-05-11,2024-Q2,1,£16.99
T103324,CH009,P01,2024-01-05,2024-Q1,3,38.97
T103325,CH009,P01,2024-03-17,2024-Q1,1,£12.99
T103326,CH009,P01,2024-09-04,2024-Q3,1,£12.99
T103327,CH009,P05,2024-03-21,2024-Q1,2,£31.98
T103328,CH009,P02,2024-12-06,2024-Q4,1,£14.99
T103329,CH009,P03,2024-02-02,2024-Q1,1,£11.99
T103330,CH009,P01,2024-03-09,2024-Q1,2,£26
T103331,CH009,P03,2024-03-16,2024-Q1,1,£11.99
T103332,CH009,P04,2024-09-08,2024-Q3,1,£16.99
T103333,CH009,P04,2024-05-09,2024-Q2,1,16.99
T103334,CH009,P04,2024-06-22,2024-Q2,2,£33.98
T103335,CH009,P05,2024-09-21,2024-Q3,1,£15.99
T103336,CH009,P06,2024-05-05,2024-Q2,2,109.98
T103337,CH009,P05,2024-02-08,2024-Q1,1,£15.99
T103338,CH009,P02,2024-05-19,2024-Q2,2,29.98
T103339,CH009,P03,2024-10-15,2024-Q4,2,£23.98
T103340,CH009,P04,2024-02-04,2024-Q1,1,£17
T103341,CH009,P02,2024-07-17,2024-Q3,1,£14.99
T103342,CH009,P05,2024-04-19,2024-Q2,3,47.97
T103343,CH009,P02,2024-03-23,2024-Q1,2,£29.98
T103344,CH009,P01,2024-02-10,2024-Q1,2,£25.98
T103345,CH009,P02,2024-11-21,2024-Q4,1,£14.99
T103346,CH009,P06,2024-09-06,2024-Q3,3,£164.97
T103347,CH009,P01,2024-06-10,2024-Q2,1,£13
T103348,CH009,P03,2024-10-27,2024-Q4,2,£23.98
T103349,CH009,P01,2024-02-16,2024-Q1,1,12.99
T103350,CH009,P02,2024-03-26,2024-Q1,2,£29.98
T103351,CH009,P03,2024-04-18,2024-Q2,1,£11.99
T103352,CH009,P03,2024-02-28,2024-Q1,1,£12
T103353,CH009,P02,2024-11-03,2024-Q4,1,14.99
T103354,CH009,P03,2024-03-28,2024-Q1,1,£11.99
T103355,CH009,P03,2024-02-20,2024-Q1,1,11.99
T103356,CH009,P02,2024-08-19,2024-Q3,1,£14.99
T103357,CH009,P02,2024-12-06,2024-Q4,2,£30
T103358,CH009,P04,2024-06-02,2024-Q2,2,33.98
T103359,CH009,P05,2024-04-20,2024-Q2,1,£15.99
T103360,CH009,P04,2024-07-10,2024-Q3,1,£16.99
T103361,CH009,P05,2024-03-18,2024-Q1,2,31.98
T103362,CH009,P03,2024-01-04,2024-Q1,1,£12
T103363,CH009,P04,2024-07-23,2024-Q3,1,£17
T103364,CH009,P02,2024-09-13,2024-Q3,2,£29.98
T103365,CH009,P04,2024-04-18,2024-Q2,2,£33.98
T103366,CH009,P02,2024-06-02,2024-Q2,1,£15
T103367,CH009,P01,2024-06-14,2024-Q2,3,£38.97
T103368,CH009,P03,2024-12-12,2024-Q4,1,11.99
T103369,CH009,P01,2024-10-21,2024-Q4,2,£25.98
T103370,CH009,P01,2024-07-04,2024-Q3,1,£12.99
T103371,CH009,P02,2024-04-28,2024-Q2,3,£44.97
T103372,CH009,P01,2024-12-10,2024-Q4,2,25.98
T103373,CH009,P01,2024-07-28,2024-Q3,1,£13
T103374,CH009,P03,2024-09-05,2024-Q3,1,11.99
T103375,CH009,P05,2024-03-15,2024-Q1,1,£15.99
T103376,CH009,P01,2024-03-10,2024-Q1,2,25.98
T103377,CH009,P04,2024-09-01,2024-Q3,1,£16.99
T103378,CH009,P01,2024-05-08,2024-Q2,3,38.97
T103379,CH009,P02,2024-04-16,2024-Q2,1,£15
T103380,CH009,P01,2024-01-27,2024-Q1,1,£12.99
T103381,CH009,P01,2024-06-07,2024-Q2,1,£12.99
T103382,CH009,P04,2024-03-08,2024-Q1,1,£16.99
T103383,CH009,P03,2024-07-07,2024-Q3,1,£11.99
T103384,CH009,P01,2024-07-24,2024-Q3,1,£13
T103385,CH009,P01,2024-10-18,2024-Q4,1,£12.99
T103386,CH009,P04,2024-04-21,2024-Q2,1,£16.99
T103387,CH009,P04,2024-03-12,2024-Q1,2,£33.98
T103388,CH009,P05,2024-04-17,2024-Q2,1,£16
T103389,CH009,P03,2024-04-25,2024-Q2,1,£12
T103390,CH009,P03,2024-11-10,2024-Q4,3,£35.97
T103391,CH009,P03,2024-04-03,2024-Q2,1,£11.99
T103392,CH009,P01,2024-07-07,2024-Q3,1,12.99
T103393,CH009,P01,2024-02-11,2024-Q1,1,£13
T103394,CH009,P04,2024-10-18,2024-Q4,1,16.99
T103395,CH009,P01,2024-10-20,2024-Q4,1,£12.99
T103396,CH009,P03,2024-07-17,2024-Q3,1,11.99
T103397,CH009,P02,2024-09-22,2024-Q3,2,£30
T103398,CH009,P02,2024-08-01,2024-Q3,3,44.97
T103399,CH009,P02,2024-09-26,2024-Q3,2,£29.98
T103400,CH009,P05,2024-07-18,2024-Q3,2,31.98
T103401,CH009,P01,2024-04-17,2024-Q2,2,£25.98
T103402,CH009,P02,2024-10-28,2024-Q4,1,14.99
T103403,CH009,P05,2024-03-13,2024-Q1,1,£15.99
T103404,CH009,P02,2024-11-18,2024-Q4,1,14.99
T103405,CH009,P02,2024-02-11,2024-Q1,2,29.98
T103406,CH009,P03,2024-05-23,2024-Q2,2,£23.98
T103407,CH009,P01,2024-10-19,2024-Q4,3,£38.97
T103408,CH009,P05,2024-06-06,2024-Q2,2,31.98
T103409,CH009,P02,2024-01-14,2024-Q1,1,£15
T103410,CH009,P04,2024-01-28,2024-Q1,1,16.99
T103411,CH009,P01,2024-10-16,2024-Q4,1,£13
T103412,CH009,P03,2024-03-14,2024-Q1,1,11.99
T103413,CH009,P06,2024-09-14,2024-Q3,1,54.99
T103414,CH009,P02,2024-08-21,2024-Q3,2,£30
T103415,CH009,P03,2024-03-02,2024-Q1,1,£12
T103416,CH009,P03,2024-02-13,2024-Q1,1,£11.99
T103417,CH009,P03,2024-09-27,2024-Q3,1,£12
T103418,CH009,P05,2024-05-02,2024-Q2,2,31.98
T103419,CH009,P03,2024-04-16,2024-Q2,1,£11.99
T103420,CH009,P03,2024-11-28,2024-Q4,1,11.99
T103421,CH009,P04,2024-08-16,2024-Q3,1,16.99
T103422,CH009,P03,2024-11-09,2024-Q4,1,11.99
T103423,CH009,P05,2024-05-13,2024-Q2,1,£15.99
T103424,CH009,P01,2024-05-21,2024-Q2,1,12.99
T103425,CH009,P02,2024-05-16,2024-Q2,1,14.99
T103426,CH009,P03,2024-08-05,2024-Q3,1,£11.99
T103427,CH009,P01,2024-03-10,2024-Q1,3,£39
T103428,CH009,P04,2024-08-25,2024-Q3,1,£17
T103429,CH009,P01,2024-08-27,2024-Q3,2,£25.98
T103430,CH009,P04,2024-11-25,2024-Q4,1,16.99
T103431,CH009,P05,2024-01-06,2024-Q1,1,£15.99
T103432,CH009,P03,2024-03-15,2024-Q1,1,£11.99
T103433,CH009,P03,2024-04-05,2024-Q2,2,23.98
T103434,CH009,P04,2024-12-24,2024-Q4,3,£51
T103435,CH009,P04,2024-07-01,2024-Q3,1,£16.99
T103436,CH009,P05,2024-08-23,2024-Q3,1,£15.99
T103437,CH009,P01,2024-05-18,2024-Q2,2,£25.98
T103438,CH009,P04,2024-05-27,2024-Q2,2,£34
T103439,CH009,P01,2024-03-10,2024-Q1,1,£12.99
T103440,CH009,P01,2024-09-19,2024-Q3,1,£12.99
T103441,CH009,P02,2024-09-19,2024-Q3,1,14.99
T103442,CH009,P02,2024-10-14,2024-Q4,1,£15
T103443,CH009,P03,2024-02-06,2024-Q1,1,£12
T103444,CH009,P01,2024-08-03,2024-Q3,1,£13
T103445,CH009,P03,2024-01-24,2024-Q1,1,£12
T103446,CH009,P02,2024-06-10,2024-Q2,3,£45
T103447,CH009,P06,2024-09-01,2024-Q3,2,£109.98
T103448,CH009,P05,2024-02-12,2024-Q1,1,£15.99
T103449,CH009,P02,2024-11-08,2024-Q4,3,£44.97
T103450,CH009,P03,2024-05-28,2024-Q2,1,11.99
T103451,CH009,P03,2024-04-26,2024-Q2,2,23.98
T103452,CH009,P03,2024-05-16,2024-Q2,1,£11.99
T103453,CH009,P02,2024-09-18,2024-Q3,1,£14.99
T103454,CH009,P02,2024-05-04,2024-Q2,2,£30
T103455,CH009,P02,2024-07-26,2024-Q3,3,£44.97
T103456,CH009,P01,2024-03-10,2024-Q1,2,£25.98
T103457,CH009,P05,2024-04-18,2024-Q2,3,47.97
T103458,CH009,P01,2024-06-26,2024-Q2,1,£12.99
T103459,CH009,P01,2024-03-04,2024-Q1,1,12.99
T103460,CH009,P01,2024-08-24,2024-Q3,2,25.98
T103461,CH009,P02,2024-09-24,2024-Q3,2,£29.98
T103462,CH009,P01,2024-09-26,2024-Q3,1,£12.99
T103463,CH009,P02,2024-03-15,2024-Q1,1,£14.99
T103464,CH009,P01,2024-10-20,2024-Q4,1,12.99
T103465,CH009,P05,2024-04-26,2024-Q2,3,47.97
T103466,CH009,P03,2024-12-22,2024-Q4,3,£36
T103467,CH009,P04,2024-03-11,2024-Q1,1,£17
T103468,CH009,P02,2024-04-20,2024-Q2,2,£29.98
T103469,CH009,P03,2024-02-14,2024-Q1,1,£11.99
T103470,CH009,P02,2024-03-18,2024-Q1,1,£14.99
T103471,CH009,P03,2024-05-01,2024-Q2,2,£23.98
T103472,CH009,P04,2024-06-17,2024-Q2,1,£16.99
T103473,CH009,P03,2024-10-10,2024-Q4,3,£36
T103474,CH009,P03,2024-08-07,2024-Q3,1,£12
T103475,CH009,P05,2024-11-08,2024-Q4,2,£32
T103476,CH009,P01,2024-12-20,2024-Q4,1,£12.99
T103477,CH009,P01,2024-02-17,2024-Q1,1,£12.99
T103478,CH009,P02,2024-03-08,2024-Q1,1,£14.99
T103479,CH009,P04,2024-09-07,2024-Q3,2,33.98
T103480,CH009,P04,2024-09-03,2024-Q3,1,£16.99
T103481,CH009,P01,2024-12-11,2024-Q4,1,£12.99
T103482,CH009,P01,2024-10-13,2024-Q4,1,£12.99
T103483,CH009,P01,2024-05-22,2024-Q2,1,£12.99
T103484,CH009,P02,2024-10-01,2024-Q4,2,£29.98
T103485,CH009,P06,2024-06-27,2024-Q2,2,109.98
T103486,CH009,P05,2024-02-04,2024-Q1,3,£47.97
T103487,CH009,P03,2024-04-13,2024-Q2,1,£12
T103488,CH009,P01,2024-08-07,2024-Q3,1,£12.99
T103489,CH009,P05,2024-06-12,2024-Q2,1,£15.99
T103490,CH009,P03,2024-03-01,2024-Q1,1,£11.99
T103491,CH009,P01,2024-02-18,2024-Q1,1,£12.99
T103492,CH009,P05,2024-11-05,2024-Q4,1,15.99
T103493,CH009,P03,2024-11-02,2024-Q4,1,£11.99
T103494,CH009,P05,2024-12-10,2024-Q4,1,15.99
T103495,CH009,P04,2024-10-03,2024-Q4,1,£17
T103496,CH009,P06,2024-04-09,2024-Q2,1,54.99
T103497,CH009,P01,2024-08-15,2024-Q3,2,£26
T103498,CH009,P04,2024-03-25,2024-Q1,1,£16.99
T103499,CH009,P04,2024-03-11,2024-Q1,1,£16.99
T103500,CH009,P02,2024-04-10,2024-Q2,2,29.98
T103501,CH009,P03,2024-03-07,2024-Q1,1,£11.99
T103502,CH009,P02,2024-02-15,2024-Q1,1,£14.99
T103503,CH009,P04,2024-01-17,2024-Q1,1,16.99
T103504,CH009,P03,2024-07-02,2024-Q3,2,£23.98
T103505,CH009,P03,2024-10-10,2024-Q4,1,£11.99
T103506,CH009,P02,2024-08-08,2024-Q3,1,14.99
T103507,CH009,P02,2024-05-10,2024-Q2,1,£14.99
T103508,CH009,P02,2024-01-05,2024-Q1,1,14.99
T103509,CH009,P01,2024-05-19,2024-Q2,1,£12.99
T103510,CH009,P03,2024-05-23,2024-Q2,2,23.98
T103511,CH009,P03,2024-08-03,2024-Q3,1,11.99
T103512,CH009,P04,2024-03-05,2024-Q1,1,16.99
T103513,CH009,P01,2024-07-17,2024-Q3,1,12.99
T103514,CH009,P04,2024-11-15,2024-Q4,1,£17
T103515,CH009,P01,2024-07-11,2024-Q3,2,£25.98
T103516,CH009,P04,2024-11-09,2024-Q4,1,£17
T103517,CH009,P02,2024-11-28,2024-Q4,1,14.99
T103518,CH009,P03,2024-07-06,2024-Q3,2,£24
T103519,CH009,P04,2024-12-18,2024-Q4,1,£16.99
T103520,CH009,P03,2024-11-21,2024-Q4,1,£11.99
T103521,CH009,P04,2024-07-14,2024-Q3,1,£16.99
T103522,CH009,P02,2024-09-27,2024-Q3,3,44.97
T103523,CH009,P03,2024-10-23,2024-Q4,1,£11.99
T103524,CH009,P04,2024-12-11,2024-Q4,2,£34
T103525,CH009,P02,2024-11-11,2024-Q4,1,£15
T103526,CH009,P02,2024-11-20,2024-Q4,2,£30
T103527,CH009,P03,2024-08-10,2024-Q3,1,£11.99
T103528,CH009,P03,2024-12-25,2024-Q4,2,£23.98
T103529,CH009,P01,2024-05-09,2024-Q2,2,£25.98
T103530,CH009,P05,2024-10-21,2024-Q4,1,£15.99
T103531,CH009,P04,2024-03-12,2024-Q1,1,£16.99
T103532,CH009,P04,2024-10-18,2024-Q4,2,£33.98
T103533,CH009,P04,2024-07-15,2024-Q3,3,£51
T103534,CH009,P01,2024-08-28,2024-Q3,3,£39
T103535,CH009,P03,2024-01-09,2024-Q1,3,£36
T103536,CH009,P03,2024-07-21,2024-Q3,3,£35.97
T103537,CH009,P01,2024-09-16,2024-Q3,2,£26
T103538,CH009,P02,2024-08-17,2024-Q3,1,14.99
T103539,CH009,P05,2024-09-24,2024-Q3,1,15.99
T103540,CH009,P04,2024-08-09,2024-Q3,2,£34
T103541,CH009,P01,2024-01-03,2024-Q1,3,£38.97
T103542,CH009,P02,2024-05-16,2024-Q2,1,14.99
T103543,CH009,P05,2024-09-11,2024-Q3,1,£16
T103544,CH009,P06,2024-06-14,2024-Q2,1,54.99
T103545,CH009,P05,2024-01-10,2024-Q1,2,£32
T103546,CH009,P03,2024-02-14,2024-Q1,1,£12
T103547,CH009,P02,2024-10-06,2024-Q4,1,14.99
T103548,CH009,P01,2025-11-13,2025-Q4,2,£25.98
T103549,CH009,P01,2025-11-07,2025-Q4,1,£12.99
T103550,CH009,P02,2025-10-25,2025-Q4,2,£29.98
T103551,CH009,P02,2025-10-08,2025-Q4,1,14.99
T103552,CH009,P02,2025-04-21,2025-Q2,1,£14.99
T103553,CH009,P02,2025-07-03,2025-Q3,1,£14.99
T103554,CH009,P02,2025-02-06,2025-Q1,1,£15
T103555,CH009,P01,2025-08-07,2025-Q3,1,£12.99
T103556,CH009,P02,2025-01-20,2025-Q1,1,14.99
T103557,CH009,P02,2025-11-20,2025-Q4,1,£14.99
T103558,CH009,P05,2025-11-22,2025-Q4,1,£16
T103559,CH009,P03,2025-12-10,2025-Q4,2,£24
T103560,CH009,P05,2025-10-15,2025-Q4,2,£32
T103561,CH009,P04,2025-11-02,2025-Q4,3,£51
T103562,CH009,P01,2025-09-24,2025-Q3,2,25.98
T103563,CH009,P05,2025-05-19,2025-Q2,1,£15.99
T103564,CH009,P05,2025-09-12,2025-Q3,3,47.97
T103565,CH009,P01,2025-01-26,2025-Q1,1,£12.99
T103566,CH009,P02,2025-07-18,2025-Q3,1,£14.99
T103567,CH009,P03,2025-09-06,2025-Q3,1,11.99
T103568,CH009,P03,2025-04-26,2025-Q2,1,11.99
T103569,CH009,P05,2025-06-27,2025-Q2,1,£15.99
T103570,CH009,P05,2025-05-28,2025-Q2,1,£15.99
T103571,CH009,P03,2025-03-04,2025-Q1,1,£11.99
T103572,CH009,P01,2025-12-11,2025-Q4,2,£25.98
T103573,CH009,P02,2025-03-16,2025-Q1,1,£14.99
T103574,CH009,P03,2025-03-03,2025-Q1,1,11.99
T103575,CH009,P01,2025-02-08,2025-Q1,2,£25.98
T103576,CH009,P03,2025-06-14,2025-Q2,1,11.99
T103577,CH009,P02,2025-02-15,2025-Q1,2,£29.98
T103578,CH009,P05,2025-10-23,2025-Q4,1,£15.99
T103579,CH009,P01,2025-04-12,2025-Q2,1,£12.99
T103580,CH009,P05,2025-09-17,2025-Q3,1,£15.99
T103581,CH009,P02,2025-08-02,2025-Q3,1,14.99
T103582,CH009,P01,2025-01-06,2025-Q1,2,£26
T103583,CH009,P04,2025-06-28,2025-Q2,2,£33.98
T103584,CH009,P01,2025-10-13,2025-Q4,1,£12.99
T103585,CH009,P04,2025-04-10,2025-Q2,1,£16.99
T103586,CH009,P02,2025-07-18,2025-Q3,1,£14.99
T103587,CH009,P05,2025-05-01,2025-Q2,3,£48
T103588,CH009,P03,2025-10-09,2025-Q4,2,23.98
T103589,CH009,P05,2025-07-05,2025-Q3,1,£15.99
T103590,CH009,P04,2025-04-13,2025-Q2,1,£17
T103591,CH009,P05,2025-12-01,2025-Q4,1,£16
T103592,CH009,P01,2025-11-09,2025-Q4,2,25.98
T103593,CH009,P03,2025-09-14,2025-Q3,2,£23.98
T103594,CH009,P05,2025-05-17,2025-Q2,2,£31.98
T103595,CH009,P01,2025-10-16,2025-Q4,2,25.98
T103596,CH009,P01,2025-07-25,2025-Q3,1,12.99
T103597,CH009,P01,2025-06-06,2025-Q2,1,12.99
T103598,CH009,P05,2025-03-20,2025-Q1,1,£15.99
T103599,CH009,P02,2025-08-19,2025-Q3,3,44.97
T103600,CH009,P03,2025-06-20,2025-Q2,1,11.99
T103601,CH009,P04,2025-10-14,2025-Q4,2,£34
T103602,CH009,P02,2025-09-10,2025-Q3,1,£15
T103603,CH009,P01,2025-08-05,2025-Q3,1,12.99
T103604,CH009,P01,2025-08-19,2025-Q3,1,12.99
T103605,CH009,P05,2025-05-04,2025-Q2,1,15.99
T103606,CH009,P02,2025-07-13,2025-Q3,3,£44.97
T103607,CH009,P06,2025-09-09,2025-Q3,2,£109.98
T103608,CH009,P03,2025-09-14,2025-Q3,1,£12
T103609,CH009,P01,2025-07-12,2025-Q3,1,£12.99
T103610,CH009,P03,2025-08-07,2025-Q3,1,£12
T103611,CH009,P04,2025-04-04,2025-Q2,1,£17
T103612,CH009,P02,2025-11-04,2025-Q4,1,14.99
T103613,CH009,P03,2025-03-05,2025-Q1,1,£11.99
T103614,CH009,P05,2025-12-21,2025-Q4,3,£47.97
T103615,CH009,P02,2025-07-07,2025-Q3,1,£15
T103616,CH009,P01,2025-07-01,2025-Q3,1,£12.99
T103617,CH009,P04,2025-06-02,2025-Q2,1,16.99
T103618,CH009,P04,2025-09-07,2025-Q3,3,£50.97
T103619,CH009,P01,2025-04-02,2025-Q2,1,£12.99
T103620,CH009,P04,2025-08-15,2025-Q3,1,£16.99
T103621,CH009,P04,2025-05-23,2025-Q2,2,£34
T103622,CH009,P02,2025-07-04,2025-Q3,2,£29.98
T103623,CH009,P01,2025-04-06,2025-Q2,1,£12.99
T103624,CH009,P04,2025-06-01,2025-Q2,2,£33.98
T103625,CH009,P02,2025-12-15,2025-Q4,1,£14.99
T103626,CH009,P03,2025-03-01,2025-Q1,1,£11.99
T103627,CH009,P01,2025-06-07,2025-Q2,1,£12.99
T103628,CH009,P03,2025-01-18,2025-Q1,1,£11.99
T103629,CH009,P05,2025-05-07,2025-Q2,1,£15.99
T103630,CH009,P03,2025-02-24,2025-Q1,1,£11.99
T103631,CH009,P03,2025-04-02,2025-Q2,1,11.99
T103632,CH009,P04,2025-11-26,2025-Q4,1,£16.99
T103633,CH009,P01,2025-09-26,2025-Q3,1,£12.99
T103634,CH009,P04,2025-04-12,2025-Q2,1,£16.99
T103635,CH009,P05,2025-02-27,2025-Q1,2,£31.98
T103636,CH009,P05,2025-04-14,2025-Q2,1,£15.99
T103637,CH009,P01,2025-02-07,2025-Q1,1,£13
T103638,CH009,P03,2025-03-21,2025-Q1,2,£24
T103639,CH009,P02,2025-01-26,2025-Q1,1,14.99
T103640,CH009,P01,2025-06-21,2025-Q2,2,£25.98
T103641,CH009,P05,2025-04-03,2025-Q2,1,£15.99
T103642,CH009,P03,2025-11-19,2025-Q4,1,£11.99
T103643,CH009,P03,2025-01-23,2025-Q1,1,£12
T103644,CH009,P05,2025-12-26,2025-Q4,1,£15.99
T103645,CH009,P03,2025-01-25,2025-Q1,1,11.99
T103646,CH009,P01,2025-12-05,2025-Q4,1,£12.99
T103647,CH009,P02,2025-01-23,2025-Q1,1,14.99
T103648,CH009,P01,2025-02-17,2025-Q1,1,£12.99
T103649,CH009,P03,2025-10-24,2025-Q4,1,11.99
T103650,CH009,P05,2025-08-16,2025-Q3,1,£15.99
T103651,CH009,P05,2025-06-26,2025-Q2,2,31.98
T103652,CH009,P03,2025-05-17,2025-Q2,2,£24
T103653,CH009,P01,2025-04-18,2025-Q2,1,£12.99
T103654,CH009,P06,2025-08-11,2025-Q3,1,£54.99
T103655,CH009,P06,2025-08-27,2025-Q3,1,£55
T103656,CH009,P02,2025-11-27,2025-Q4,2,29.98
T103657,CH009,P04,2025-02-15,2025-Q1,1,£17
T103658,CH009,P02,2025-04-01,2025-Q2,1,£14.99
T103659,CH009,P01,2025-06-23,2025-Q2,1,£12.99
T103660,CH009,P05,2025-11-20,2025-Q4,1,£15.99
T103661,CH009,P01,2025-11-01,2025-Q4,1,£12.99
T103662,CH009,P03,2025-04-28,2025-Q2,1,£11.99
T103663,CH009,P04,2025-09-09,2025-Q3,1,£16.99
T103664,CH009,P05,2025-07-12,2025-Q3,1,15.99
T103665,CH009,P03,2025-05-12,2025-Q2,1,£11.99
T103666,CH009,P01,2025-04-19,2025-Q2,2,£25.98
T103667,CH009,P05,2025-04-15,2025-Q2,2,£31.98
T103668,CH009,P02,2025-12-02,2025-Q4,1,£14.99
T103669,CH009,P05,2025-07-15,2025-Q3,1,£15.99
T103670,CH009,P04,2025-01-12,2025-Q1,1,£16.99
T103671,CH009,P05,2025-10-27,2025-Q4,1,£15.99
T103672,CH009,P06,2025-04-09,2025-Q2,1,£54.99
T103673,CH009,P05,2025-01-25,2025-Q1,2,£31.98
T103674,CH009,P01,2025-04-13,2025-Q2,1,£12.99
T103675,CH009,P02,2025-11-11,2025-Q4,1,£14.99
T103676,CH009,P01,2025-12-04,2025-Q4,1,£13
T103677,CH009,P01,2025-03-14,2025-Q1,2,25.98
T103678,CH009,P02,2025-04-19,2025-Q2,1,£15
T103679,CH009,P05,2025-07-17,2025-Q3,2,£31.98
T103680,CH009,P02,2025-07-04,2025-Q3,1,£15
T103681,CH009,P03,2025-08-14,2025-Q3,1,£11.99
T103682,CH009,P02,2025-11-17,2025-Q4,1,14.99
T103683,CH009,P01,2025-02-21,2025-Q1,1,£12.99
T103684,CH009,P02,2025-02-09,2025-Q1,1,£15
T103685,CH009,P02,2025-02-15,2025-Q1,1,£15
T103686,CH009,P01,2025-02-23,2025-Q1,1,12.99
T103687,CH009,P03,2025-04-27,2025-Q2,1,£11.99
T103688,CH009,P01,2025-03-10,2025-Q1,1,12.99
T103689,CH009,P01,2025-12-04,2025-Q4,2,25.98
T103690,CH009,P05,2025-02-10,2025-Q1,1,£15.99
T103691,CH009,P01,2025-07-03,2025-Q3,1,£12.99
T103692,CH009,P02,2025-08-20,2025-Q3,1,£14.99
T103693,CH009,P02,2025-11-03,2025-Q4,1,14.99
T103694,CH009,P01,2025-09-12,2025-Q3,2,£25.98
T103695,CH009,P01,2025-06-28,2025-Q2,1,12.99
T103696,CH009,P04,2025-03-10,2025-Q1,1,16.99
T103697,CH009,P01,2025-04-14,2025-Q2,1,12.99
T103698,CH009,P05,2025-02-03,2025-Q1,1,£15.99
T103699,CH009,P01,2025-11-22,2025-Q4,2,£25.98
T103700,CH009,P01,2025-11-18,2025-Q4,1,12.99
T103701,CH009,P02,2025-11-07,2025-Q4,1,£15
T103702,CH009,P01,2025-07-25,2025-Q3,1,12.99
T103703,CH009,P02,2025-06-20,2025-Q2,1,£15
T103704,CH009,P06,2025-04-13,2025-Q2,1,54.99
T103705,CH009,P04,2025-02-17,2025-Q1,3,£51
T103706,CH009,P04,2025-10-10,2025-Q4,1,16.99
T103707,CH009,P03,2025-07-14,2025-Q3,1,£11.99
T103708,CH009,P04,2025-12-12,2025-Q4,1,16.99
T103709,CH009,P03,2025-07-10,2025-Q3,1,£12
T103710,CH009,P04,2025-06-12,2025-Q2,2,£34
T103711,CH009,P03,2025-06-15,2025-Q2,1,£12
T103712,CH009,P03,2025-01-07,2025-Q1,2,£23.98
T103713,CH009,P05,2025-04-24,2025-Q2,1,15.99
T103714,CH009,P03,2025-08-01,2025-Q3,1,£11.99
T103715,CH009,P05,2025-03-22,2025-Q1,2,£31.98
T103716,CH009,P03,2025-05-07,2025-Q2,1,£11.99
T103717,CH009,P03,2025-12-02,2025-Q4,1,11.99
T103718,CH009,P04,2025-12-28,2025-Q4,1,£16.99
T103719,CH009,P02,2025-07-21,2025-Q3,1,14.99
T103720,CH009,P05,2025-11-13,2025-Q4,1,£15.99
T103721,CH009,P05,2025-01-19,2025-Q1,1,15.99
T103722,CH009,P05,2025-02-25,2025-Q1,1,£15.99
T103723,CH009,P02,2025-12-17,2025-Q4,1,14.99
T103724,CH009,P03,2025-04-10,2025-Q2,1,£11.99
T103725,CH009,P01,2025-09-12,2025-Q3,1,£13
T103726,CH009,P01,2025-08-14,2025-Q3,1,£12.99
T103727,CH009,P01,2025-05-10,2025-Q2,2,£25.98
T103728,CH009,P01,2025-05-06,2025-Q2,1,£12.99
T103729,CH009,P01,2025-10-18,2025-Q4,2,25.98
T103730,CH009,P03,2025-01-06,2025-Q1,2,£23.98
T103731,CH009,P05,2025-05-16,2025-Q2,2,£31.98
T103732,CH009,P01,2025-06-13,2025-Q2,1,12.99
T103733,CH009,P06,2025-11-12,2025-Q4,1,£54.99
T103734,CH009,P06,2025-03-13,2025-Q1,1,£54.99
T103735,CH009,P03,2025-09-02,2025-Q3,2,£23.98
T103736,CH009,P01,2025-05-17,2025-Q2,1,£13
T103737,CH009,P02,2025-02-15,2025-Q1,1,£14.99
T103738,CH009,P04,2025-08-08,2025-Q3,1,£16.99
T103739,CH009,P04,2025-10-03,2025-Q4,1,£16.99
T103740,CH009,P01,2025-02-08,2025-Q1,3,£38.97
T103741,CH009,P01,2025-10-05,2025-Q4,3,£38.97
T103742,CH009,P03,2025-09-28,2025-Q3,1,11.99
T103743,CH009,P02,2025-02-01,2025-Q1,3,£44.97
T103744,CH009,P03,2025-10-19,2025-Q4,1,£11.99
T103745,CH009,P03,2025-09-09,2025-Q3,1,£11.99
T103746,CH009,P02,2025-09-20,2025-Q3,1,14.99
T103747,CH009,P02,2025-10-20,2025-Q4,3,£44.97
T103748,CH009,P01,2025-05-04,2025-Q2,2,£25.98
T103749,CH009,P01,2025-03-02,2025-Q1,3,£38.97
T103750,CH009,P01,2025-01-06,2025-Q1,1,£12.99
T103751,CH009,P03,2025-12-15,2025-Q4,2,£23.98
T103752,CH009,P03,2025-09-23,2025-Q3,1,£11.99
T103753,CH009,P04,2025-11-12,2025-Q4,2,33.98
T103754,CH009,P04,2025-07-01,2025-Q3,3,£50.97
T103755,CH009,P04,2025-11-01,2025-Q4,1,£16.99
T103756,CH009,P04,2025-05-06,2025-Q2,2,£33.98
T103757,CH009,P05,2025-11-08,2025-Q4,1,£15.99
T103758,CH009,P02,2025-05-20,2025-Q2,1,£15
T103759,CH009,P03,2025-08-02,2025-Q3,1,£11.99
T103760,CH009,P04,2025-02-04,2025-Q1,2,£33.98
T103761,CH009,P01,2025-09-08,2025-Q3,1,12.99
T103762,CH009,P02,2025-10-04,2025-Q4,1,£14.99
T103763,CH009,P01,2025-12-07,2025-Q4,1,£12.99
T103764,CH009,P02,2025-01-09,2025-Q1,1,£15
T103765,CH009,P02,2025-12-20,2025-Q4,1,£14.99
T103766,CH009,P04,2025-12-14,2025-Q4,2,£33.98
T103767,CH009,P01,2025-01-17,2025-Q1,1,£12.99
T103768,CH009,P04,2025-04-17,2025-Q2,1,£16.99
T103769,CH009,P05,2025-05-04,2025-Q2,3,£48
T103770,CH009,P02,2025-06-09,2025-Q2,1,£14.99
T103771,CH009,P04,2025-08-13,2025-Q3,1,£17
T103772,CH009,P05,2025-08-22,2025-Q3,2,31.98
T103773,CH009,P01,2025-03-03,2025-Q1,1,£13
T103774,CH009,P04,2025-08-21,2025-Q3,2,33.98
T103775,CH009,P05,2025-05-04,2025-Q2,3,£48
T103776,CH009,P01,2025-08-18,2025-Q3,1,£12.99
T103777,CH009,P03,2025-05-27,2025-Q2,1,£11.99
T103778,CH009,P03,2025-11-18,2025-Q4,1,11.99
T103779,CH009,P04,2025-01-28,2025-Q1,1,£17
T103780,CH009,P04,2025-08-05,2025-Q3,1,16.99
T103781,CH009,P03,2025-12-09,2025-Q4,1,£11.99
T103782,CH009,P03,2025-11-25,2025-Q4,1,£11.99
T103783,CH009,P05,2025-02-18,2025-Q1,1,15.99
T103784,CH009,P05,2025-01-22,2025-Q1,1,£16
T103785,CH009,P05,2025-07-05,2025-Q3,1,15.99
T103786,CH009,P04,2025-09-20,2025-Q3,1,£17
T103787,CH009,P05,2025-12-05,2025-Q4,1,15.99
T103788,CH009,P03,2025-05-08,2025-Q2,2,£23.98
T103789,CH009,P03,2025-01-16,2025-Q1,1,£11.99
T103790,CH009,P02,2025-12-02,2025-Q4,1,£15
T103791,CH009,P01,2025-01-04,2025-Q1,1,£12.99
T103792,CH009,P04,2025-12-14,2025-Q4,1,16.99
T103793,CH009,P01,2025-07-16,2025-Q3,1,£12.99
T103794,CH009,P05,2025-01-16,2025-Q1,1,£15.99
T103795,CH009,P02,2025-07-14,2025-Q3,3,£44.97
T103796,CH009,P05,2025-02-28,2025-Q1,1,£15.99
T103797,CH009,P01,2025-07-27,2025-Q3,1,£12.99
T103798,CH009,P03,2025-04-02,2025-Q2,1,£11.99
T103799,CH009,P02,2025-07-14,2025-Q3,2,£29.98
T103800,CH009,P02,2025-09-28,2025-Q3,1,£15
T103801,CH009,P02,2025-11-13,2025-Q4,1,£14.99
T103802,CH009,P03,2025-02-03,2025-Q1,1,11.99
T103803,CH009,P03,2025-09-06,2025-Q3,1,£11.99
T103804,CH009,P02,2025-06-20,2025-Q2,1,£15
T103805,CH009,P03,2025-03-08,2025-Q1,1,£11.99
T103806,CH009,P04,2025-06-13,2025-Q2,1,£16.99
T103807,CH009,P03,2025-11-19,2025-Q4,2,£23.98
T103808,CH009,P05,2025-05-21,2025-Q2,2,31.98
T103809,CH009,P05,2025-11-01,2025-Q4,1,£16
T103810,CH009,P03,2025-09-26,2025-Q3,1,£11.99
T103811,CH009,P01,2025-04-14,2025-Q2,1,£13
T103812,CH009,P03,2025-11-20,2025-Q4,1,11.99
T103813,CH009,P02,2025-03-23,2025-Q1,1,14.99
T103814,CH009,P06,2025-05-25,2025-Q2,1,£54.99
T103815,CH010,P05,2024-03-24,2024-Q1,2,£31.98
T103816,CH010,P03,2024-10-08,2024-Q4,2,£23.98
T103817,CH010,P05,2024-12-01,2024-Q4,1,£15.99
T103818,CH010,P02,2024-12-24,2024-Q4,1,£14.99
T103819,CH010,P02,2024-04-14,2024-Q2,2,£29.98
T103820,CH010,P02,2024-07-18,2024-Q3,1,£14.99
T103821,CH010,P03,2024-04-14,2024-Q2,1,£11.99
T103822,CH010,P04,2024-07-16,2024-Q3,3,50.97
T103823,CH010,P03,2024-04-12,2024-Q2,1,£11.99
T103824,CH010,P03,2024-06-11,2024-Q2,1,£11.99
T103825,CH010,P01,2024-11-06,2024-Q4,1,£12.99
T103826,CH010,P05,2024-01-26,2024-Q1,1,15.99
T103827,CH010,P01,2024-07-02,2024-Q3,3,£38.97
T103828,CH010,P01,2024-01-07,2024-Q1,1,£12.99
T103829,CH010,P05,2024-04-22,2024-Q2,2,31.98
T103830,CH010,P02,2024-07-01,2024-Q3,2,£29.98
T103831,CH010,P04,2024-09-26,2024-Q3,2,33.98
T103832,CH010,P01,2024-05-15,2024-Q2,1,£12.99
T103833,CH010,P01,2024-10-18,2024-Q4,1,£12.99
T103834,CH010,P01,2024-10-14,2024-Q4,1,£12.99
T103835,CH010,P04,2024-08-28,2024-Q3,1,£17
T103836,CH010,P04,2024-04-22,2024-Q2,3,£50.97
T103837,CH010,P05,2024-12-13,2024-Q4,2,£31.98
T103838,CH010,P01,2024-09-26,2024-Q3,1,£12.99
T103839,CH010,P05,2024-10-15,2024-Q4,2,£31.98
T103840,CH010,P06,2024-04-19,2024-Q2,2,109.98
T103841,CH010,P01,2024-02-01,2024-Q1,2,£26
T103842,CH010,P04,2024-07-04,2024-Q3,1,£16.99
T103843,CH010,P01,2024-09-12,2024-Q3,1,£12.99
T103844,CH010,P01,2024-09-23,2024-Q3,2,25.98
T103845,CH010,P03,2024-09-06,2024-Q3,1,£11.99
T103846,CH010,P05,2024-12-05,2024-Q4,1,£16
T103847,CH010,P05,2024-09-20,2024-Q3,1,15.99
T103848,CH010,P04,2024-06-16,2024-Q2,1,£17
T103849,CH010,P01,2024-08-26,2024-Q3,2,25.98
T103850,CH010,P05,2024-08-06,2024-Q3,3,£47.97
T103851,CH010,P05,2024-10-28,2024-Q4,1,£16
T103852,CH010,P03,2024-04-07,2024-Q2,1,£11.99
T103853,CH010,P03,2024-10-24,2024-Q4,3,£35.97
T103854,CH010,P03,2024-12-15,2024-Q4,1,£11.99
T103855,CH010,P01,2024-03-15,2024-Q1,3,£39
T103856,CH010,P01,2024-06-24,2024-Q2,2,£26
T103857,CH010,P01,2024-05-15,2024-Q2,1,£12.99
T103858,CH010,P05,2024-05-24,2024-Q2,1,£15.99
T103859,CH010,P02,2024-04-18,2024-Q2,1,£14.99
T103860,CH010,P02,2024-10-09,2024-Q4,2,£29.98
T103861,CH010,P02,2024-10-26,2024-Q4,2,£29.98
T103862,CH010,P01,2024-10-01,2024-Q4,1,12.99
T103863,CH010,P01,2024-02-15,2024-Q1,1,£13
T103864,CH010,P02,2024-05-03,2024-Q2,3,£44.97
T103865,CH010,P06,2024-03-04,2024-Q1,2,£109.98
T103866,CH010,P04,2024-05-18,2024-Q2,1,£17
T103867,CH010,P02,2024-10-07,2024-Q4,1,14.99
T103868,CH010,P02,2024-11-28,2024-Q4,2,29.98
T103869,CH010,P02,2024-02-12,2024-Q1,1,£15
T103870,CH010,P02,2025-02-14,2025-Q1,3,£44.97
T103871,CH010,P05,2025-05-25,2025-Q2,1,£16
T103872,CH010,P01,2025-01-26,2025-Q1,1,£12.99
T103873,CH010,P05,2025-02-09,2025-Q1,1,15.99
T103874,CH010,P03,2025-05-27,2025-Q2,1,£11.99
T103875,CH010,P04,2025-01-11,2025-Q1,1,£16.99
T103876,CH010,P01,2025-01-25,2025-Q1,1,£12.99
T103877,CH010,P02,2025-05-09,2025-Q2,2,£29.98
T103878,CH010,P03,2025-11-01,2025-Q4,2,23.98
T103879,CH010,P02,2025-01-14,2025-Q1,2,29.98
T103880,CH010,P01,2025-06-09,2025-Q2,2,25.98
T103881,CH010,P02,2025-01-11,2025-Q1,1,£14.99
T103882,CH010,P01,2025-10-19,2025-Q4,2,£25.98
T103883,CH010,P01,2025-08-03,2025-Q3,1,£12.99
T103884,CH010,P02,2025-12-10,2025-Q4,3,£45
T103885,CH010,P06,2025-09-12,2025-Q3,1,£54.99
T103886,CH010,P01,2025-09-13,2025-Q3,1,12.99
T103887,CH010,P05,2025-09-10,2025-Q3,1,£16
T103888,CH010,P01,2025-09-03,2025-Q3,1,£12.99
T103889,CH010,P03,2025-09-28,2025-Q3,1,£12
T103890,CH010,P04,2025-08-19,2025-Q3,1,£16.99
T103891,CH010,P02,2025-01-04,2025-Q1,1,£15
T103892,CH010,P02,2025-11-25,2025-Q4,3,44.97
T103893,CH010,P02,2025-11-07,2025-Q4,1,£15
T103894,CH010,P04,2025-03-11,2025-Q1,1,£17
T103895,CH010,P01,2025-06-25,2025-Q2,1,12.99
T103896,CH010,P02,2025-04-26,2025-Q2,1,£14.99
T103897,CH010,P01,2025-02-15,2025-Q1,1,£13
T103898,CH010,P01,2025-01-13,2025-Q1,2,25.98
T103899,CH010,P03,2025-04-18,2025-Q2,1,£12
T103900,CH010,P03,2025-04-01,2025-Q2,2,£23.98
T103901,CH010,P04,2025-11-13,2025-Q4,1,£17
T103902,CH010,P02,2025-05-11,2025-Q2,1,£14.99
T103903,CH010,P03,2025-02-22,2025-Q1,1,£12
T103904,CH010,P01,2025-12-13,2025-Q4,1,12.99
T103905,CH010,P02,2025-01-14,2025-Q1,1,14.99
T103906,CH010,P02,2025-09-01,2025-Q3,1,£14.99
T103907,CH010,P01,2025-08-18,2025-Q3,1,£12.99
T103908,CH010,P04,2025-06-19,2025-Q2,2,£33.98
T103909,CH010,P05,2025-03-02,2025-Q1,1,15.99
T103910,CH010,P05,2025-04-17,2025-Q2,1,£15.99
T103911,CH010,P03,2025-12-11,2025-Q4,1,£12
T103912,CH010,P03,2025-12-20,2025-Q4,1,£11.99
T103913,CH010,P01,2025-12-26,2025-Q4,1,12.99
T103914,CH010,P02,2025-11-13,2025-Q4,1,£15
T103915,CH010,P03,2025-08-03,2025-Q3,1,£11.99
T103916,CH010,P05,2025-12-13,2025-Q4,2,£31.98
T103917,CH010,P01,2025-02-04,2025-Q1,2,£25.98
T103918,CH010,P03,2025-08-12,2025-Q3,1,£11.99
T103919,CH010,P03,2025-01-18,2025-Q1,1,£12
T103920,CH010,P05,2025-08-05,2025-Q3,1,£15.99
T103921,CH010,P02,2025-01-19,2025-Q1,1,14.99
T103922,CH010,P05,2025-11-28,2025-Q4,3,£47.97
T103923,CH010,P02,2025-10-12,2025-Q4,3,£45
T103924,CH010,P03,2025-11-02,2025-Q4,1,£11.99
T103925,CH010,P01,2025-11-12,2025-Q4,1,12.99
T103926,CH010,P01,2025-10-11,2025-Q4,1,£12.99
T103927,CH010,P01,2025-05-17,2025-Q2,1,£12.99
T103928,CH010,P02,2025-10-11,2025-Q4,1,14.99
T103929,CH010,P02,2025-09-17,2025-Q3,1,£15
T103930,CH010,P04,2025-03-23,2025-Q1,1,£16.99
T103931,CH011,P01,2024-08-17,2024-Q3,1,£12.99
T103932,CH011,P01,2024-09-04,2024-Q3,1,12.99
T103933,CH011,P05,2024-11-16,2024-Q4,2,£31.98
T103934,CH011,P02,2024-03-08,2024-Q1,1,£14.99
T103935,CH011,P02,2024-09-28,2024-Q3,1,14.99
T103936,CH011,P04,2024-03-27,2024-Q1,1,16.99
T103937,CH011,P01,2024-12-22,2024-Q4,1,£12.99
T103938,CH011,P01,2024-09-12,2024-Q3,3,£39
T103939,CH011,P02,2024-05-26,2024-Q2,1,£14.99
T103940,CH011,P03,2024-02-15,2024-Q1,2,£23.98
T103941,CH011,P01,2024-08-17,2024-Q3,1,12.99
T103942,CH011,P02,2024-09-23,2024-Q3,2,29.98
T103943,CH011,P05,2024-10-15,2024-Q4,1,15.99
T103944,CH011,P02,2024-12-06,2024-Q4,1,14.99
T103945,CH011,P03,2024-05-08,2024-Q2,1,£11.99
T103946,CH011,P03,2024-08-03,2024-Q3,2,£24
T103947,CH011,P01,2024-02-12,2024-Q1,1,£12.99
T103948,CH011,P03,2024-12-06,2024-Q4,1,£11.99
T103949,CH011,P04,2024-02-09,2024-Q1,1,16.99
T103950,CH011,P01,2024-06-18,2024-Q2,2,£26
T103951,CH011,P01,2024-09-20,2024-Q3,1,£12.99
T103952,CH011,P03,2024-03-10,2024-Q1,2,23.98
T103953,CH011,P03,2024-04-25,2024-Q2,1,£11.99
T103954,CH011,P02,2024-11-16,2024-Q4,2,£29.98
T103955,CH011,P01,2024-12-07,2024-Q4,2,£25.98
T103956,CH011,P01,2024-02-11,2024-Q1,1,£13
T103957,CH011,P05,2024-05-03,2024-Q2,3,47.97
T103958,CH011,P03,2024-01-18,2024-Q1,1,£12
T103959,CH011,P04,2024-08-02,2024-Q3,1,16.99
T103960,CH011,P02,2024-11-28,2024-Q4,1,£14.99
T103961,CH011,P02,2024-06-18,2024-Q2,2,£30
T103962,CH011,P05,2024-08-23,2024-Q3,1,£16
T103963,CH011,P01,2024-01-05,2024-Q1,1,12.99
T103964,CH011,P02,2024-06-09,2024-Q2,1,£14.99
T103965,CH011,P02,2024-06-21,2024-Q2,1,14.99
T103966,CH011,P02,2024-11-25,2024-Q4,1,£14.99
T103967,CH011,P01,2024-02-03,2024-Q1,1,£12.99
T103968,CH011,P03,2024-06-13,2024-Q2,1,£12
T103969,CH011,P02,2024-07-19,2024-Q3,1,£14.99
T103970,CH011,P02,2024-06-16,2024-Q2,1,£14.99
T103971,CH011,P04,2024-01-10,2024-Q1,1,16.99
T103972,CH011,P01,2024-07-16,2024-Q3,1,£12.99
T103973,CH011,P04,2024-07-26,2024-Q3,2,£34
T103974,CH011,P01,2024-08-08,2024-Q3,1,£12.99
T103975,CH011,P04,2024-10-11,2024-Q4,1,16.99
T103976,CH011,P03,2024-10-18,2024-Q4,2,23.98
T103977,CH011,P04,2024-09-15,2024-Q3,3,£50.97
T103978,CH011,P02,2024-06-23,2024-Q2,1,£14.99
T103979,CH011,P03,2024-08-16,2024-Q3,1,£11.99
T103980,CH011,P03,2024-08-15,2024-Q3,2,£23.98
T103981,CH011,P05,2024-09-15,2024-Q3,1,15.99
T103982,CH011,P03,2024-11-24,2024-Q4,1,11.99
T103983,CH011,P05,2024-02-04,2024-Q1,1,£15.99
T103984,CH011,P04,2024-03-10,2024-Q1,1,£17
T103985,CH011,P01,2024-07-15,2024-Q3,1,£12.99
T103986,CH011,P04,2024-05-09,2024-Q2,1,£16.99
T103987,CH011,P02,2024-03-07,2024-Q1,1,£14.99
T103988,CH011,P01,2024-04-26,2024-Q2,1,£12.99
T103989,CH011,P01,2024-10-13,2024-Q4,1,12.99
T103990,CH011,P01,2024-10-15,2024-Q4,1,£12.99
T103991,CH011,P01,2024-12-11,2024-Q4,1,£12.99
T103992,CH011,P03,2024-03-10,2024-Q1,1,£12
T103993,CH011,P01,2025-06-22,2025-Q2,1,£12.99
T103994,CH011,P02,2025-11-02,2025-Q4,1,£15
T103995,CH011,P01,2025-03-21,2025-Q1,1,£12.99
T103996,CH011,P01,2025-04-19,2025-Q2,3,38.97
T103997,CH011,P01,2025-08-25,2025-Q3,1,£13
T103998,CH011,P01,2025-01-07,2025-Q1,1,12.99
T103999,CH011,P05,2025-11-27,2025-Q4,2,£31.98
T104000,CH011,P02,2025-11-06,2025-Q4,1,£14.99
T104001,CH011,P06,2025-07-04,2025-Q3,1,54.99
T104002,CH011,P01,2025-06-13,2025-Q2,2,£25.98
T104003,CH011,P04,2025-10-07,2025-Q4,1,£16.99
T104004,CH011,P01,2025-09-22,2025-Q3,1,12.99
T104005,CH011,P02,2025-02-14,2025-Q1,3,44.97
T104006,CH011,P01,2025-10-16,2025-Q4,1,12.99
T104007,CH011,P04,2025-02-18,2025-Q1,2,33.98
T104008,CH011,P05,2025-12-24,2025-Q4,1,£15.99
T104009,CH011,P03,2025-08-25,2025-Q3,1,11.99
T104010,CH011,P01,2025-02-25,2025-Q1,1,£12.99
T104011,CH011,P03,2025-05-08,2025-Q2,1,£12
T104012,CH011,P01,2025-03-10,2025-Q1,1,£12.99
T104013,CH011,P04,2025-09-24,2025-Q3,1,£16.99
T104014,CH011,P01,2025-04-23,2025-Q2,1,£13
T104015,CH011,P01,2025-11-25,2025-Q4,3,£39
T104016,CH011,P01,2025-06-21,2025-Q2,3,38.97
T104017,CH011,P02,2025-08-03,2025-Q3,1,14.99
T104018,CH011,P04,2025-06-13,2025-Q2,3,£50.97
T104019,CH011,P01,2025-02-19,2025-Q1,2,£25.98
T104020,CH011,P02,2025-07-25,2025-Q3,2,29.98
T104021,CH011,P02,2025-05-22,2025-Q2,1,£14.99
T104022,CH011,P02,2025-02-06,2025-Q1,1,£14.99
T104023,CH011,P04,2025-01-03,2025-Q1,2,33.98
T104024,CH011,P01,2025-10-12,2025-Q4,3,£38.97
T104025,CH011,P05,2025-12-27,2025-Q4,1,15.99
T104026,CH011,P05,2025-10-16,2025-Q4,1,£15.99
T104027,CH011,P04,2025-08-07,2025-Q3,2,£33.98
T104028,CH011,P05,2025-12-24,2025-Q4,1,£15.99
T104029,CH011,P03,2025-10-02,2025-Q4,1,£12
T104030,CH011,P05,2025-11-27,2025-Q4,1,£15.99
T104031,CH011,P03,2025-08-04,2025-Q3,1,11.99
T104032,CH011,P01,2025-10-16,2025-Q4,2,£25.98
T104033,CH011,P03,2025-05-04,2025-Q2,1,11.99
T104034,CH011,P02,2025-05-23,2025-Q2,1,£14.99
T104035,CH011,P02,2025-10-11,2025-Q4,2,29.98
T104036,CH011,P03,2025-12-25,2025-Q4,1,£11.99
T104037,CH011,P02,2025-10-08,2025-Q4,1,£15
T104038,CH011,P04,2025-01-09,2025-Q1,2,£33.98
T104039,CH011,P04,2025-02-24,2025-Q1,1,16.99
T104040,CH011,P05,2025-09-23,2025-Q3,2,£31.98
T104041,CH011,P03,2025-02-01,2025-Q1,2,23.98
T104042,CH011,P02,2025-04-05,2025-Q2,3,£44.97
T104043,CH011,P05,2025-05-23,2025-Q2,1,£16
T104044,CH011,P03,2025-08-11,2025-Q3,1,£12
T104045,CH011,P03,2025-05-06,2025-Q2,1,£11.99
T104046,CH011,P01,2025-09-01,2025-Q3,1,12.99
T104047,CH011,P02,2025-10-04,2025-Q4,1,£14.99
T104048,CH011,P04,2025-06-07,2025-Q2,1,16.99
T104049,CH011,P03,2025-04-18,2025-Q2,1,£12
T104050,CH011,P02,2025-03-10,2025-Q1,2,£29.98
T104051,CH011,P03,2025-07-15,2025-Q3,3,£35.97
T104052,CH011,P03,2025-11-22,2025-Q4,1,11.99
T104053,CH011,P04,2025-08-15,2025-Q3,2,33.98
T104054,CH011,P05,2025-03-14,2025-Q1,1,£15.99
T104055,CH011,P03,2025-10-23,2025-Q4,1,£11.99
T104056,CH011,P04,2025-07-14,2025-Q3,1,16.99
T104057,CH011,P01,2025-04-21,2025-Q2,1,£13
T104058,CH011,P04,2025-04-07,2025-Q2,1,16.99
T104059,CH011,P03,2025-04-25,2025-Q2,2,£23.98
T104060,CH011,P02,2025-08-27,2025-Q3,2,£29.98
T104061,CH011,P03,2025-06-28,2025-Q2,1,£12
T104062,CH011,P04,2025-02-02,2025-Q1,1,16.99
T104063,CH011,P02,2025-12-19,2025-Q4,1,14.99
T104064,CH011,P03,2025-02-13,2025-Q1,1,£11.99
T104065,CH012,P04,2024-04-14,2024-Q2,1,£16.99
T104066,CH012,P03,2024-06-24,2024-Q2,1,£11.99
T104067,CH012,P02,2024-07-15,2024-Q3,2,29.98
T104068,CH012,P05,2024-03-03,2024-Q1,1,£15.99
T104069,CH012,P01,2024-05-01,2024-Q2,1,£12.99
T104070,CH012,P04,2024-06-17,2024-Q2,3,£50.97
T104071,CH012,P03,2024-12-22,2024-Q4,1,£12
T104072,CH012,P03,2024-04-08,2024-Q2,1,£11.99
T104073,CH012,P05,2024-09-17,2024-Q3,2,£32
T104074,CH012,P02,2024-10-23,2024-Q4,1,£14.99
T104075,CH012,P03,2024-11-01,2024-Q4,2,£23.98
T104076,CH012,P01,2024-05-08,2024-Q2,2,£25.98
T104077,CH012,P03,2024-09-10,2024-Q3,1,£12
T104078,CH012,P02,2024-02-26,2024-Q1,1,£15
T104079,CH012,P05,2024-02-20,2024-Q1,1,£15.99
T104080,CH012,P05,2024-03-01,2024-Q1,1,£16
T104081,CH012,P01,2024-10-08,2024-Q4,1,£13
T104082,CH012,P03,2024-07-11,2024-Q3,1,11.99
T104083,CH012,P02,2024-08-20,2024-Q3,3,£44.97
T104084,CH012,P02,2024-05-10,2024-Q2,1,£14.99
T104085,CH012,P01,2024-01-02,2024-Q1,1,£12.99
T104086,CH012,P04,2024-04-22,2024-Q2,2,£33.98
T104087,CH012,P02,2024-05-16,2024-Q2,1,£14.99
T104088,CH012,P04,2024-02-01,2024-Q1,1,£17
T104089,CH012,P01,2024-11-20,2024-Q4,1,£12.99
T104090,CH012,P01,2024-01-19,2024-Q1,2,£26
T104091,CH012,P03,2024-08-01,2024-Q3,2,£23.98
T104092,CH012,P06,2024-10-03,2024-Q4,1,£54.99
T104093,CH012,P03,2024-10-27,2024-Q4,1,£12
T104094,CH012,P04,2024-03-21,2024-Q1,2,£33.98
T104095,CH012,P05,2024-10-09,2024-Q4,1,£15.99
T104096,CH012,P02,2024-10-12,2024-Q4,1,14.99
T104097,CH012,P04,2024-04-11,2024-Q2,3,£50.97
T104098,CH012,P03,2024-05-13,2024-Q2,1,£11.99
T104099,CH012,P06,2024-05-14,2024-Q2,2,£109.98
T104100,CH012,P04,2024-01-24,2024-Q1,1,£17
T104101,CH012,P02,2024-06-08,2024-Q2,2,29.98
T104102,CH012,P05,2024-11-27,2024-Q4,3,47.97
T104103,CH012,P01,2024-09-16,2024-Q3,1,£12.99
T104104,CH012,P04,2024-12-11,2024-Q4,1,£16.99
T104105,CH012,P02,2024-11-21,2024-Q4,1,14.99
T104106,CH012,P06,2024-10-11,2024-Q4,1,54.99
T104107,CH012,P04,2024-07-11,2024-Q3,1,£17
T104108,CH012,P01,2024-05-18,2024-Q2,1,£12.99
T104109,CH012,P04,2024-04-22,2024-Q2,2,£33.98
T104110,CH012,P01,2024-05-21,2024-Q2,2,£25.98
T104111,CH012,P04,2024-03-17,2024-Q1,2,£33.98
T104112,CH012,P02,2024-09-03,2024-Q3,1,£15
T104113,CH012,P01,2024-01-22,2024-Q1,1,£13
T104114,CH012,P02,2024-11-04,2024-Q4,2,£29.98
T104115,CH012,P03,2024-01-01,2024-Q1,1,£12
T104116,CH012,P06,2024-05-10,2024-Q2,2,£110
T104117,CH012,P02,2024-02-15,2024-Q1,1,£15
T104118,CH012,P02,2024-12-11,2024-Q4,1,£15
T104119,CH012,P01,2024-02-14,2024-Q1,1,£12.99
T104120,CH012,P03,2024-12-15,2024-Q4,1,£11.99
T104121,CH012,P04,2024-09-13,2024-Q3,1,£16.99
T104122,CH012,P03,2024-11-01,2024-Q4,1,£11.99
T104123,CH012,P01,2024-01-13,2024-Q1,2,25.98
T104124,CH012,P01,2024-02-13,2024-Q1,2,£25.98
T104125,CH012,P02,2024-12-16,2024-Q4,3,£45
T104126,CH012,P03,2025-01-27,2025-Q1,1,£11.99
T104127,CH012,P03,2025-09-09,2025-Q3,2,£23.98
T104128,CH012,P04,2025-10-07,2025-Q4,1,£17
T104129,CH012,P03,2025-03-18,2025-Q1,1,£12
T104130,CH012,P02,2025-12-15,2025-Q4,1,14.99
T104131,CH012,P03,2025-04-19,2025-Q2,1,£11.99
T104132,CH012,P01,2025-04-03,2025-Q2,1,£13
T104133,CH012,P04,2025-11-17,2025-Q4,1,£16.99
T104134,CH012,P03,2025-12-18,2025-Q4,1,£11.99
T104135,CH012,P04,2025-10-07,2025-Q4,1,£17
T104136,CH012,P01,2025-07-17,2025-Q3,1,12.99
T104137,CH012,P02,2025-11-01,2025-Q4,3,£44.97
T104138,CH012,P01,2025-02-26,2025-Q1,1,£13
T104139,CH012,P04,2025-01-28,2025-Q1,1,£17
T104140,CH012,P02,2025-12-20,2025-Q4,2,£29.98
T104141,CH012,P05,2025-04-10,2025-Q2,1,15.99
T104142,CH012,P06,2025-08-10,2025-Q3,1,£55
T104143,CH012,P04,2025-07-19,2025-Q3,2,£33.98
T104144,CH012,P04,2025-10-05,2025-Q4,1,16.99
T104145,CH012,P02,2025-10-21,2025-Q4,1,£14.99
T104146,CH012,P06,2025-09-24,2025-Q3,2,£109.98
T104147,CH012,P02,2025-07-07,2025-Q3,2,£29.98
T104148,CH012,P03,2025-02-08,2025-Q1,1,11.99
T104149,CH012,P01,2025-03-25,2025-Q1,2,25.98
T104150,CH012,P01,2025-10-08,2025-Q4,1,£13
T104151,CH012,P01,2025-03-25,2025-Q1,1,£12.99
T104152,CH012,P03,2025-12-16,2025-Q4,2,23.98
T104153,CH012,P03,2025-03-23,2025-Q1,2,23.98
T104154,CH012,P05,2025-10-17,2025-Q4,1,£16
T104155,CH012,P02,2025-02-03,2025-Q1,2,£29.98
T104156,CH012,P02,2025-08-10,2025-Q3,1,£14.99
T104157,CH012,P01,2025-09-11,2025-Q3,1,£12.99
T104158,CH012,P01,2025-05-27,2025-Q2,1,£12.99
T104159,CH012,P04,2025-11-17,2025-Q4,2,£33.98
T104160,CH012,P01,2025-01-26,2025-Q1,1,£13
T104161,CH012,P06,2025-10-19,2025-Q4,2,£110
T104162,CH012,P01,2025-06-16,2025-Q2,1,£13
T104163,CH012,P04,2025-12-04,2025-Q4,1,£16.99
T104164,CH012,P04,2025-05-02,2025-Q2,1,£17
T104165,CH012,P01,2025-02-25,2025-Q1,2,£25.98
T104166,CH012,P04,2025-07-26,2025-Q3,2,£33.98
T104167,CH012,P02,2025-11-02,2025-Q4,1,£14.99
T104168,CH012,P03,2025-03-14,2025-Q1,1,£11.99
T104169,CH012,P01,2025-01-10,2025-Q1,1,£12.99
T104170,CH012,P02,2025-07-11,2025-Q3,1,£14.99
T104171,CH012,P01,2025-07-08,2025-Q3,1,£12.99
T104172,CH012,P01,2025-04-21,2025-Q2,1,12.99
T104173,CH012,P03,2025-10-06,2025-Q4,1,£11.99
T104174,CH012,P01,2025-11-20,2025-Q4,1,£13
T104175,CH012,P05,2025-10-19,2025-Q4,1,15.99
T104176,CH012,P06,2025-04-06,2025-Q2,1,£54.99
T104177,CH012,P04,2025-05-25,2025-Q2,2,33.98
T104178,CH012,P01,2025-12-22,2025-Q4,3,£39
T104179,CH012,P05,2025-04-20,2025-Q2,1,£16
T104180,CH012,P02,2025-07-06,2025-Q3,2,£30
T104181,CH012,P04,2025-03-07,2025-Q1,2,£34
T104182,CH012,P05,2025-10-02,2025-Q4,3,£47.97
T104183,CH012,P04,2025-12-05,2025-Q4,1,£16.99
T104184,CH012,P04,2025-04-12,2025-Q2,1,£17
T104185,CH012,P01,2025-03-18,2025-Q1,1,£12.99
T104186,CH012,P04,2025-10-28,2025-Q4,1,£16.99
T104187,CH012,P05,2025-10-16,2025-Q4,1,£15.99
T104188,CH012,P04,2025-10-07,2025-Q4,1,£16.99
T104189,CH012,P03,2025-01-14,2025-Q1,1,11.99
T104190,CH012,P02,2025-08-19,2025-Q3,1,14.99
T104191,CH012,P03,2025-01-15,2025-Q1,1,£11.99
T104192,CH013,P04,2024-12-06,2024-Q4,3,£50.97
T104193,CH013,P04,2024-02-18,2024-Q1,1,£16.99
T104194,CH013,P03,2024-01-23,2024-Q1,1,11.99
T104195,CH013,P01,2024-05-04,2024-Q2,1,£13
T104196,CH013,P01,2024-11-21,2024-Q4,1,£12.99
T104197,CH013,P01,2024-08-02,2024-Q3,3,38.97
T104198,CH013,P04,2024-10-22,2024-Q4,3,50.97
T104199,CH013,P01,2024-12-01,2024-Q4,3,£39
T104200,CH013,P04,2024-04-12,2024-Q2,1,16.99
T104201,CH013,P05,2024-07-23,2024-Q3,3,£47.97
T104202,CH013,P02,2024-07-03,2024-Q3,2,£29.98
T104203,CH013,P05,2024-08-20,2024-Q3,1,£15.99
T104204,CH013,P04,2024-06-18,2024-Q2,1,16.99
T104205,CH013,P03,2024-09-08,2024-Q3,3,35.97
T104206,CH013,P04,2024-05-27,2024-Q2,1,£16.99
T104207,CH013,P05,2024-11-08,2024-Q4,1,£16
T104208,CH013,P01,2024-05-16,2024-Q2,1,£13
T104209,CH013,P05,2024-01-11,2024-Q1,1,£15.99
T104210,CH013,P04,2024-04-10,2024-Q2,1,£16.99
T104211,CH013,P04,2024-12-12,2024-Q4,1,£16.99
T104212,CH013,P05,2024-09-19,2024-Q3,1,£15.99
T104213,CH013,P01,2024-01-25,2024-Q1,1,12.99
T104214,CH013,P01,2024-12-06,2024-Q4,2,£25.98
T104215,CH013,P02,2024-12-26,2024-Q4,1,14.99
T104216,CH013,P01,2024-08-21,2024-Q3,2,£26
T104217,CH013,P05,2024-12-19,2024-Q4,1,£16
T104218,CH013,P01,2024-11-16,2024-Q4,1,£12.99
T104219,CH013,P04,2024-02-04,2024-Q1,2,£33.98
T104220,CH013,P01,2024-04-24,2024-Q2,1,£12.99
T104221,CH013,P04,2024-01-16,2024-Q1,1,£16.99
T104222,CH013,P04,2024-01-15,2024-Q1,2,£33.98
T104223,CH013,P01,2024-02-10,2024-Q1,1,£12.99
T104224,CH013,P06,2024-12-10,2024-Q4,1,£54.99
T104225,CH013,P06,2024-08-01,2024-Q3,1,£55
T104226,CH013,P01,2024-04-05,2024-Q2,1,£12.99
T104227,CH013,P04,2024-11-03,2024-Q4,1,16.99
T104228,CH013,P04,2024-04-16,2024-Q2,1,16.99
T104229,CH013,P02,2024-12-13,2024-Q4,3,£44.97
T104230,CH013,P02,2024-05-16,2024-Q2,1,14.99
T104231,CH013,P02,2024-12-11,2024-Q4,1,£15
T104232,CH013,P04,2024-07-15,2024-Q3,1,£16.99
T104233,CH013,P05,2024-12-14,2024-Q4,1,£15.99
T104234,CH013,P02,2024-02-25,2024-Q1,1,£14.99
T104235,CH013,P01,2024-05-08,2024-Q2,1,£12.99
T104236,CH013,P01,2024-02-06,2024-Q1,1,£12.99
T104237,CH013,P02,2024-01-03,2024-Q1,1,£14.99
T104238,CH013,P06,2024-06-03,2024-Q2,3,£164.97
T104239,CH013,P02,2024-02-18,2024-Q1,1,£15
T104240,CH013,P01,2024-01-12,2024-Q1,1,£12.99
T104241,CH013,P03,2024-10-01,2024-Q4,1,£11.99
T104242,CH013,P01,2024-12-12,2024-Q4,2,£25.98
T104243,CH013,P01,2024-10-06,2024-Q4,2,£25.98
T104244,CH013,P01,2024-06-21,2024-Q2,2,£26
T104245,CH013,P04,2024-02-08,2024-Q1,1,£16.99
T104246,CH013,P02,2024-12-11,2024-Q4,1,14.99
T104247,CH013,P03,2024-05-10,2024-Q2,1,£11.99
T104248,CH013,P03,2024-01-04,2024-Q1,2,£24
T104249,CH013,P01,2024-04-11,2024-Q2,1,£13
T104250,CH013,P05,2024-09-22,2024-Q3,2,31.98
T104251,CH013,P01,2025-05-14,2025-Q2,1,£12.99
T104252,CH013,P01,2025-08-27,2025-Q3,1,£12.99
T104253,CH013,P01,2025-11-06,2025-Q4,2,£25.98
T104254,CH013,P02,2025-06-03,2025-Q2,1,£15
T104255,CH013,P02,2025-08-03,2025-Q3,1,£15
T104256,CH013,P03,2025-10-08,2025-Q4,2,£23.98
T104257,CH013,P03,2025-10-27,2025-Q4,1,£11.99
T104258,CH013,P02,2025-12-23,2025-Q4,1,£15
T104259,CH013,P04,2025-12-14,2025-Q4,1,£16.99
T104260,CH013,P02,2025-08-04,2025-Q3,1,£15
T104261,CH013,P01,2025-07-17,2025-Q3,1,£13
T104262,CH013,P03,2025-12-22,2025-Q4,3,£35.97
T104263,CH013,P03,2025-05-26,2025-Q2,1,£11.99
T104264,CH013,P01,2025-08-08,2025-Q3,3,£39
T104265,CH013,P01,2025-03-16,2025-Q1,1,£13
T104266,CH013,P02,2025-11-18,2025-Q4,3,£45
T104267,CH013,P04,2025-01-02,2025-Q1,1,£16.99
T104268,CH013,P01,2025-02-07,2025-Q1,2,£25.98
T104269,CH013,P02,2025-07-28,2025-Q3,1,£15
T104270,CH013,P02,2025-04-24,2025-Q2,1,£14.99
T104271,CH013,P03,2025-07-21,2025-Q3,1,£12
T104272,CH013,P01,2025-01-25,2025-Q1,1,£12.99
T104273,CH013,P03,2025-07-04,2025-Q3,3,35.97
T104274,CH013,P01,2025-02-27,2025-Q1,1,£13
T104275,CH013,P05,2025-03-22,2025-Q1,1,£15.99
T104276,CH013,P05,2025-08-18,2025-Q3,3,£48
T104277,CH013,P01,2025-07-09,2025-Q3,1,£12.99
T104278,CH013,P02,2025-05-07,2025-Q2,1,£15
T104279,CH013,P04,2025-07-13,2025-Q3,1,£16.99
T104280,CH013,P01,2025-03-04,2025-Q1,1,£13
T104281,CH013,P04,2025-02-16,2025-Q1,1,£16.99
T104282,CH013,P05,2025-02-08,2025-Q1,2,£31.98
T104283,CH013,P03,2025-08-27,2025-Q3,1,£11.99
T104284,CH013,P02,2025-01-22,2025-Q1,1,£15
T104285,CH013,P04,2025-04-05,2025-Q2,2,£34
T104286,CH013,P01,2025-06-07,2025-Q2,2,£25.98
T104287,CH013,P04,2025-05-15,2025-Q2,1,£16.99
T104288,CH013,P02,2025-09-14,2025-Q3,1,14.99
T104289,CH013,P02,2025-03-21,2025-Q1,1,14.99
T104290,CH013,P03,2025-03-18,2025-Q1,3,35.97
T104291,CH013,P01,2025-08-13,2025-Q3,1,£12.99
T104292,CH013,P05,2025-08-19,2025-Q3,2,£31.98
T104293,CH013,P05,2025-07-14,2025-Q3,2,£31.98
T104294,CH013,P02,2025-03-28,2025-Q1,2,29.98
T104295,CH013,P01,2025-10-27,2025-Q4,1,£12.99
T104296,CH013,P03,2025-03-17,2025-Q1,1,11.99
T104297,CH013,P05,2025-05-03,2025-Q2,1,£16
T104298,CH013,P05,2025-12-12,2025-Q4,1,£15.99
T104299,CH013,P01,2025-09-28,2025-Q3,1,12.99
T104300,CH013,P03,2025-11-09,2025-Q4,1,£11.99
T104301,CH013,P04,2025-12-24,2025-Q4,1,£16.99
T104302,CH013,P02,2025-06-15,2025-Q2,1,£14.99
T104303,CH013,P02,2025-11-06,2025-Q4,2,£29.98
T104304,CH013,P05,2025-12-26,2025-Q4,3,£48
T104305,CH013,P02,2025-11-23,2025-Q4,2,£29.98
T104306,CH013,P01,2025-09-18,2025-Q3,1,£13
T104307,CH013,P03,2025-05-28,2025-Q2,2,£23.98
T104308,CH013,P01,2025-03-02,2025-Q1,1,12.99
T104309,CH013,P06,2025-09-23,2025-Q3,2,£109.98
T104310,CH013,P01,2025-06-17,2025-Q2,2,£25.98
T104311,CH013,P03,2025-03-11,2025-Q1,1,£11.99
T104312,CH013,P04,2025-08-19,2025-Q3,1,16.99
T104313,CH013,P01,2025-02-14,2025-Q1,3,£38.97
T104314,CH013,P05,2025-10-05,2025-Q4,1,£15.99
T104315,CH013,P02,2025-06-12,2025-Q2,1,£15
T104316,CH013,P05,2025-11-12,2025-Q4,1,15.99
T104317,CH013,P01,2025-06-15,2025-Q2,1,£12.99
T104318,CH013,P01,2025-08-15,2025-Q3,1,12.99
T104319,CH013,P04,2025-08-24,2025-Q3,1,16.99
T104320,CH013,P05,2025-04-15,2025-Q2,1,£15.99
T104321,CH013,P04,2025-12-05,2025-Q4,1,£16.99
T104322,CH014,P01,2024-02-21,2024-Q1,1,£12.99
T104323,CH014,P05,2024-06-16,2024-Q2,1,£15.99
T104324,CH014,P04,2024-01-06,2024-Q1,1,£16.99
T104325,CH014,P03,2024-05-08,2024-Q2,1,11.99
T104326,CH014,P02,2024-08-16,2024-Q3,1,14.99
T104327,CH014,P03,2024-11-01,2024-Q4,1,£11.99
T104328,CH014,P01,2024-04-20,2024-Q2,1,12.99
T104329,CH014,P03,2024-09-27,2024-Q3,3,£35.97
T104330,CH014,P05,2024-04-13,2024-Q2,1,£16
T104331,CH014,P01,2024-03-16,2024-Q1,2,£26
T104332,CH014,P04,2024-09-08,2024-Q3,1,16.99
T104333,CH014,P02,2024-03-04,2024-Q1,1,£14.99
T104334,CH014,P01,2024-11-11,2024-Q4,1,£12.99
T104335,CH014,P04,2024-06-04,2024-Q2,1,£17
T104336,CH014,P06,2024-04-20,2024-Q2,1,£55
T104337,CH014,P02,2024-08-21,2024-Q3,1,£14.99
T104338,CH014,P03,2024-02-18,2024-Q1,1,£12
T104339,CH014,P03,2024-05-24,2024-Q2,2,£23.98
T104340,CH014,P02,2024-04-17,2024-Q2,1,£15
T104341,CH014,P01,2024-04-15,2024-Q2,1,£12.99
T104342,CH014,P04,2024-11-13,2024-Q4,1,£17
T104343,CH014,P01,2024-09-03,2024-Q3,1,£12.99
T104344,CH014,P05,2024-10-27,2024-Q4,1,15.99
T104345,CH014,P03,2024-12-12,2024-Q4,3,£35.97
T104346,CH014,P04,2024-05-25,2024-Q2,1,£16.99
T104347,CH014,P03,2024-07-10,2024-Q3,3,£35.97
T104348,CH014,P03,2024-02-26,2024-Q1,1,£12
T104349,CH014,P02,2024-07-04,2024-Q3,1,14.99
T104350,CH014,P01,2024-01-18,2024-Q1,2,£26
T104351,CH014,P02,2024-05-15,2024-Q2,1,£14.99
T104352,CH014,P03,2024-11-28,2024-Q4,1,£11.99
T104353,CH014,P05,2024-06-28,2024-Q2,1,15.99
T104354,CH014,P03,2024-10-14,2024-Q4,1,£11.99
T104355,CH014,P02,2024-05-16,2024-Q2,1,£14.99
T104356,CH014,P01,2024-12-07,2024-Q4,1,12.99
T104357,CH014,P05,2024-06-23,2024-Q2,1,£15.99
T104358,CH014,P05,2024-05-01,2024-Q2,1,£15.99
T104359,CH014,P05,2024-11-04,2024-Q4,1,£16
T104360,CH014,P02,2024-12-20,2024-Q4,1,£14.99
T104361,CH014,P05,2024-05-23,2024-Q2,1,£15.99
T104362,CH014,P06,2024-05-10,2024-Q2,1,54.99
T104363,CH014,P03,2024-02-18,2024-Q1,2,£23.98
T104364,CH014,P05,2024-06-22,2024-Q2,1,£15.99
T104365,CH014,P02,2024-01-07,2024-Q1,1,£14.99
T104366,CH014,P03,2024-01-16,2024-Q1,2,23.98
T104367,CH014,P02,2024-10-12,2024-Q4,1,14.99
T104368,CH014,P04,2024-11-08,2024-Q4,1,£16.99
T104369,CH014,P05,2024-05-05,2024-Q2,2,31.98
T104370,CH014,P01,2024-09-24,2024-Q3,1,£12.99
T104371,CH014,P03,2024-12-05,2024-Q4,1,11.99
T104372,CH014,P01,2024-10-13,2024-Q4,1,£13
T104373,CH014,P03,2024-09-25,2024-Q3,1,£11.99
T104374,CH014,P03,2024-08-23,2024-Q3,1,£11.99
T104375,CH014,P06,2024-05-03,2024-Q2,1,£54.99
T104376,CH014,P04,2024-04-12,2024-Q2,1,16.99
T104377,CH014,P05,2024-01-28,2024-Q1,1,15.99
T104378,CH014,P06,2024-05-12,2024-Q2,2,£109.98
T104379,CH014,P02,2024-02-07,2024-Q1,1,£14.99
T104380,CH014,P02,2024-02-25,2024-Q1,1,£14.99
T104381,CH014,P05,2024-09-08,2024-Q3,1,£16
T104382,CH014,P03,2024-01-09,2024-Q1,1,£11.99
T104383,CH014,P04,2024-09-17,2024-Q3,2,£34
T104384,CH014,P03,2024-05-16,2024-Q2,1,£12
T104385,CH014,P03,2024-02-19,2024-Q1,1,11.99
T104386,CH014,P03,2024-05-24,2024-Q2,2,23.98
T104387,CH014,P04,2024-11-11,2024-Q4,1,£16.99
T104388,CH014,P03,2024-10-20,2024-Q4,2,£23.98
T104389,CH014,P05,2024-05-28,2024-Q2,2,£32
T104390,CH014,P02,2024-05-21,2024-Q2,1,14.99
T104391,CH014,P01,2024-02-11,2024-Q1,1,£12.99
T104392,CH014,P01,2024-09-05,2024-Q3,3,£39
T104393,CH014,P04,2024-01-22,2024-Q1,1,£17
T104394,CH014,P04,2024-11-25,2024-Q4,1,£16.99
T104395,CH014,P04,2024-04-18,2024-Q2,1,16.99
T104396,CH014,P06,2024-01-20,2024-Q1,2,£109.98
T104397,CH014,P01,2024-10-28,2024-Q4,1,£13
T104398,CH014,P02,2024-04-10,2024-Q2,2,£29.98
T104399,CH014,P03,2024-06-28,2024-Q2,1,£12
T104400,CH014,P03,2024-10-20,2024-Q4,1,£12
T104401,CH014,P03,2024-08-13,2024-Q3,1,11.99
T104402,CH014,P05,2024-02-11,2024-Q1,3,£48
T104403,CH014,P03,2024-12-04,2024-Q4,1,£11.99
T104404,CH014,P04,2024-04-19,2024-Q2,1,£16.99
T104405,CH014,P01,2024-11-02,2024-Q4,1,£12.99
T104406,CH014,P01,2024-04-12,2024-Q2,2,£25.98
T104407,CH014,P03,2024-03-22,2024-Q1,2,£23.98
T104408,CH014,P02,2024-05-03,2024-Q2,1,£14.99
T104409,CH014,P01,2024-08-06,2024-Q3,1,£13
T104410,CH014,P02,2024-07-13,2024-Q3,1,14.99
T104411,CH014,P05,2024-01-16,2024-Q1,1,£15.99
T104412,CH014,P01,2024-10-14,2024-Q4,1,£12.99
T104413,CH014,P05,2024-12-17,2024-Q4,1,£16
T104414,CH014,P04,2024-11-02,2024-Q4,1,16.99
T104415,CH014,P06,2024-08-19,2024-Q3,1,£55
T104416,CH014,P02,2024-03-17,2024-Q1,1,£14.99
T104417,CH014,P01,2024-05-11,2024-Q2,1,£12.99
T104418,CH014,P06,2024-12-01,2024-Q4,2,109.98
T104419,CH014,P03,2024-03-25,2024-Q1,1,£11.99
T104420,CH014,P04,2024-11-21,2024-Q4,1,£17
T104421,CH014,P05,2024-05-21,2024-Q2,1,£16
T104422,CH014,P02,2024-01-14,2024-Q1,1,£15
T104423,CH014,P01,2024-11-15,2024-Q4,1,£12.99
T104424,CH014,P03,2024-09-24,2024-Q3,1,£11.99
T104425,CH014,P01,2024-03-26,2024-Q1,1,£12.99
T104426,CH014,P03,2024-05-06,2024-Q2,1,£11.99
T104427,CH014,P05,2024-06-10,2024-Q2,1,15.99
T104428,CH014,P03,2024-03-08,2024-Q1,1,£12
T104429,CH014,P03,2024-11-16,2024-Q4,2,£23.98
T104430,CH014,P04,2024-04-21,2024-Q2,1,£16.99
T104431,CH014,P01,2024-10-25,2024-Q4,1,£12.99
T104432,CH014,P02,2024-04-02,2024-Q2,2,£29.98
T104433,CH014,P04,2024-06-10,2024-Q2,3,50.97
T104434,CH014,P03,2024-10-10,2024-Q4,2,£23.98
T104435,CH014,P04,2024-03-28,2024-Q1,1,£16.99
T104436,CH014,P02,2024-11-15,2024-Q4,1,£14.99
T104437,CH014,P02,2024-02-24,2024-Q1,2,£29.98
T104438,CH014,P05,2024-01-12,2024-Q1,1,£16
T104439,CH014,P01,2024-04-15,2024-Q2,1,£13
T104440,CH014,P06,2024-09-09,2024-Q3,1,54.99
T104441,CH014,P04,2024-10-18,2024-Q4,3,£50.97
T104442,CH014,P01,2024-01-03,2024-Q1,1,£12.99
T104443,CH014,P01,2024-08-15,2024-Q3,2,£26
T104444,CH014,P06,2024-10-22,2024-Q4,2,£109.98
T104445,CH014,P01,2024-05-12,2024-Q2,1,12.99
T104446,CH014,P02,2024-10-03,2024-Q4,1,£14.99
T104447,CH014,P03,2024-01-21,2024-Q1,1,£11.99
T104448,CH014,P05,2024-03-20,2024-Q1,1,£15.99
T104449,CH014,P01,2024-07-21,2024-Q3,3,£38.97
T104450,CH014,P04,2024-09-23,2024-Q3,1,£16.99
T104451,CH014,P02,2024-03-19,2024-Q1,1,14.99
T104452,CH014,P02,2024-08-17,2024-Q3,2,£29.98
T104453,CH014,P03,2024-04-24,2024-Q2,1,£12
T104454,CH014,P03,2024-08-01,2024-Q3,2,£23.98
T104455,CH014,P06,2024-01-02,2024-Q1,1,£54.99
T104456,CH014,P05,2024-09-21,2024-Q3,3,£47.97
T104457,CH014,P04,2024-12-28,2024-Q4,1,£16.99
T104458,CH014,P01,2024-09-26,2024-Q3,2,25.98
T104459,CH014,P05,2024-04-07,2024-Q2,1,£15.99
T104460,CH014,P05,2024-09-17,2024-Q3,3,£47.97
T104461,CH014,P03,2024-02-07,2024-Q1,1,£11.99
T104462,CH014,P03,2024-04-28,2024-Q2,1,£11.99
T104463,CH014,P04,2024-02-14,2024-Q1,2,£33.98
T104464,CH014,P04,2024-02-23,2024-Q1,1,16.99
T104465,CH014,P02,2024-04-27,2024-Q2,1,£14.99
T104466,CH014,P05,2024-02-06,2024-Q1,1,15.99
T104467,CH014,P01,2024-12-04,2024-Q4,1,£12.99
T104468,CH014,P05,2024-08-27,2024-Q3,1,15.99
T104469,CH014,P01,2024-11-14,2024-Q4,1,£12.99
T104470,CH014,P03,2024-10-04,2024-Q4,1,£11.99
T104471,CH014,P05,2024-11-03,2024-Q4,1,£15.99
T104472,CH014,P04,2024-08-09,2024-Q3,1,£16.99
T104473,CH014,P05,2024-02-12,2024-Q1,1,£15.99
T104474,CH014,P01,2024-02-02,2024-Q1,1,£12.99
T104475,CH014,P03,2024-06-08,2024-Q2,1,£11.99
T104476,CH014,P02,2024-08-23,2024-Q3,1,£15
T104477,CH014,P01,2024-12-20,2024-Q4,1,12.99
T104478,CH014,P04,2024-03-22,2024-Q1,2,£34
T104479,CH014,P01,2024-02-21,2024-Q1,1,£12.99
T104480,CH014,P02,2024-02-04,2024-Q1,1,£14.99
T104481,CH014,P02,2024-12-02,2024-Q4,3,£44.97
T104482,CH014,P01,2024-12-22,2024-Q4,1,12.99
T104483,CH014,P04,2024-10-08,2024-Q4,1,£16.99
T104484,CH014,P04,2024-10-07,2024-Q4,2,£34
T104485,CH014,P01,2024-04-21,2024-Q2,1,£13
T104486,CH014,P05,2024-04-19,2024-Q2,1,15.99
T104487,CH014,P05,2024-05-15,2024-Q2,2,31.98
T104488,CH014,P01,2024-08-03,2024-Q3,1,£12.99
T104489,CH014,P02,2024-10-13,2024-Q4,2,£29.98
T104490,CH014,P05,2024-09-03,2024-Q3,1,£16
T104491,CH014,P01,2024-06-24,2024-Q2,3,£39
T104492,CH014,P06,2024-12-26,2024-Q4,1,54.99
T104493,CH014,P02,2024-12-21,2024-Q4,1,£14.99
T104494,CH014,P02,2024-12-25,2024-Q4,1,£14.99
T104495,CH014,P05,2024-01-06,2024-Q1,1,£15.99
T104496,CH014,P03,2024-10-03,2024-Q4,1,£11.99
T104497,CH014,P03,2024-01-16,2024-Q1,1,£11.99
T104498,CH014,P06,2024-04-15,2024-Q2,2,£109.98
T104499,CH014,P02,2024-01-22,2024-Q1,2,£29.98
T104500,CH014,P05,2024-10-20,2024-Q4,1,£15.99
T104501,CH014,P04,2024-09-05,2024-Q3,2,£33.98
T104502,CH014,P02,2024-11-09,2024-Q4,1,£14.99
T104503,CH014,P02,2024-11-07,2024-Q4,2,£29.98
T104504,CH014,P01,2024-07-23,2024-Q3,1,12.99
T104505,CH014,P04,2024-01-02,2024-Q1,1,£17
T104506,CH014,P01,2024-07-24,2024-Q3,1,£13
T104507,CH014,P02,2024-01-11,2024-Q1,1,£15
T104508,CH014,P04,2024-01-13,2024-Q1,1,£16.99
T104509,CH014,P04,2024-09-03,2024-Q3,1,16.99
T104510,CH014,P03,2024-01-04,2024-Q1,1,£11.99
T104511,CH014,P01,2024-02-11,2024-Q1,1,£12.99
T104512,CH014,P03,2024-08-14,2024-Q3,1,£11.99
T104513,CH014,P05,2024-01-27,2024-Q1,1,£15.99
T104514,CH014,P01,2024-01-04,2024-Q1,1,£12.99
T104515,CH014,P04,2024-09-15,2024-Q3,2,£33.98
T104516,CH014,P02,2024-04-16,2024-Q2,2,29.98
T104517,CH014,P01,2024-03-23,2024-Q1,2,£25.98
T104518,CH014,P05,2024-10-18,2024-Q4,1,£16
T104519,CH014,P01,2024-11-08,2024-Q4,1,£12.99
T104520,CH014,P01,2024-09-25,2024-Q3,1,12.99
T104521,CH014,P01,2024-05-12,2024-Q2,1,£12.99
T104522,CH014,P03,2024-03-28,2024-Q1,1,11.99
T104523,CH014,P05,2024-01-01,2024-Q1,2,£31.98
T104524,CH014,P05,2025-10-21,2025-Q4,1,15.99
T104525,CH014,P05,2025-06-24,2025-Q2,1,£15.99
T104526,CH014,P05,2025-02-26,2025-Q1,1,£15.99
T104527,CH014,P01,2025-07-14,2025-Q3,1,12.99
T104528,CH014,P02,2025-07-15,2025-Q3,1,£14.99
T104529,CH014,P06,2025-12-01,2025-Q4,1,£54.99
T104530,CH014,P05,2025-11-13,2025-Q4,1,15.99
T104531,CH014,P02,2025-03-23,2025-Q1,1,£14.99
T104532,CH014,P03,2025-02-08,2025-Q1,2,£23.98
T104533,CH014,P05,2025-07-11,2025-Q3,1,£15.99
T104534,CH014,P04,2025-04-07,2025-Q2,1,£17
T104535,CH014,P01,2025-06-07,2025-Q2,1,£12.99
T104536,CH014,P01,2025-07-24,2025-Q3,1,£12.99
T104537,CH014,P04,2025-02-11,2025-Q1,3,£50.97
T104538,CH014,P03,2025-12-02,2025-Q4,1,£12
T104539,CH014,P01,2025-08-12,2025-Q3,1,£12.99
T104540,CH014,P03,2025-04-01,2025-Q2,1,£12
T104541,CH014,P04,2025-08-05,2025-Q3,1,£16.99
T104542,CH014,P04,2025-02-18,2025-Q1,1,£16.99
T104543,CH014,P04,2025-09-25,2025-Q3,1,£17
T104544,CH014,P04,2025-12-06,2025-Q4,1,£17
T104545,CH014,P04,2025-02-01,2025-Q1,1,£16.99
T104546,CH014,P03,2025-09-05,2025-Q3,1,£11.99
T104547,CH014,P03,2025-06-27,2025-Q2,1,£11.99
T104548,CH014,P06,2025-09-16,2025-Q3,1,£55
T104549,CH014,P05,2025-09-03,2025-Q3,3,£47.97
T104550,CH014,P02,2025-12-08,2025-Q4,1,£14.99
T104551,CH014,P03,2025-06-11,2025-Q2,3,£35.97
T104552,CH014,P05,2025-10-15,2025-Q4,1,15.99
T104553,CH014,P02,2025-03-11,2025-Q1,3,44.97
T104554,CH014,P04,2025-02-24,2025-Q1,1,£16.99
T104555,CH014,P03,2025-03-16,2025-Q1,2,23.98
T104556,CH014,P05,2025-05-21,2025-Q2,1,£15.99
T104557,CH014,P01,2025-06-10,2025-Q2,1,£12.99
T104558,CH014,P04,2025-08-13,2025-Q3,2,£33.98
T104559,CH014,P01,2025-06-14,2025-Q2,1,£13
T104560,CH014,P01,2025-01-06,2025-Q1,1,£12.99
T104561,CH014,P05,2025-05-23,2025-Q2,1,15.99
T104562,CH014,P01,2025-08-19,2025-Q3,1,£12.99
T104563,CH014,P04,2025-10-12,2025-Q4,1,16.99
T104564,CH014,P01,2025-05-17,2025-Q2,1,£13
T104565,CH014,P03,2025-04-25,2025-Q2,1,£11.99
T104566,CH014,P03,2025-04-23,2025-Q2,2,£24
T104567,CH014,P03,2025-02-21,2025-Q1,2,£23.98
T104568,CH014,P01,2025-08-12,2025-Q3,1,£12.99
T104569,CH014,P02,2025-02-20,2025-Q1,2,£29.98
T104570,CH014,P01,2025-11-04,2025-Q4,1,£12.99
T104571,CH014,P02,2025-03-13,2025-Q1,2,£30
T104572,CH014,P03,2025-03-18,2025-Q1,1,£11.99
T104573,CH014,P03,2025-09-24,2025-Q3,3,£36
T104574,CH014,P01,2025-02-16,2025-Q1,1,£12.99
T104575,CH014,P04,2025-04-10,2025-Q2,1,£16.99
T104576,CH014,P01,2025-04-26,2025-Q2,1,£12.99
T104577,CH014,P02,2025-02-05,2025-Q1,2,£30
T104578,CH014,P05,2025-09-11,2025-Q3,1,£16
T104579,CH014,P02,2025-09-22,2025-Q3,2,£29.98
T104580,CH014,P01,2025-06-11,2025-Q2,1,£12.99
T104581,CH014,P03,2025-02-28,2025-Q1,1,£11.99
T104582,CH014,P03,2025-06-15,2025-Q2,3,£35.97
T104583,CH014,P04,2025-05-26,2025-Q2,1,£16.99
T104584,CH014,P01,2025-10-08,2025-Q4,1,£12.99
T104585,CH014,P03,2025-11-25,2025-Q4,1,£11.99
T104586,CH014,P04,2025-12-18,2025-Q4,1,£16.99
T104587,CH014,P05,2025-05-14,2025-Q2,3,£48
T104588,CH014,P03,2025-07-08,2025-Q3,2,23.98
T104589,CH014,P04,2025-01-15,2025-Q1,2,33.98
T104590,CH014,P05,2025-06-19,2025-Q2,1,£15.99
T104591,CH014,P01,2025-01-24,2025-Q1,1,£12.99
T104592,CH014,P04,2025-02-11,2025-Q1,1,£16.99
T104593,CH014,P01,2025-08-17,2025-Q3,1,£12.99
T104594,CH014,P05,2025-05-22,2025-Q2,1,£15.99
T104595,CH014,P05,2025-03-14,2025-Q1,1,£15.99
T104596,CH014,P04,2025-07-14,2025-Q3,2,£33.98
T104597,CH014,P01,2025-11-12,2025-Q4,1,12.99
T104598,CH014,P03,2025-08-17,2025-Q3,1,£11.99
T104599,CH014,P05,2025-02-10,2025-Q1,3,£48
T104600,CH014,P01,2025-07-15,2025-Q3,1,£13
T104601,CH014,P01,2025-08-13,2025-Q3,1,£12.99
T104602,CH014,P01,2025-12-21,2025-Q4,1,£13
T104603,CH014,P03,2025-07-26,2025-Q3,1,11.99
T104604,CH014,P03,2025-12-20,2025-Q4,2,£23.98
T104605,CH014,P02,2025-03-12,2025-Q1,3,£45
T104606,CH014,P03,2025-06-23,2025-Q2,1,£11.99
T104607,CH014,P03,2025-02-09,2025-Q1,1,11.99
T104608,CH014,P03,2025-12-25,2025-Q4,1,£12
T104609,CH014,P01,2025-08-24,2025-Q3,1,£12.99
T104610,CH014,P02,2025-04-25,2025-Q2,1,£14.99
T104611,CH014,P02,2025-02-17,2025-Q1,1,£14.99
T104612,CH014,P01,2025-05-03,2025-Q2,3,£38.97
T104613,CH014,P04,2025-04-02,2025-Q2,1,16.99
T104614,CH014,P05,2025-05-03,2025-Q2,1,£16
T104615,CH014,P01,2025-06-09,2025-Q2,1,£12.99
T104616,CH014,P05,2025-11-13,2025-Q4,1,£15.99
T104617,CH014,P02,2025-04-21,2025-Q2,2,29.98
T104618,CH014,P04,2025-05-01,2025-Q2,1,16.99
T104619,CH014,P04,2025-06-16,2025-Q2,1,16.99
T104620,CH014,P01,2025-06-14,2025-Q2,1,£12.99
T104621,CH014,P02,2025-01-19,2025-Q1,1,£14.99
T104622,CH014,P01,2025-11-09,2025-Q4,1,£13
T104623,CH014,P05,2025-12-05,2025-Q4,1,£15.99
T104624,CH014,P05,2025-04-03,2025-Q2,1,£15.99
T104625,CH014,P01,2025-11-05,2025-Q4,1,12.99
T104626,CH014,P01,2025-04-06,2025-Q2,1,12.99
T104627,CH014,P03,2025-03-22,2025-Q1,1,£12
T104628,CH014,P06,2025-06-21,2025-Q2,1,54.99
T104629,CH014,P03,2025-02-04,2025-Q1,3,35.97
T104630,CH014,P05,2025-10-07,2025-Q4,2,£31.98
T104631,CH014,P01,2025-09-24,2025-Q3,1,£12.99
T104632,CH014,P01,2025-10-26,2025-Q4,1,£12.99
T104633,CH014,P01,2025-07-23,2025-Q3,3,38.97
T104634,CH014,P02,2025-03-01,2025-Q1,2,£30
T104635,CH014,P06,2025-07-16,2025-Q3,1,£54.99
T104636,CH014,P05,2025-12-23,2025-Q4,1,15.99
T104637,CH014,P06,2025-02-23,2025-Q1,2,£109.98
T104638,CH014,P05,2025-01-22,2025-Q1,1,15.99
T104639,CH014,P04,2025-04-08,2025-Q2,1,£16.99
T104640,CH014,P03,2025-09-15,2025-Q3,1,£11.99
T104641,CH014,P02,2025-04-08,2025-Q2,2,£29.98
T104642,CH014,P01,2025-03-27,2025-Q1,2,25.98
T104643,CH014,P02,2025-10-18,2025-Q4,2,£29.98
T104644,CH014,P04,2025-03-26,2025-Q1,1,£16.99
T104645,CH014,P03,2025-02-23,2025-Q1,1,11.99
T104646,CH014,P01,2025-12-11,2025-Q4,1,£12.99
T104647,CH014,P01,2025-12-08,2025-Q4,1,£12.99
T104648,CH014,P04,2025-06-24,2025-Q2,2,£33.98
T104649,CH014,P05,2025-11-20,2025-Q4,2,£32
T104650,CH014,P03,2025-04-26,2025-Q2,2,23.98
T104651,CH014,P03,2025-08-02,2025-Q3,2,23.98
T104652,CH014,P05,2025-11-21,2025-Q4,1,£16
T104653,CH014,P01,2025-05-12,2025-Q2,1,£13
T104654,CH014,P01,2025-01-05,2025-Q1,1,£12.99
T104655,CH014,P02,2025-02-05,2025-Q1,1,£15
T104656,CH014,P06,2025-11-19,2025-Q4,1,£54.99
T104657,CH014,P02,2025-12-20,2025-Q4,1,14.99
T104658,CH014,P04,2025-11-25,2025-Q4,3,50.97
T104659,CH014,P01,2025-04-27,2025-Q2,1,12.99
T104660,CH014,P03,2025-12-26,2025-Q4,3,£35.97
T104661,CH014,P04,2025-12-19,2025-Q4,1,£17
T104662,CH014,P01,2025-05-24,2025-Q2,1,£12.99
T104663,CH014,P04,2025-08-27,2025-Q3,1,£16.99
T104664,CH014,P02,2025-05-07,2025-Q2,1,£14.99
T104665,CH014,P03,2025-10-19,2025-Q4,1,£11.99
T104666,CH014,P05,2025-08-17,2025-Q3,1,15.99
T104667,CH014,P05,2025-07-11,2025-Q3,1,15.99
T104668,CH014,P02,2025-11-25,2025-Q4,1,14.99
T104669,CH014,P04,2025-04-09,2025-Q2,1,£16.99
T104670,CH014,P02,2025-12-18,2025-Q4,1,£14.99
T104671,CH014,P06,2025-05-13,2025-Q2,3,164.97
T104672,CH014,P05,2025-10-21,2025-Q4,1,£16
T104673,CH014,P01,2025-04-12,2025-Q2,1,12.99
T104674,CH014,P05,2025-04-02,2025-Q2,2,£31.98
T104675,CH014,P05,2025-09-18,2025-Q3,1,15.99
T104676,CH014,P03,2025-11-23,2025-Q4,1,£11.99
T104677,CH014,P03,2025-12-14,2025-Q4,1,£12
T104678,CH014,P05,2025-01-23,2025-Q1,2,£31.98
T104679,CH014,P03,2025-08-04,2025-Q3,1,£11.99
T104680,CH014,P04,2025-01-24,2025-Q1,1,16.99
T104681,CH014,P04,2025-03-23,2025-Q1,1,£16.99
T104682,CH014,P02,2025-05-08,2025-Q2,1,£14.99
T104683,CH014,P03,2025-01-06,2025-Q1,1,£11.99
T104684,CH014,P03,2025-06-21,2025-Q2,1,11.99
T104685,CH014,P06,2025-05-11,2025-Q2,2,109.98
T104686,CH014,P01,2025-03-10,2025-Q1,1,£12.99
T104687,CH014,P04,2025-04-05,2025-Q2,1,£16.99
T104688,CH014,P01,2025-04-01,2025-Q2,1,£13
T104689,CH014,P05,2025-07-22,2025-Q3,1,£15.99
T104690,CH014,P06,2025-02-10,2025-Q1,2,£109.98
T104691,CH014,P01,2025-07-17,2025-Q3,1,£12.99
T104692,CH014,P02,2025-12-01,2025-Q4,1,14.99
T104693,CH014,P03,2025-03-14,2025-Q1,2,23.98
T104694,CH014,P03,2025-03-27,2025-Q1,1,£12
T104695,CH014,P02,2025-07-07,2025-Q3,1,£14.99
T104696,CH014,P03,2025-10-01,2025-Q4,1,£11.99
T104697,CH014,P01,2025-08-06,2025-Q3,1,£13
T104698,CH014,P01,2025-02-24,2025-Q1,1,12.99
T104699,CH014,P04,2025-08-04,2025-Q3,1,£16.99
T104700,CH014,P01,2025-07-21,2025-Q3,1,£12.99
T104701,CH014,P02,2025-09-03,2025-Q3,1,14.99
T104702,CH014,P01,2025-12-09,2025-Q4,2,£25.98
T104703,CH014,P05,2025-07-12,2025-Q3,1,15.99
T104704,CH014,P05,2025-09-07,2025-Q3,2,31.98
T104705,CH014,P03,2025-10-25,2025-Q4,2,23.98
T104706,CH014,P01,2025-05-22,2025-Q2,1,£12.99
T104707,CH014,P05,2025-12-27,2025-Q4,1,£16
T104708,CH014,P01,2025-10-16,2025-Q4,3,£39
T104709,CH014,P02,2025-09-08,2025-Q3,1,14.99
T104710,CH014,P03,2025-04-17,2025-Q2,2,23.98
T104711,CH014,P04,2025-09-28,2025-Q3,2,£33.98
T104712,CH014,P03,2025-11-16,2025-Q4,1,£12
T104713,CH014,P02,2025-10-10,2025-Q4,1,£14.99
T104714,CH014,P04,2025-09-22,2025-Q3,1,16.99
T104715,CH014,P04,2025-08-24,2025-Q3,1,16.99
T104716,CH014,P02,2025-09-25,2025-Q3,1,£14.99
T104717,CH014,P04,2025-07-22,2025-Q3,1,£17
T104718,CH014,P02,2025-12-22,2025-Q4,1,£14.99
T104719,CH014,P01,2025-03-21,2025-Q1,1,12.99
T104720,CH014,P01,2025-12-15,2025-Q4,3,£38.97
T104721,CH014,P05,2025-10-19,2025-Q4,2,£31.98
T104722,CH014,P01,2025-05-07,2025-Q2,1,£12.99
T104723,CH014,P05,2025-11-16,2025-Q4,1,£16
T104724,CH014,P01,2025-07-22,2025-Q3,2,£25.98
T104725,CH014,P01,2025-12-15,2025-Q4,2,£25.98
T104726,CH014,P06,2025-06-25,2025-Q2,1,54.99
T104727,CH014,P03,2025-03-18,2025-Q1,2,£23.98
T104728,CH014,P01,2025-11-01,2025-Q4,1,£12.99
T104729,CH014,P01,2025-11-16,2025-Q4,1,12.99
T104730,CH014,P01,2025-05-19,2025-Q2,2,£26
T104731,CH014,P01,2025-03-11,2025-Q1,1,£12.99
T104732,CH014,P01,2025-01-01,2025-Q1,1,£12.99
T104733,CH014,P03,2025-03-05,2025-Q1,1,£11.99
T104734,CH014,P05,2025-09-15,2025-Q3,1,£15.99
T104735,CH014,P01,2025-12-28,2025-Q4,3,£39
T104736,CH014,P02,2025-10-02,2025-Q4,2,£29.98
T104737,CH014,P04,2025-10-16,2025-Q4,2,£33.98
T104738,CH014,P03,2025-10-01,2025-Q4,1,£11.99
T104739,CH014,P02,2025-10-02,2025-Q4,2,£30
T104740,CH014,P04,2025-10-16,2025-Q4,2,£33.98
T104741,CH014,P01,2025-01-17,2025-Q1,2,25.98
T104742,CH014,P05,2025-06-05,2025-Q2,1,£15.99
T104743,CH014,P06,2025-08-04,2025-Q3,1,£54.99
T104744,CH014,P01,2025-01-02,2025-Q1,2,£25.98
T104745,CH014,P01,2025-03-27,2025-Q1,1,£12.99
T104746,CH014,P02,2025-01-14,2025-Q1,1,£14.99
T104747,CH014,P04,2025-11-04,2025-Q4,1,16.99
T104748,CH014,P04,2025-11-14,2025-Q4,2,£33.98
T104749,CH014,P02,2025-07-07,2025-Q3,1,£14.99
T104750,CH014,P01,2025-07-28,2025-Q3,1,12.99
T104751,CH014,P05,2025-01-24,2025-Q1,2,£31.98
T104752,CH014,P03,2025-07-20,2025-Q3,1,£11.99
T104753,CH014,P05,2025-08-19,2025-Q3,1,£16
T104754,CH014,P06,2025-09-16,2025-Q3,2,£109.98
T104755,CH014,P03,2025-09-01,2025-Q3,3,£35.97
T104756,CH014,P04,2025-04-05,2025-Q2,1,£16.99
T104757,CH014,P02,2025-05-10,2025-Q2,1,£14.99
T104758,CH014,P02,2025-09-27,2025-Q3,1,£15
T104759,CH014,P04,2025-10-08,2025-Q4,3,£50.97
T104760,CH014,P03,2025-07-20,2025-Q3,2,23.98
T104761,CH014,P05,2025-06-21,2025-Q2,3,£47.97
T104762,CH014,P01,2025-10-03,2025-Q4,2,£25.98
T104763,CH014,P03,2025-04-12,2025-Q2,1,£11.99
T104764,CH014,P03,2025-09-27,2025-Q3,1,£11.99
T104765,CH014,P05,2025-02-11,2025-Q1,3,£47.97
T104766,CH014,P02,2025-05-16,2025-Q2,1,14.99
T104767,CH014,P04,2025-07-26,2025-Q3,1,£16.99
T104768,CH014,P02,2025-02-21,2025-Q1,3,£44.97
T104769,CH014,P02,2025-07-28,2025-Q3,1,£15
T104770,CH014,P01,2025-01-09,2025-Q1,1,£12.99
T104771,CH014,P04,2025-04-14,2025-Q2,1,£16.99
T104772,CH014,P02,2025-04-25,2025-Q2,1,£14.99
T104773,CH014,P04,2025-10-16,2025-Q4,2,£33.98
T104774,CH014,P03,2025-02-03,2025-Q1,1,£11.99
T104775,CH014,P04,2025-06-22,2025-Q2,1,£17
T104776,CH014,P02,2025-04-17,2025-Q2,1,£14.99
T104777,CH014,P01,2025-01-02,2025-Q1,3,£38.97
T104778,CH014,P02,2025-09-18,2025-Q3,1,£15
T104779,CH014,P05,2025-08-21,2025-Q3,1,£15.99
T104780,CH014,P05,2025-03-04,2025-Q1,1,£16
T104781,CH014,P01,2025-06-23,2025-Q2,1,£13
T104782,CH014,P03,2025-06-16,2025-Q2,3,35.97
T104783,CH014,P03,2025-04-03,2025-Q2,2,£23.98
T104784,CH014,P05,2025-09-08,2025-Q3,1,15.99
T104785,CH014,P01,2025-04-20,2025-Q2,3,£38.97
T104786,CH014,P04,2025-12-06,2025-Q4,1,£16.99
T104787,CH014,P04,2025-07-12,2025-Q3,2,£33.98
T104788,CH014,P01,2025-10-10,2025-Q4,1,£13
T104789,CH014,P06,2025-01-22,2025-Q1,1,£54.99
T104790,CH014,P01,2025-02-17,2025-Q1,1,£13
T104791,CH014,P06,2025-12-17,2025-Q4,1,£54.99
T104792,CH014,P03,2025-07-17,2025-Q3,3,£35.97
T104793,CH014,P02,2025-06-19,2025-Q2,2,£29.98
T104794,CH014,P03,2025-10-08,2025-Q4,2,23.98
T104795,CH014,P05,2025-02-14,2025-Q1,1,£16
T104796,CH014,P01,2025-05-23,2025-Q2,1,12.99
T104797,CH014,P03,2025-06-06,2025-Q2,1,£11.99
T104798,CH014,P01,2025-08-25,2025-Q3,1,12.99
T104799,CH014,P06,2025-02-14,2025-Q1,1,£54.99
T104800,CH014,P04,2025-11-15,2025-Q4,2,33.98
T104801,CH014,P01,2025-08-11,2025-Q3,1,£12.99
T104802,CH014,P06,2025-02-15,2025-Q1,3,£164.97
T104803,CH014,P01,2025-10-28,2025-Q4,1,£12.99
T104804,CH014,P03,2025-02-26,2025-Q1,1,11.99
T104805,CH014,P03,2025-05-15,2025-Q2,1,£11.99
T104806,CH014,P04,2025-02-13,2025-Q1,2,£33.98
T104807,CH014,P04,2025-05-20,2025-Q2,1,£17
T104808,CH014,P02,2025-04-05,2025-Q2,1,£14.99
T104809,CH014,P01,2025-09-10,2025-Q3,1,£12.99
T104810,CH014,P01,2025-01-18,2025-Q1,1,£12.99
T104811,CH014,P04,2025-02-28,2025-Q1,1,£17
T104812,CH014,P02,2025-03-18,2025-Q1,1,14.99
T104813,CH014,P05,2025-01-15,2025-Q1,1,£15.99
T104814,CH014,P01,2025-02-08,2025-Q1,1,£12.99
T104815,CH014,P02,2025-12-27,2025-Q4,1,£14.99
T104816,CH014,P01,2025-02-10,2025-Q1,1,£13
T104817,CH014,P02,2025-12-22,2025-Q4,2,£29.98
T104818,CH014,P03,2025-02-25,2025-Q1,1,£11.99
T104819,CH014,P04,2025-03-06,2025-Q1,1,£16.99
T104820,CH014,P05,2025-11-23,2025-Q4,1,£15.99
T104821,CH014,P04,2025-06-06,2025-Q2,2,£33.98
T104822,CH014,P06,2025-03-20,2025-Q1,1,54.99
T104823,CH014,P01,2025-10-20,2025-Q4,2,£25.98
T104824,CH014,P06,2025-11-06,2025-Q4,2,109.98
T104825,CH014,P02,2025-03-15,2025-Q1,1,£14.99
T104826,CH014,P02,2025-09-01,2025-Q3,1,14.99
T104827,CH014,P03,2025-04-11,2025-Q2,1,£12
T104828,CH014,P01,2025-01-24,2025-Q1,1,£13
T104829,CH014,P03,2025-04-22,2025-Q2,1,£12
T104830,CH015,P01,2024-09-10,2024-Q3,1,£12.99
T104831,CH015,P02,2024-10-19,2024-Q4,1,14.99
T104832,CH015,P01,2024-11-12,2024-Q4,1,£12.99
T104833,CH015,P05,2024-10-26,2024-Q4,1,£15.99
T104834,CH015,P01,2024-05-04,2024-Q2,2,£25.98
T104835,CH015,P04,2024-11-16,2024-Q4,2,£33.98
T104836,CH015,P04,2024-08-16,2024-Q3,3,£51
T104837,CH015,P02,2024-05-24,2024-Q2,2,£29.98
T104838,CH015,P03,2024-12-27,2024-Q4,1,£11.99
T104839,CH015,P03,2024-06-28,2024-Q2,2,23.98
T104840,CH015,P02,2024-12-20,2024-Q4,3,£44.97
T104841,CH015,P05,2024-08-28,2024-Q3,2,£32
T104842,CH015,P01,2024-02-25,2024-Q1,3,£38.97
T104843,CH015,P02,2024-07-09,2024-Q3,3,44.97
T104844,CH015,P02,2024-07-28,2024-Q3,1,14.99
T104845,CH015,P01,2024-12-07,2024-Q4,1,12.99
T104846,CH015,P01,2024-07-19,2024-Q3,1,£12.99
T104847,CH015,P03,2024-05-11,2024-Q2,1,£11.99
T104848,CH015,P05,2024-08-26,2024-Q3,1,£16
T104849,CH015,P02,2024-01-03,2024-Q1,2,29.98
T104850,CH015,P06,2024-10-19,2024-Q4,2,£110
T104851,CH015,P01,2024-06-18,2024-Q2,1,£12.99
T104852,CH015,P03,2024-04-07,2024-Q2,1,11.99
T104853,CH015,P02,2024-07-03,2024-Q3,1,£14.99
T104854,CH015,P03,2024-11-06,2024-Q4,3,35.97
T104855,CH015,P02,2024-01-14,2024-Q1,2,£29.98
T104856,CH015,P03,2024-08-02,2024-Q3,2,23.98
T104857,CH015,P03,2024-01-02,2024-Q1,1,£11.99
T104858,CH015,P04,2024-09-18,2024-Q3,1,16.99
T104859,CH015,P06,2024-10-14,2024-Q4,1,£54.99
T104860,CH015,P05,2024-12-03,2024-Q4,1,£15.99
T104861,CH015,P01,2024-11-19,2024-Q4,1,£12.99
T104862,CH015,P01,2024-01-17,2024-Q1,1,£13
T104863,CH015,P03,2024-09-13,2024-Q3,2,£24
T104864,CH015,P02,2024-10-14,2024-Q4,1,14.99
T104865,CH015,P06,2024-12-04,2024-Q4,2,£109.98
T104866,CH015,P04,2024-02-21,2024-Q1,2,£33.98
T104867,CH015,P01,2024-11-22,2024-Q4,3,£38.97
T104868,CH015,P05,2024-06-10,2024-Q2,2,£31.98
T104869,CH015,P03,2024-07-16,2024-Q3,1,£11.99
T104870,CH015,P02,2024-01-25,2024-Q1,1,£14.99
T104871,CH015,P03,2024-03-01,2024-Q1,1,£11.99
T104872,CH015,P03,2024-11-25,2024-Q4,1,£11.99
T104873,CH015,P04,2024-12-04,2024-Q4,1,16.99
T104874,CH015,P01,2024-07-23,2024-Q3,1,£12.99
T104875,CH015,P01,2024-04-17,2024-Q2,1,12.99
T104876,CH015,P05,2024-10-02,2024-Q4,1,£15.99
T104877,CH015,P02,2024-02-25,2024-Q1,1,£14.99
T104878,CH015,P03,2024-06-20,2024-Q2,2,£23.98
T104879,CH015,P02,2024-05-08,2024-Q2,1,£14.99
T104880,CH015,P06,2024-09-22,2024-Q3,1,£55
T104881,CH015,P01,2024-07-18,2024-Q3,1,£12.99
T104882,CH015,P01,2024-04-11,2024-Q2,2,£26
T104883,CH015,P03,2024-08-01,2024-Q3,1,11.99
T104884,CH015,P05,2024-12-07,2024-Q4,2,31.98
T104885,CH015,P05,2024-12-15,2024-Q4,1,15.99
T104886,CH015,P05,2024-11-15,2024-Q4,2,£32
T104887,CH015,P06,2024-10-01,2024-Q4,2,£109.98
T104888,CH015,P01,2024-11-18,2024-Q4,2,£25.98
T104889,CH015,P04,2024-01-28,2024-Q1,1,£16.99
T104890,CH015,P04,2024-02-20,2024-Q1,2,33.98
T104891,CH015,P01,2024-12-24,2024-Q4,2,£26
T104892,CH015,P05,2024-01-20,2024-Q1,1,£16
T104893,CH015,P05,2024-03-06,2024-Q1,1,£15.99
T104894,CH015,P01,2024-01-09,2024-Q1,1,£12.99
T104895,CH015,P01,2024-08-17,2024-Q3,1,£12.99
T104896,CH015,P06,2024-08-23,2024-Q3,1,£54.99
T104897,CH015,P03,2024-12-09,2024-Q4,3,£35.97
T104898,CH015,P04,2024-09-07,2024-Q3,1,£17
T104899,CH015,P01,2024-07-16,2024-Q3,1,£12.99
T104900,CH015,P01,2024-12-27,2024-Q4,1,£13
T104901,CH015,P01,2024-04-20,2024-Q2,3,£38.97
T104902,CH015,P01,2024-12-06,2024-Q4,1,£12.99
T104903,CH015,P01,2024-03-03,2024-Q1,1,12.99
T104904,CH015,P01,2024-10-13,2024-Q4,1,£12.99
T104905,CH015,P02,2024-08-28,2024-Q3,3,£45
T104906,CH015,P01,2024-03-17,2024-Q1,1,£12.99
T104907,CH015,P04,2024-02-16,2024-Q1,1,£17
T104908,CH015,P01,2024-10-19,2024-Q4,2,£25.98
T104909,CH015,P04,2024-06-19,2024-Q2,1,£16.99
T104910,CH015,P04,2024-08-13,2024-Q3,2,£34
T104911,CH015,P01,2024-09-15,2024-Q3,1,£12.99
T104912,CH015,P03,2024-05-01,2024-Q2,1,£11.99
T104913,CH015,P01,2024-09-15,2024-Q3,3,38.97
T104914,CH015,P03,2024-10-25,2024-Q4,1,£12
T104915,CH015,P01,2024-10-10,2024-Q4,1,£12.99
T104916,CH015,P01,2024-03-13,2024-Q1,1,£13
T104917,CH015,P02,2024-08-13,2024-Q3,1,£15
T104918,CH015,P01,2024-06-14,2024-Q2,1,£12.99
T104919,CH015,P01,2024-01-14,2024-Q1,1,£13
T104920,CH015,P04,2024-01-14,2024-Q1,2,33.98
T104921,CH015,P05,2024-06-26,2024-Q2,1,£15.99
T104922,CH015,P01,2024-11-07,2024-Q4,1,£12.99
T104923,CH015,P04,2024-05-14,2024-Q2,1,16.99
T104924,CH015,P06,2024-12-16,2024-Q4,2,109.98
T104925,CH015,P02,2024-01-19,2024-Q1,1,£14.99
T104926,CH015,P02,2024-09-04,2024-Q3,1,£15
T104927,CH015,P04,2024-08-17,2024-Q3,1,£16.99
T104928,CH015,P04,2024-08-02,2024-Q3,1,16.99
T104929,CH015,P04,2024-06-20,2024-Q2,2,£34
T104930,CH015,P04,2024-03-01,2024-Q1,1,£16.99
T104931,CH015,P02,2024-01-12,2024-Q1,1,£14.99
T104932,CH015,P02,2024-05-11,2024-Q2,1,£14.99
T104933,CH015,P02,2024-07-19,2024-Q3,1,£15
T104934,CH015,P06,2024-07-01,2024-Q3,1,£54.99
T104935,CH015,P05,2024-11-08,2024-Q4,3,47.97
T104936,CH015,P05,2024-12-04,2024-Q4,1,15.99
T104937,CH015,P01,2024-12-20,2024-Q4,2,25.98
T104938,CH015,P05,2024-05-23,2024-Q2,1,£15.99
T104939,CH015,P02,2024-06-25,2024-Q2,3,£45
T104940,CH015,P03,2024-01-03,2024-Q1,2,£23.98
T104941,CH015,P04,2024-05-26,2024-Q2,1,16.99
T104942,CH015,P01,2024-11-24,2024-Q4,1,£12.99
T104943,CH015,P01,2024-05-18,2024-Q2,2,£25.98
T104944,CH015,P05,2024-05-24,2024-Q2,2,31.98
T104945,CH015,P01,2024-03-20,2024-Q1,1,£13
T104946,CH015,P01,2024-09-26,2024-Q3,1,12.99
T104947,CH015,P03,2024-06-15,2024-Q2,1,£12
T104948,CH015,P01,2024-12-02,2024-Q4,1,£12.99
T104949,CH015,P01,2024-01-19,2024-Q1,1,£12.99
T104950,CH015,P02,2024-08-04,2024-Q3,1,£15
T104951,CH015,P04,2024-01-16,2024-Q1,1,£16.99
T104952,CH015,P05,2024-09-10,2024-Q3,1,£15.99
T104953,CH015,P04,2024-02-23,2024-Q1,1,£16.99
T104954,CH015,P04,2024-10-05,2024-Q4,1,£16.99
T104955,CH015,P03,2024-05-07,2024-Q2,1,£11.99
T104956,CH015,P04,2024-06-08,2024-Q2,2,£33.98
T104957,CH015,P03,2024-01-06,2024-Q1,1,11.99
T104958,CH015,P02,2024-04-24,2024-Q2,1,14.99
T104959,CH015,P01,2024-02-01,2024-Q1,2,£25.98
T104960,CH015,P05,2024-11-14,2024-Q4,1,15.99
T104961,CH015,P03,2024-03-28,2024-Q1,1,£11.99
T104962,CH015,P05,2024-12-27,2024-Q4,1,15.99
T104963,CH015,P01,2024-05-27,2024-Q2,2,25.98
T104964,CH015,P01,2024-12-25,2024-Q4,1,£12.99
T104965,CH015,P02,2024-09-09,2024-Q3,1,£14.99
T104966,CH015,P02,2024-04-16,2024-Q2,1,£14.99
T104967,CH015,P03,2024-02-14,2024-Q1,1,11.99
T104968,CH015,P04,2024-08-22,2024-Q3,1,16.99
T104969,CH015,P03,2024-07-28,2024-Q3,1,£12
T104970,CH015,P04,2024-11-27,2024-Q4,1,£17
T104971,CH015,P02,2024-05-16,2024-Q2,1,£15
T104972,CH015,P04,2024-11-17,2024-Q4,2,33.98
T104973,CH015,P01,2024-11-11,2024-Q4,1,£12.99
T104974,CH015,P02,2024-11-23,2024-Q4,1,£14.99
T104975,CH015,P02,2024-11-20,2024-Q4,1,£15
T104976,CH015,P06,2024-06-20,2024-Q2,1,54.99
T104977,CH015,P01,2024-09-27,2024-Q3,1,£12.99
T104978,CH015,P05,2024-01-28,2024-Q1,1,£15.99
T104979,CH015,P02,2024-08-14,2024-Q3,2,29.98
T104980,CH015,P03,2024-08-27,2024-Q3,1,11.99
T104981,CH015,P02,2024-08-14,2024-Q3,1,£14.99
T104982,CH015,P05,2024-08-21,2024-Q3,2,£31.98
T104983,CH015,P03,2024-09-28,2024-Q3,1,£12
T104984,CH015,P01,2024-11-23,2024-Q4,1,£12.99
T104985,CH015,P04,2024-05-08,2024-Q2,2,£34
T104986,CH015,P02,2024-09-21,2024-Q3,1,£15
T104987,CH015,P02,2024-01-01,2024-Q1,2,29.98
T104988,CH015,P01,2024-02-17,2024-Q1,1,£12.99
T104989,CH015,P01,2024-01-06,2024-Q1,1,£12.99
T104990,CH015,P04,2024-11-14,2024-Q4,2,£34
T104991,CH015,P03,2024-09-18,2024-Q3,2,23.98
T104992,CH015,P02,2024-03-06,2024-Q1,1,£14.99
T104993,CH015,P01,2024-04-04,2024-Q2,1,£12.99
T104994,CH015,P03,2024-05-04,2024-Q2,3,£36
T104995,CH015,P03,2024-02-09,2024-Q1,2,£24
T104996,CH015,P04,2024-12-08,2024-Q4,2,33.98
T104997,CH015,P03,2024-10-16,2024-Q4,1,£11.99
T104998,CH015,P01,2024-06-28,2024-Q2,1,£13
T104999,CH015,P05,2024-08-21,2024-Q3,2,£31.98
T105000,CH015,P01,2024-07-21,2024-Q3,2,£25.98
T105001,CH015,P02,2024-11-12,2024-Q4,2,£29.98
T105002,CH015,P02,2024-04-08,2024-Q2,1,£14.99
T105003,CH015,P06,2024-06-01,2024-Q2,1,£55
T105004,CH015,P01,2024-04-02,2024-Q2,1,£12.99
T105005,CH015,P01,2024-02-24,2024-Q1,3,38.97
T105006,CH015,P03,2024-07-18,2024-Q3,1,£11.99
T105007,CH015,P03,2024-06-19,2024-Q2,1,11.99
T105008,CH015,P02,2024-04-26,2024-Q2,1,14.99
T105009,CH015,P03,2024-12-08,2024-Q4,2,23.98
T105010,CH015,P05,2024-01-26,2024-Q1,1,15.99
T105011,CH015,P02,2024-05-16,2024-Q2,1,£14.99
T105012,CH015,P01,2024-07-05,2024-Q3,2,25.98
T105013,CH015,P04,2024-02-08,2024-Q1,1,£17
T105014,CH015,P02,2024-05-02,2024-Q2,2,£29.98
T105015,CH015,P04,2024-05-10,2024-Q2,1,16.99
T105016,CH015,P03,2024-04-14,2024-Q2,1,£11.99
T105017,CH015,P04,2024-05-17,2024-Q2,2,£33.98
T105018,CH015,P03,2024-05-24,2024-Q2,1,£11.99
T105019,CH015,P03,2024-05-04,2024-Q2,1,11.99
T105020,CH015,P05,2024-12-03,2024-Q4,3,£48
T105021,CH015,P01,2024-09-01,2024-Q3,1,£13
T105022,CH015,P03,2024-08-10,2024-Q3,3,£35.97
T105023,CH015,P03,2024-02-01,2024-Q1,1,£11.99
T105024,CH015,P01,2024-02-21,2024-Q1,1,£12.99
T105025,CH015,P05,2024-08-28,2024-Q3,1,£15.99
T105026,CH015,P01,2024-05-17,2024-Q2,1,£12.99
T105027,CH015,P01,2024-02-27,2024-Q1,1,£13
T105028,CH015,P02,2024-12-17,2024-Q4,1,£14.99
T105029,CH015,P01,2024-12-25,2024-Q4,1,£12.99
T105030,CH015,P01,2024-10-02,2024-Q4,1,12.99
T105031,CH015,P03,2024-10-02,2024-Q4,1,£11.99
T105032,CH015,P02,2024-08-27,2024-Q3,1,14.99
T105033,CH015,P03,2024-02-11,2024-Q1,1,£11.99
T105034,CH015,P06,2024-11-20,2024-Q4,2,£109.98
T105035,CH015,P03,2024-01-02,2024-Q1,2,£23.98
T105036,CH015,P04,2024-03-25,2024-Q1,1,£17
T105037,CH015,P03,2024-03-03,2024-Q1,1,£12
T105038,CH015,P01,2024-06-18,2024-Q2,1,£12.99
T105039,CH015,P05,2024-11-09,2024-Q4,2,£31.98
T105040,CH015,P01,2024-08-14,2024-Q3,1,£12.99
T105041,CH015,P03,2024-02-08,2024-Q1,1,£11.99
T105042,CH015,P04,2024-12-17,2024-Q4,1,16.99
T105043,CH015,P01,2024-01-26,2024-Q1,1,12.99
T105044,CH015,P01,2024-11-13,2024-Q4,1,£12.99
T105045,CH015,P01,2024-09-12,2024-Q3,1,£12.99
T105046,CH015,P01,2024-11-09,2024-Q4,1,£12.99
T105047,CH015,P02,2024-12-15,2024-Q4,1,£14.99
T105048,CH015,P05,2024-05-08,2024-Q2,1,£15.99
T105049,CH015,P04,2024-11-16,2024-Q4,1,16.99
T105050,CH015,P03,2024-08-18,2024-Q3,2,£24
T105051,CH015,P05,2024-03-08,2024-Q1,1,£15.99
T105052,CH015,P01,2024-02-03,2024-Q1,1,£12.99
T105053,CH015,P02,2024-02-19,2024-Q1,1,14.99
T105054,CH015,P02,2024-05-20,2024-Q2,1,£15
T105055,CH015,P06,2024-07-15,2024-Q3,1,£54.99
T105056,CH015,P02,2024-10-26,2024-Q4,1,£14.99
T105057,CH015,P05,2024-08-20,2024-Q3,2,£31.98
T105058,CH015,P05,2024-12-03,2024-Q4,1,£15.99
T105059,CH015,P01,2024-03-15,2024-Q1,1,£13
T105060,CH015,P03,2024-05-26,2024-Q2,2,23.98
T105061,CH015,P01,2024-05-10,2024-Q2,1,12.99
T105062,CH015,P03,2024-03-12,2024-Q1,2,£24
T105063,CH015,P04,2024-07-22,2024-Q3,1,£16.99
T105064,CH015,P02,2024-01-28,2024-Q1,1,£14.99
T105065,CH015,P01,2024-09-09,2024-Q3,2,25.98
T105066,CH015,P02,2024-03-23,2024-Q1,2,£29.98
T105067,CH015,P01,2024-05-01,2024-Q2,1,12.99
T105068,CH015,P02,2024-06-25,2024-Q2,1,£14.99
T105069,CH015,P03,2024-06-26,2024-Q2,1,£11.99
T105070,CH015,P01,2024-01-14,2024-Q1,1,£12.99
T105071,CH015,P04,2024-04-20,2024-Q2,1,£17
T105072,CH015,P01,2024-07-10,2024-Q3,2,£25.98
T105073,CH015,P05,2024-05-06,2024-Q2,1,£16
T105074,CH015,P04,2024-12-25,2024-Q4,1,16.99
T105075,CH015,P01,2024-12-22,2024-Q4,2,£25.98
T105076,CH015,P01,2024-09-09,2024-Q3,1,£12.99
T105077,CH015,P03,2024-03-19,2024-Q1,1,£12
T105078,CH015,P02,2024-11-23,2024-Q4,1,£14.99
T105079,CH015,P02,2024-08-28,2024-Q3,2,29.98
T105080,CH015,P05,2024-02-06,2024-Q1,1,£15.99
T105081,CH015,P05,2024-02-10,2024-Q1,2,£31.98
T105082,CH015,P04,2024-05-14,2024-Q2,2,£33.98
T105083,CH015,P04,2024-10-07,2024-Q4,1,£16.99
T105084,CH015,P04,2024-02-13,2024-Q1,1,£16.99
T105085,CH015,P02,2024-07-15,2024-Q3,3,£44.97
T105086,CH015,P05,2024-02-17,2024-Q1,1,15.99
T105087,CH015,P01,2024-04-03,2024-Q2,1,12.99
T105088,CH015,P01,2024-11-01,2024-Q4,1,£12.99
T105089,CH015,P01,2024-07-16,2024-Q3,2,£25.98
T105090,CH015,P03,2024-01-15,2024-Q1,1,11.99
T105091,CH015,P01,2024-11-11,2024-Q4,2,£26
T105092,CH015,P01,2024-02-05,2024-Q1,1,£12.99
T105093,CH015,P06,2024-09-05,2024-Q3,2,£109.98
T105094,CH015,P02,2024-12-07,2024-Q4,2,£29.98
T105095,CH015,P03,2024-11-03,2024-Q4,1,£11.99
T105096,CH015,P03,2024-12-07,2024-Q4,1,£11.99
T105097,CH015,P02,2024-05-25,2024-Q2,1,£15
T105098,CH015,P01,2024-05-15,2024-Q2,1,£12.99
T105099,CH015,P05,2024-06-03,2024-Q2,1,£15.99
T105100,CH015,P01,2024-12-18,2024-Q4,1,£12.99
T105101,CH015,P01,2024-06-23,2024-Q2,1,£13
T105102,CH015,P04,2024-12-07,2024-Q4,1,£16.99
T105103,CH015,P02,2024-10-14,2024-Q4,1,£15
T105104,CH015,P04,2024-12-19,2024-Q4,1,£16.99
T105105,CH015,P01,2024-02-23,2024-Q1,1,£12.99
T105106,CH015,P02,2024-03-22,2024-Q1,1,£14.99
T105107,CH015,P04,2024-10-20,2024-Q4,1,£16.99
T105108,CH015,P03,2024-05-22,2024-Q2,3,£35.97
T105109,CH015,P02,2024-01-14,2024-Q1,1,£15
T105110,CH015,P02,2024-02-05,2024-Q1,3,£44.97
T105111,CH015,P03,2024-05-15,2024-Q2,1,£12
T105112,CH015,P02,2024-06-21,2024-Q2,1,£14.99
T105113,CH015,P04,2024-09-23,2024-Q3,1,£16.99
T105114,CH015,P01,2024-12-15,2024-Q4,1,£12.99
T105115,CH015,P03,2024-03-08,2024-Q1,1,£11.99
T105116,CH015,P05,2024-07-24,2024-Q3,1,£15.99
T105117,CH015,P03,2024-01-07,2024-Q1,1,£11.99
T105118,CH015,P01,2024-02-28,2024-Q1,1,£12.99
T105119,CH015,P06,2024-05-27,2024-Q2,1,54.99
T105120,CH015,P04,2024-03-04,2024-Q1,1,£17
T105121,CH015,P01,2024-05-22,2024-Q2,1,£12.99
T105122,CH015,P01,2024-10-28,2024-Q4,3,£38.97
T105123,CH015,P06,2024-01-16,2024-Q1,1,£54.99
T105124,CH015,P02,2024-10-19,2024-Q4,1,14.99
T105125,CH015,P05,2024-05-21,2024-Q2,2,£31.98
T105126,CH015,P02,2024-10-17,2024-Q4,1,14.99
T105127,CH015,P01,2024-06-05,2024-Q2,2,25.98
T105128,CH015,P04,2024-04-22,2024-Q2,1,£16.99
T105129,CH015,P01,2024-12-28,2024-Q4,1,12.99
T105130,CH015,P02,2024-09-28,2024-Q3,1,£14.99
T105131,CH015,P01,2024-05-01,2024-Q2,1,12.99
T105132,CH015,P02,2024-10-02,2024-Q4,1,£14.99
T105133,CH015,P03,2024-03-25,2024-Q1,1,£12
T105134,CH015,P01,2024-09-14,2024-Q3,1,12.99
T105135,CH015,P02,2024-11-28,2024-Q4,1,£14.99
T105136,CH015,P03,2024-11-10,2024-Q4,2,£24
T105137,CH015,P01,2024-09-24,2024-Q3,1,£12.99
T105138,CH015,P02,2024-11-17,2024-Q4,1,£14.99
T105139,CH015,P02,2024-03-25,2024-Q1,3,£45
T105140,CH015,P03,2025-01-24,2025-Q1,1,£11.99
T105141,CH015,P03,2025-06-18,2025-Q2,1,£12
T105142,CH015,P03,2025-05-03,2025-Q2,1,£11.99
T105143,CH015,P05,2025-07-25,2025-Q3,1,£15.99
T105144,CH015,P03,2025-02-09,2025-Q1,1,£11.99
T105145,CH015,P02,2025-07-21,2025-Q3,3,£44.97
T105146,CH015,P05,2025-07-04,2025-Q3,1,£16
T105147,CH015,P04,2025-08-22,2025-Q3,2,£33.98
T105148,CH015,P01,2025-02-10,2025-Q1,1,£13
T105149,CH015,P02,2025-05-14,2025-Q2,1,14.99
T105150,CH015,P06,2025-03-07,2025-Q1,1,£54.99
T105151,CH015,P05,2025-08-06,2025-Q3,1,15.99
T105152,CH015,P03,2025-02-22,2025-Q1,1,£12
T105153,CH015,P02,2025-11-10,2025-Q4,1,14.99
T105154,CH015,P01,2025-06-17,2025-Q2,1,£12.99
T105155,CH015,P03,2025-09-25,2025-Q3,2,£23.98
T105156,CH015,P04,2025-10-18,2025-Q4,1,£17
T105157,CH015,P03,2025-08-12,2025-Q3,1,£11.99
T105158,CH015,P01,2025-04-12,2025-Q2,1,12.99
T105159,CH015,P01,2025-09-28,2025-Q3,3,£38.97
T105160,CH015,P04,2025-04-13,2025-Q2,1,£16.99
T105161,CH015,P03,2025-08-05,2025-Q3,1,11.99
T105162,CH015,P04,2025-06-11,2025-Q2,2,£33.98
T105163,CH015,P01,2025-12-23,2025-Q4,1,£13
T105164,CH015,P04,2025-04-18,2025-Q2,2,£33.98
T105165,CH015,P01,2025-11-23,2025-Q4,2,£26
T105166,CH015,P02,2025-06-22,2025-Q2,1,£14.99
T105167,CH015,P04,2025-02-03,2025-Q1,2,£33.98
T105168,CH015,P01,2025-12-03,2025-Q4,1,£12.99
T105169,CH015,P03,2025-06-24,2025-Q2,1,£12
T105170,CH015,P04,2025-08-15,2025-Q3,1,16.99
T105171,CH015,P03,2025-02-20,2025-Q1,2,£23.98
T105172,CH015,P04,2025-11-19,2025-Q4,3,£51
T105173,CH015,P02,2025-09-14,2025-Q3,1,£15
T105174,CH015,P05,2025-11-16,2025-Q4,1,£16
T105175,CH015,P04,2025-07-15,2025-Q3,1,£17
T105176,CH015,P04,2025-06-02,2025-Q2,2,£33.98
T105177,CH015,P03,2025-02-22,2025-Q1,3,£35.97
T105178,CH015,P04,2025-12-26,2025-Q4,1,£16.99
T105179,CH015,P03,2025-11-16,2025-Q4,1,£12
T105180,CH015,P04,2025-04-01,2025-Q2,1,£16.99
T105181,CH015,P03,2025-01-08,2025-Q1,1,£11.99
T105182,CH015,P02,2025-09-05,2025-Q3,1,£14.99
T105183,CH015,P04,2025-01-19,2025-Q1,1,£16.99
T105184,CH015,P02,2025-09-08,2025-Q3,1,£14.99
T105185,CH015,P04,2025-10-19,2025-Q4,1,£16.99
T105186,CH015,P01,2025-01-13,2025-Q1,3,£38.97
T105187,CH015,P05,2025-05-21,2025-Q2,1,£15.99
T105188,CH015,P01,2025-09-24,2025-Q3,1,£12.99
T105189,CH015,P03,2025-12-01,2025-Q4,1,£11.99
T105190,CH015,P02,2025-09-17,2025-Q3,2,29.98
T105191,CH015,P03,2025-12-16,2025-Q4,1,£11.99
T105192,CH015,P05,2025-10-25,2025-Q4,2,£31.98
T105193,CH015,P01,2025-10-09,2025-Q4,2,£25.98
T105194,CH015,P02,2025-07-26,2025-Q3,1,£14.99
T105195,CH015,P05,2025-05-24,2025-Q2,1,15.99
T105196,CH015,P04,2025-12-08,2025-Q4,3,50.97
T105197,CH015,P02,2025-04-08,2025-Q2,1,£14.99
T105198,CH015,P05,2025-03-15,2025-Q1,1,£15.99
T105199,CH015,P04,2025-09-26,2025-Q3,3,50.97
T105200,CH015,P01,2025-02-25,2025-Q1,3,£38.97
T105201,CH015,P02,2025-03-17,2025-Q1,1,£14.99
T105202,CH015,P05,2025-03-14,2025-Q1,2,31.98
T105203,CH015,P03,2025-03-13,2025-Q1,2,£23.98
T105204,CH015,P01,2025-10-09,2025-Q4,1,£13
T105205,CH015,P04,2025-05-12,2025-Q2,1,£16.99
T105206,CH015,P06,2025-10-06,2025-Q4,1,£54.99
T105207,CH015,P04,2025-01-27,2025-Q1,1,£16.99
T105208,CH015,P03,2025-07-03,2025-Q3,1,11.99
T105209,CH015,P01,2025-08-28,2025-Q3,1,£12.99
T105210,CH015,P04,2025-11-10,2025-Q4,1,£16.99
T105211,CH015,P01,2025-11-28,2025-Q4,3,£39
T105212,CH015,P05,2025-05-04,2025-Q2,1,15.99
T105213,CH015,P02,2025-03-27,2025-Q1,2,£30
T105214,CH015,P01,2025-11-26,2025-Q4,1,£12.99
T105215,CH015,P02,2025-03-16,2025-Q1,1,14.99
T105216,CH015,P02,2025-06-21,2025-Q2,1,£14.99
T105217,CH015,P04,2025-08-18,2025-Q3,2,33.98
T105218,CH015,P01,2025-02-06,2025-Q1,1,£12.99
T105219,CH015,P03,2025-05-28,2025-Q2,1,£11.99
T105220,CH015,P04,2025-06-23,2025-Q2,1,£16.99
T105221,CH015,P03,2025-04-01,2025-Q2,1,£11.99
T105222,CH015,P01,2025-05-18,2025-Q2,3,38.97
T105223,CH015,P01,2025-07-01,2025-Q3,2,£25.98
T105224,CH015,P04,2025-10-27,2025-Q4,2,£33.98
T105225,CH015,P01,2025-12-04,2025-Q4,3,£38.97
T105226,CH015,P01,2025-05-26,2025-Q2,1,£12.99
T105227,CH015,P03,2025-02-09,2025-Q1,2,23.98
T105228,CH015,P01,2025-09-25,2025-Q3,3,£38.97
T105229,CH015,P02,2025-10-28,2025-Q4,1,£14.99
T105230,CH015,P03,2025-08-17,2025-Q3,1,£11.99
T105231,CH015,P03,2025-09-15,2025-Q3,1,£12
T105232,CH015,P03,2025-02-18,2025-Q1,1,£11.99
T105233,CH015,P01,2025-02-05,2025-Q1,1,£12.99
T105234,CH015,P03,2025-08-05,2025-Q3,2,£24
T105235,CH015,P01,2025-08-28,2025-Q3,1,12.99
T105236,CH015,P03,2025-06-13,2025-Q2,1,£12
T105237,CH015,P01,2025-05-21,2025-Q2,1,£13
T105238,CH015,P01,2025-04-03,2025-Q2,1,£12.99
T105239,CH015,P03,2025-02-16,2025-Q1,1,11.99
T105240,CH015,P02,2025-01-19,2025-Q1,1,£14.99
T105241,CH015,P01,2025-08-27,2025-Q3,1,£12.99
T105242,CH015,P06,2025-11-27,2025-Q4,2,£110
T105243,CH015,P04,2025-12-15,2025-Q4,1,£16.99
T105244,CH015,P04,2025-02-07,2025-Q1,1,16.99
T105245,CH015,P06,2025-03-21,2025-Q1,3,£164.97
T105246,CH015,P01,2025-01-21,2025-Q1,1,12.99
T105247,CH015,P04,2025-12-24,2025-Q4,2,£34
T105248,CH015,P04,2025-04-06,2025-Q2,1,£16.99
T105249,CH015,P06,2025-08-27,2025-Q3,1,£54.99
T105250,CH015,P01,2025-03-11,2025-Q1,1,12.99
T105251,CH015,P04,2025-07-07,2025-Q3,1,£16.99
T105252,CH015,P03,2025-05-14,2025-Q2,3,£35.97
T105253,CH015,P02,2025-03-05,2025-Q1,1,£14.99
T105254,CH015,P01,2025-01-13,2025-Q1,2,£25.98
T105255,CH015,P05,2025-12-10,2025-Q4,2,£32
T105256,CH015,P01,2025-05-01,2025-Q2,1,£12.99
T105257,CH015,P02,2025-08-04,2025-Q3,1,14.99
T105258,CH015,P02,2025-05-12,2025-Q2,1,£15
T105259,CH015,P05,2025-06-26,2025-Q2,2,£31.98
T105260,CH015,P04,2025-02-28,2025-Q1,1,16.99
T105261,CH015,P05,2025-10-04,2025-Q4,1,15.99
T105262,CH015,P04,2025-09-03,2025-Q3,1,16.99
T105263,CH015,P03,2025-04-04,2025-Q2,1,£11.99
T105264,CH015,P06,2025-09-16,2025-Q3,3,£164.97
T105265,CH015,P04,2025-01-20,2025-Q1,2,33.98
T105266,CH015,P04,2025-11-08,2025-Q4,2,£34
T105267,CH015,P04,2025-07-24,2025-Q3,2,£33.98
T105268,CH015,P02,2025-08-28,2025-Q3,1,£14.99
T105269,CH015,P06,2025-04-13,2025-Q2,1,£54.99
T105270,CH015,P01,2025-02-21,2025-Q1,1,£12.99
T105271,CH015,P05,2025-04-21,2025-Q2,1,£16
T105272,CH015,P04,2025-09-12,2025-Q3,3,£50.97
T105273,CH015,P01,2025-01-22,2025-Q1,3,£39
T105274,CH015,P01,2025-11-07,2025-Q4,3,£38.97
T105275,CH015,P03,2025-05-04,2025-Q2,1,£11.99
T105276,CH015,P04,2025-03-14,2025-Q1,2,£34
T105277,CH015,P01,2025-09-01,2025-Q3,1,12.99
T105278,CH015,P06,2025-07-08,2025-Q3,3,£165
T105279,CH015,P01,2025-01-11,2025-Q1,1,£13
T105280,CH015,P04,2025-11-25,2025-Q4,1,£17
T105281,CH015,P03,2025-03-10,2025-Q1,1,11.99
T105282,CH015,P02,2025-05-04,2025-Q2,2,£29.98
T105283,CH015,P04,2025-06-03,2025-Q2,1,£16.99
T105284,CH015,P01,2025-04-18,2025-Q2,1,£12.99
T105285,CH015,P01,2025-07-18,2025-Q3,1,£12.99
T105286,CH015,P02,2025-05-09,2025-Q2,1,14.99
T105287,CH015,P04,2025-05-22,2025-Q2,1,£17
T105288,CH015,P05,2025-11-06,2025-Q4,3,£47.97
T105289,CH015,P02,2025-11-20,2025-Q4,1,£14.99
T105290,CH015,P01,2025-09-14,2025-Q3,2,£26
T105291,CH015,P02,2025-05-07,2025-Q2,1,£15
T105292,CH015,P04,2025-03-22,2025-Q1,2,£33.98
T105293,CH015,P01,2025-03-27,2025-Q1,2,£25.98
T105294,CH015,P02,2025-11-11,2025-Q4,1,£14.99
T105295,CH015,P01,2025-12-25,2025-Q4,1,12.99
T105296,CH015,P02,2025-10-08,2025-Q4,2,£29.98
T105297,CH015,P01,2025-12-18,2025-Q4,1,£12.99
T105298,CH015,P03,2025-05-06,2025-Q2,1,£11.99
T105299,CH015,P02,2025-12-17,2025-Q4,1,£15
T105300,CH015,P03,2025-06-28,2025-Q2,1,11.99
T105301,CH015,P05,2025-06-22,2025-Q2,1,£15.99
T105302,CH015,P04,2025-02-15,2025-Q1,1,£16.99
T105303,CH015,P05,2025-10-10,2025-Q4,1,15.99
T105304,CH015,P03,2025-06-15,2025-Q2,3,£35.97
T105305,CH015,P04,2025-03-20,2025-Q1,1,£16.99
T105306,CH015,P05,2025-08-08,2025-Q3,3,47.97
T105307,CH015,P03,2025-05-25,2025-Q2,2,£23.98
T105308,CH015,P03,2025-10-16,2025-Q4,1,£11.99
T105309,CH015,P03,2025-04-13,2025-Q2,1,£11.99
T105310,CH015,P01,2025-12-09,2025-Q4,2,25.98
T105311,CH015,P01,2025-01-12,2025-Q1,1,£12.99
T105312,CH015,P04,2025-05-16,2025-Q2,1,16.99
T105313,CH015,P04,2025-08-25,2025-Q3,1,16.99
T105314,CH015,P05,2025-03-18,2025-Q1,1,£15.99
T105315,CH015,P04,2025-06-14,2025-Q2,2,£33.98
T105316,CH015,P04,2025-06-24,2025-Q2,1,£17
T105317,CH015,P06,2025-05-04,2025-Q2,1,£55
T105318,CH015,P05,2025-03-21,2025-Q1,2,£31.98
T105319,CH015,P01,2025-09-09,2025-Q3,1,12.99
T105320,CH015,P06,2025-01-07,2025-Q1,1,£54.99
T105321,CH015,P04,2025-08-24,2025-Q3,1,16.99
T105322,CH015,P04,2025-11-09,2025-Q4,1,£16.99
T105323,CH015,P02,2025-06-05,2025-Q2,1,14.99
T105324,CH015,P02,2025-01-09,2025-Q1,3,£44.97
T105325,CH015,P04,2025-03-04,2025-Q1,1,£16.99
T105326,CH015,P05,2025-01-17,2025-Q1,1,£15.99
T105327,CH015,P05,2025-07-05,2025-Q3,1,£15.99
T105328,CH015,P02,2025-11-04,2025-Q4,1,14.99
T105329,CH015,P03,2025-10-03,2025-Q4,1,£12
T105330,CH015,P06,2025-08-16,2025-Q3,1,£55
T105331,CH015,P02,2025-04-13,2025-Q2,1,£14.99
T105332,CH015,P03,2025-01-05,2025-Q1,1,£12
T105333,CH015,P02,2025-06-13,2025-Q2,1,£14.99
T105334,CH015,P01,2025-11-20,2025-Q4,1,12.99
T105335,CH015,P03,2025-11-10,2025-Q4,1,11.99
T105336,CH015,P01,2025-10-06,2025-Q4,1,£13
T105337,CH015,P04,2025-11-07,2025-Q4,1,£17
T105338,CH015,P03,2025-02-21,2025-Q1,2,£23.98
T105339,CH015,P03,2025-02-16,2025-Q1,1,£12
T105340,CH015,P05,2025-07-16,2025-Q3,1,£15.99
T105341,CH015,P01,2025-04-20,2025-Q2,1,12.99
T105342,CH015,P02,2025-05-16,2025-Q2,1,14.99
T105343,CH015,P03,2025-08-04,2025-Q3,1,11.99
T105344,CH015,P03,2025-12-20,2025-Q4,2,£23.98
T105345,CH015,P03,2025-11-17,2025-Q4,2,£23.98
T105346,CH015,P05,2025-07-01,2025-Q3,1,£15.99
T105347,CH015,P01,2025-06-24,2025-Q2,3,£38.97
T105348,CH015,P03,2025-09-10,2025-Q3,2,23.98
T105349,CH015,P02,2025-05-02,2025-Q2,1,14.99
T105350,CH015,P03,2025-04-20,2025-Q2,1,£11.99
T105351,CH015,P05,2025-08-17,2025-Q3,1,£15.99
T105352,CH015,P01,2025-11-28,2025-Q4,1,12.99
T105353,CH015,P01,2025-10-28,2025-Q4,1,12.99
T105354,CH015,P01,2025-02-12,2025-Q1,1,12.99
T105355,CH015,P03,2025-07-21,2025-Q3,2,£23.98
T105356,CH015,P03,2025-04-13,2025-Q2,1,£12
T105357,CH015,P03,2025-03-03,2025-Q1,1,£11.99
T105358,CH015,P03,2025-11-03,2025-Q4,1,11.99
T105359,CH015,P03,2025-07-14,2025-Q3,1,11.99
T105360,CH015,P05,2025-08-23,2025-Q3,2,£31.98
T105361,CH015,P02,2025-12-01,2025-Q4,2,£29.98
T105362,CH015,P03,2025-08-16,2025-Q3,2,£23.98
T105363,CH015,P05,2025-11-20,2025-Q4,1,15.99
T105364,CH015,P02,2025-02-19,2025-Q1,1,£14.99
T105365,CH015,P03,2025-05-01,2025-Q2,3,£35.97
T105366,CH015,P01,2025-09-02,2025-Q3,1,£12.99
T105367,CH015,P06,2025-07-03,2025-Q3,1,£55
T105368,CH015,P02,2025-09-25,2025-Q3,1,£14.99
T105369,CH015,P01,2025-08-07,2025-Q3,1,£12.99
T105370,CH015,P04,2025-09-17,2025-Q3,1,16.99
T105371,CH015,P01,2025-07-27,2025-Q3,1,£13
T105372,CH015,P02,2025-02-04,2025-Q1,2,29.98
T105373,CH015,P01,2025-04-07,2025-Q2,1,12.99
T105374,CH015,P04,2025-12-08,2025-Q4,1,16.99
T105375,CH015,P05,2025-11-11,2025-Q4,1,£15.99
T105376,CH015,P01,2025-03-12,2025-Q1,1,£12.99
T105377,CH015,P02,2025-02-06,2025-Q1,1,£15
T105378,CH015,P02,2025-02-11,2025-Q1,1,14.99
T105379,CH015,P02,2025-12-16,2025-Q4,1,£15
T105380,CH015,P05,2025-10-25,2025-Q4,1,£15.99
T105381,CH015,P03,2025-04-02,2025-Q2,1,11.99
T105382,CH015,P03,2025-01-03,2025-Q1,3,£35.97
T105383,CH015,P02,2025-02-08,2025-Q1,1,£15
T105384,CH015,P03,2025-05-03,2025-Q2,1,£11.99
T105385,CH015,P03,2025-01-04,2025-Q1,1,£11.99
T105386,CH015,P05,2025-01-04,2025-Q1,1,£15.99
T105387,CH015,P01,2025-04-13,2025-Q2,1,£12.99
T105388,CH015,P03,2025-12-01,2025-Q4,1,11.99
T105389,CH015,P02,2025-03-19,2025-Q1,1,£14.99
T105390,CH015,P01,2025-07-26,2025-Q3,1,£12.99
T105391,CH015,P01,2025-09-23,2025-Q3,1,£12.99
T105392,CH015,P03,2025-03-22,2025-Q1,1,£11.99
T105393,CH015,P01,2025-03-19,2025-Q1,1,£12.99
T105394,CH015,P01,2025-04-11,2025-Q2,2,25.98
T105395,CH015,P02,2025-06-08,2025-Q2,1,14.99
T105396,CH015,P01,2025-01-11,2025-Q1,1,£12.99
T105397,CH015,P05,2025-03-21,2025-Q1,2,£32
T105398,CH015,P04,2025-02-16,2025-Q1,1,£16.99
T105399,CH015,P04,2025-01-10,2025-Q1,2,£33.98
T105400,CH015,P02,2025-09-15,2025-Q3,1,14.99
T105401,CH015,P05,2025-06-07,2025-Q2,1,15.99
T105402,CH015,P03,2025-09-18,2025-Q3,1,£11.99
T105403,CH015,P03,2025-09-11,2025-Q3,1,£11.99
T105404,CH015,P01,2025-02-03,2025-Q1,1,£13
T105405,CH015,P02,2025-01-28,2025-Q1,1,14.99
T105406,CH015,P04,2025-03-19,2025-Q1,1,£17
T105407,CH015,P01,2025-02-09,2025-Q1,3,£39
T105408,CH015,P06,2025-04-03,2025-Q2,1,£55
T105409,CH015,P04,2025-11-18,2025-Q4,1,£16.99
T105410,CH015,P03,2025-11-24,2025-Q4,3,£35.97
T105411,CH015,P02,2025-01-17,2025-Q1,1,£15
T105412,CH015,P04,2025-08-15,2025-Q3,1,16.99
T105413,CH015,P04,2025-11-05,2025-Q4,1,16.99
T105414,CH015,P05,2025-06-01,2025-Q2,1,15.99
T105415,CH015,P03,2025-11-12,2025-Q4,3,£36
T105416,CH015,P01,2025-01-14,2025-Q1,1,£12.99
T105417,CH015,P02,2025-02-14,2025-Q1,1,£14.99
T105418,CH015,P03,2025-12-13,2025-Q4,1,11.99
T105419,CH015,P01,2025-05-10,2025-Q2,1,£12.99
T105420,CH016,P02,2024-04-20,2024-Q2,1,£14.99
T105421,CH016,P02,2024-02-05,2024-Q1,1,£14.99
T105422,CH016,P03,2024-07-12,2024-Q3,1,£11.99
T105423,CH016,P04,2024-05-13,2024-Q2,1,£16.99
T105424,CH016,P01,2024-04-15,2024-Q2,1,12.99
T105425,CH016,P01,2024-07-18,2024-Q3,1,12.99
T105426,CH016,P01,2024-10-28,2024-Q4,2,£25.98
T105427,CH016,P05,2024-08-18,2024-Q3,1,15.99
T105428,CH016,P06,2024-04-04,2024-Q2,2,109.98
T105429,CH016,P01,2024-05-26,2024-Q2,1,£12.99
T105430,CH016,P03,2024-04-21,2024-Q2,1,£11.99
T105431,CH016,P04,2024-07-18,2024-Q3,3,£50.97
T105432,CH016,P03,2024-02-16,2024-Q1,1,£12
T105433,CH016,P04,2024-03-26,2024-Q1,1,£17
T105434,CH016,P02,2024-09-06,2024-Q3,1,14.99
T105435,CH016,P04,2024-06-17,2024-Q2,3,£50.97
T105436,CH016,P01,2024-06-11,2024-Q2,1,£12.99
T105437,CH016,P04,2024-11-23,2024-Q4,1,16.99
T105438,CH016,P02,2024-12-26,2024-Q4,1,£14.99
T105439,CH016,P03,2024-09-10,2024-Q3,1,£12
T105440,CH016,P04,2024-12-02,2024-Q4,1,16.99
T105441,CH016,P03,2024-08-25,2024-Q3,3,£36
T105442,CH016,P02,2024-05-16,2024-Q2,2,£29.98
T105443,CH016,P01,2024-05-10,2024-Q2,2,£25.98
T105444,CH016,P02,2024-10-18,2024-Q4,1,14.99
T105445,CH016,P03,2024-10-28,2024-Q4,2,23.98
T105446,CH016,P01,2024-10-01,2024-Q4,3,38.97
T105447,CH016,P01,2024-06-04,2024-Q2,1,£12.99
T105448,CH016,P03,2024-03-02,2024-Q1,1,£11.99
T105449,CH016,P01,2024-11-09,2024-Q4,2,£25.98
T105450,CH016,P04,2024-10-22,2024-Q4,1,£16.99
T105451,CH016,P01,2024-01-24,2024-Q1,1,£12.99
T105452,CH016,P06,2024-05-06,2024-Q2,1,£54.99
T105453,CH016,P04,2024-01-22,2024-Q1,3,£50.97
T105454,CH016,P01,2024-06-09,2024-Q2,1,£13
T105455,CH016,P02,2024-05-02,2024-Q2,1,£15
T105456,CH016,P01,2024-09-16,2024-Q3,2,£25.98
T105457,CH016,P05,2024-08-24,2024-Q3,1,£16
T105458,CH016,P01,2024-06-23,2024-Q2,1,£12.99
T105459,CH016,P04,2024-05-27,2024-Q2,1,16.99
T105460,CH016,P01,2024-06-13,2024-Q2,1,£12.99
T105461,CH016,P01,2024-11-16,2024-Q4,1,£13
T105462,CH016,P05,2024-03-24,2024-Q1,1,£15.99
T105463,CH016,P03,2024-07-25,2024-Q3,1,£11.99
T105464,CH016,P01,2024-11-12,2024-Q4,2,£26
T105465,CH016,P04,2024-05-17,2024-Q2,1,£16.99
T105466,CH016,P02,2024-01-25,2024-Q1,1,£15
T105467,CH016,P06,2024-01-26,2024-Q1,1,£54.99
T105468,CH016,P01,2024-06-15,2024-Q2,1,£12.99
T105469,CH016,P02,2024-05-11,2024-Q2,2,29.98
T105470,CH016,P03,2024-10-13,2024-Q4,2,23.98
T105471,CH016,P05,2024-11-07,2024-Q4,1,£15.99
T105472,CH016,P04,2024-02-20,2024-Q1,2,£34
T105473,CH016,P05,2024-10-17,2024-Q4,1,£16
T105474,CH016,P01,2024-08-25,2024-Q3,1,£12.99
T105475,CH016,P03,2024-09-09,2024-Q3,2,£23.98
T105476,CH016,P02,2024-10-15,2024-Q4,2,£29.98
T105477,CH016,P01,2024-04-10,2024-Q2,1,£13
T105478,CH016,P04,2024-07-12,2024-Q3,1,£17
T105479,CH016,P02,2024-07-26,2024-Q3,2,29.98
T105480,CH016,P04,2024-04-16,2024-Q2,2,£33.98
T105481,CH016,P05,2024-08-03,2024-Q3,1,£15.99
T105482,CH016,P05,2024-06-07,2024-Q2,1,£16
T105483,CH016,P05,2024-02-04,2024-Q1,1,£15.99
T105484,CH016,P03,2024-01-10,2024-Q1,2,£23.98
T105485,CH016,P03,2024-09-03,2024-Q3,1,£12
T105486,CH016,P04,2024-06-13,2024-Q2,1,£16.99
T105487,CH016,P06,2024-08-04,2024-Q3,1,£54.99
T105488,CH016,P05,2024-01-11,2024-Q1,2,£31.98
T105489,CH016,P03,2024-11-16,2024-Q4,1,£11.99
T105490,CH016,P01,2024-02-11,2024-Q1,1,£12.99
T105491,CH016,P03,2024-01-06,2024-Q1,1,£11.99
T105492,CH016,P03,2024-08-02,2024-Q3,2,£23.98
T105493,CH016,P03,2024-03-21,2024-Q1,1,£11.99
T105494,CH016,P01,2024-11-05,2024-Q4,1,12.99
T105495,CH016,P01,2024-02-02,2024-Q1,2,£25.98
T105496,CH016,P05,2024-04-01,2024-Q2,1,£15.99
T105497,CH016,P04,2024-10-25,2024-Q4,1,£16.99
T105498,CH016,P01,2024-11-10,2024-Q4,1,£12.99
T105499,CH016,P05,2024-11-11,2024-Q4,1,£15.99
T105500,CH016,P03,2024-08-25,2024-Q3,1,£11.99
T105501,CH016,P01,2024-04-27,2024-Q2,2,£25.98
T105502,CH016,P01,2024-05-12,2024-Q2,1,12.99
T105503,CH016,P03,2024-03-26,2024-Q1,1,£11.99
T105504,CH016,P01,2024-11-13,2024-Q4,3,£39
T105505,CH016,P06,2024-09-03,2024-Q3,1,54.99
T105506,CH016,P03,2024-06-23,2024-Q2,1,£11.99
T105507,CH016,P03,2024-08-23,2024-Q3,2,23.98
T105508,CH016,P02,2024-07-18,2024-Q3,1,£14.99
T105509,CH016,P01,2024-09-21,2024-Q3,2,£25.98
T105510,CH016,P01,2024-06-02,2024-Q2,1,12.99
T105511,CH016,P03,2024-12-13,2024-Q4,2,23.98
T105512,CH016,P03,2024-08-10,2024-Q3,1,£12
T105513,CH016,P02,2024-11-01,2024-Q4,1,14.99
T105514,CH016,P04,2024-12-22,2024-Q4,1,16.99
T105515,CH016,P02,2024-12-12,2024-Q4,1,14.99
T105516,CH016,P05,2024-08-08,2024-Q3,1,£15.99
T105517,CH016,P04,2024-08-18,2024-Q3,2,£34
T105518,CH016,P04,2024-01-09,2024-Q1,1,£16.99
T105519,CH016,P04,2024-12-10,2024-Q4,2,£34
T105520,CH016,P02,2024-07-02,2024-Q3,1,£14.99
T105521,CH016,P03,2024-03-05,2024-Q1,2,23.98
T105522,CH016,P01,2024-12-05,2024-Q4,1,£13
T105523,CH016,P02,2024-11-10,2024-Q4,2,£29.98
T105524,CH016,P01,2024-10-21,2024-Q4,1,12.99
T105525,CH016,P02,2024-06-09,2024-Q2,1,14.99
T105526,CH016,P03,2024-05-17,2024-Q2,1,£11.99
T105527,CH016,P05,2024-12-17,2024-Q4,1,15.99
T105528,CH016,P03,2024-02-18,2024-Q1,1,11.99
T105529,CH016,P05,2024-07-21,2024-Q3,1,£16
T105530,CH016,P01,2024-10-20,2024-Q4,2,£25.98
T105531,CH016,P03,2024-07-06,2024-Q3,1,£11.99
T105532,CH016,P06,2024-03-14,2024-Q1,1,£54.99
T105533,CH016,P02,2024-07-19,2024-Q3,1,£14.99
T105534,CH016,P01,2024-12-28,2024-Q4,2,25.98
T105535,CH016,P01,2024-02-07,2024-Q1,1,12.99
T105536,CH016,P05,2024-05-23,2024-Q2,1,£15.99
T105537,CH016,P01,2024-05-10,2024-Q2,1,£12.99
T105538,CH016,P04,2024-09-22,2024-Q3,3,£50.97
T105539,CH016,P03,2024-06-26,2024-Q2,1,11.99
T105540,CH016,P05,2024-05-19,2024-Q2,1,15.99
T105541,CH016,P02,2024-07-28,2024-Q3,3,£44.97
T105542,CH016,P01,2024-03-21,2024-Q1,2,£26
T105543,CH016,P04,2024-02-12,2024-Q1,2,33.98
T105544,CH016,P05,2024-03-13,2024-Q1,1,£15.99
T105545,CH016,P03,2024-04-02,2024-Q2,3,35.97
T105546,CH016,P03,2024-04-01,2024-Q2,1,£12
T105547,CH016,P01,2024-11-08,2024-Q4,1,£12.99
T105548,CH016,P04,2024-12-22,2024-Q4,1,16.99
T105549,CH016,P04,2024-10-02,2024-Q4,2,33.98
T105550,CH016,P03,2024-12-10,2024-Q4,2,£24
T105551,CH016,P04,2024-03-12,2024-Q1,1,£16.99
T105552,CH016,P02,2024-05-22,2024-Q2,2,£30
T105553,CH016,P01,2024-06-13,2024-Q2,2,£26
T105554,CH016,P03,2024-09-21,2024-Q3,1,11.99
T105555,CH016,P01,2024-07-18,2024-Q3,1,£13
T105556,CH016,P02,2024-09-13,2024-Q3,3,£44.97
T105557,CH016,P04,2024-01-04,2024-Q1,1,£16.99
T105558,CH016,P03,2024-03-14,2024-Q1,2,£24
T105559,CH016,P03,2024-09-16,2024-Q3,2,£23.98
T105560,CH016,P04,2024-10-04,2024-Q4,1,£16.99
T105561,CH016,P01,2024-07-16,2024-Q3,2,£25.98
T105562,CH016,P01,2024-02-26,2024-Q1,1,£12.99
T105563,CH016,P04,2024-10-09,2024-Q4,2,£33.98
T105564,CH016,P02,2024-03-23,2024-Q1,1,£15
T105565,CH016,P06,2024-09-01,2024-Q3,3,£164.97
T105566,CH016,P01,2024-01-24,2024-Q1,1,£12.99
T105567,CH016,P03,2024-07-20,2024-Q3,1,£12
T105568,CH016,P01,2024-09-01,2024-Q3,2,£25.98
T105569,CH016,P06,2024-10-26,2024-Q4,1,£55
T105570,CH016,P02,2024-11-15,2024-Q4,1,14.99
T105571,CH016,P05,2024-06-27,2024-Q2,2,£31.98
T105572,CH016,P05,2024-04-06,2024-Q2,1,£16
T105573,CH016,P02,2024-11-06,2024-Q4,2,£29.98
T105574,CH016,P05,2024-12-20,2024-Q4,3,£48
T105575,CH016,P01,2024-12-07,2024-Q4,2,£26
T105576,CH016,P05,2024-02-13,2024-Q1,1,£15.99
T105577,CH016,P01,2024-10-26,2024-Q4,1,£12.99
T105578,CH016,P03,2024-05-09,2024-Q2,1,£11.99
T105579,CH016,P05,2024-09-21,2024-Q3,3,£47.97
T105580,CH016,P05,2024-08-15,2024-Q3,2,£32
T105581,CH016,P05,2024-04-23,2024-Q2,1,£15.99
T105582,CH016,P04,2024-12-14,2024-Q4,1,16.99
T105583,CH016,P02,2024-08-07,2024-Q3,2,29.98
T105584,CH016,P03,2024-02-26,2024-Q1,1,£11.99
T105585,CH016,P04,2024-05-04,2024-Q2,2,£33.98
T105586,CH016,P01,2024-04-02,2024-Q2,1,12.99
T105587,CH016,P02,2024-05-26,2024-Q2,1,14.99
T105588,CH016,P03,2024-10-05,2024-Q4,3,35.97
T105589,CH016,P04,2024-06-10,2024-Q2,1,£16.99
T105590,CH016,P01,2024-08-09,2024-Q3,3,£38.97
T105591,CH016,P03,2024-03-15,2024-Q1,1,£11.99
T105592,CH016,P01,2024-07-23,2024-Q3,1,£12.99
T105593,CH016,P01,2024-11-20,2024-Q4,2,£25.98
T105594,CH016,P03,2024-11-07,2024-Q4,1,£12
T105595,CH016,P02,2024-04-04,2024-Q2,1,£15
T105596,CH016,P01,2024-01-13,2024-Q1,1,£13
T105597,CH016,P03,2024-05-04,2024-Q2,1,£11.99
T105598,CH016,P04,2024-09-26,2024-Q3,3,£51
T105599,CH016,P06,2024-04-15,2024-Q2,1,£54.99
T105600,CH016,P06,2024-07-10,2024-Q3,1,£55
T105601,CH016,P05,2024-04-24,2024-Q2,3,£47.97
T105602,CH016,P01,2024-04-25,2024-Q2,1,12.99
T105603,CH016,P03,2024-04-11,2024-Q2,2,23.98
T105604,CH016,P02,2024-07-12,2024-Q3,1,£15
T105605,CH016,P04,2024-09-14,2024-Q3,1,£16.99
T105606,CH016,P03,2024-09-17,2024-Q3,2,£23.98
T105607,CH016,P02,2024-09-09,2024-Q3,3,44.97
T105608,CH016,P02,2024-10-17,2024-Q4,1,£14.99
T105609,CH016,P01,2024-03-21,2024-Q1,3,£38.97
T105610,CH016,P02,2024-01-23,2024-Q1,2,£30
T105611,CH016,P02,2024-12-08,2024-Q4,1,£14.99
T105612,CH016,P02,2024-12-28,2024-Q4,2,£29.98
T105613,CH016,P04,2024-10-04,2024-Q4,1,£16.99
T105614,CH016,P04,2024-03-16,2024-Q1,3,£50.97
T105615,CH016,P04,2024-12-19,2024-Q4,1,£16.99
T105616,CH016,P04,2024-10-12,2024-Q4,2,£33.98
T105617,CH016,P02,2024-01-27,2024-Q1,1,14.99
T105618,CH016,P01,2024-02-28,2024-Q1,1,12.99
T105619,CH016,P03,2024-10-05,2024-Q4,1,£12
T105620,CH016,P04,2024-09-19,2024-Q3,2,£33.98
T105621,CH016,P03,2024-09-04,2024-Q3,1,11.99
T105622,CH016,P03,2024-09-07,2024-Q3,3,£35.97
T105623,CH016,P01,2024-05-19,2024-Q2,3,£39
T105624,CH016,P02,2024-10-25,2024-Q4,2,£29.98
T105625,CH016,P05,2024-03-08,2024-Q1,2,£32
T105626,CH016,P03,2024-09-08,2024-Q3,1,11.99
T105627,CH016,P05,2024-04-26,2024-Q2,1,£15.99
T105628,CH016,P02,2024-04-17,2024-Q2,1,£14.99
T105629,CH016,P02,2024-08-20,2024-Q3,2,29.98
T105630,CH016,P05,2024-12-15,2024-Q4,2,£31.98
T105631,CH016,P01,2024-04-18,2024-Q2,1,12.99
T105632,CH016,P01,2024-05-02,2024-Q2,1,12.99
T105633,CH016,P01,2024-06-11,2024-Q2,3,£39
T105634,CH016,P01,2024-02-14,2024-Q1,1,£13
T105635,CH016,P01,2024-11-28,2024-Q4,1,£12.99
T105636,CH016,P04,2024-08-18,2024-Q3,2,£33.98
T105637,CH016,P05,2024-03-14,2024-Q1,1,15.99
T105638,CH016,P03,2024-12-11,2024-Q4,3,£35.97
T105639,CH016,P04,2024-04-16,2024-Q2,3,£51
T105640,CH016,P05,2024-07-03,2024-Q3,1,£16
T105641,CH016,P05,2024-03-20,2024-Q1,1,£16
T105642,CH016,P03,2024-06-19,2024-Q2,1,£11.99
T105643,CH016,P03,2024-10-06,2024-Q4,1,£11.99
T105644,CH016,P01,2024-06-12,2024-Q2,1,£13
T105645,CH016,P01,2024-08-25,2024-Q3,1,£12.99
T105646,CH016,P05,2024-04-12,2024-Q2,1,£15.99
T105647,CH016,P02,2024-01-19,2024-Q1,1,£14.99
T105648,CH016,P05,2024-11-04,2024-Q4,1,£15.99
T105649,CH016,P02,2024-02-06,2024-Q1,1,£14.99
T105650,CH016,P05,2024-05-27,2024-Q2,1,£15.99
T105651,CH016,P02,2024-11-16,2024-Q4,1,£14.99
T105652,CH016,P05,2024-03-06,2024-Q1,3,£47.97
T105653,CH016,P04,2024-07-11,2024-Q3,1,£16.99
T105654,CH016,P05,2024-01-24,2024-Q1,1,£15.99
T105655,CH016,P02,2024-09-13,2024-Q3,1,14.99
T105656,CH016,P03,2024-06-02,2024-Q2,2,£23.98
T105657,CH016,P03,2024-12-11,2024-Q4,2,£23.98
T105658,CH016,P02,2024-05-13,2024-Q2,3,£44.97
T105659,CH016,P01,2024-03-19,2024-Q1,1,£12.99
T105660,CH016,P02,2024-12-24,2024-Q4,2,£29.98
T105661,CH016,P04,2024-08-08,2024-Q3,1,16.99
T105662,CH016,P01,2024-12-26,2024-Q4,1,£12.99
T105663,CH016,P01,2024-11-28,2024-Q4,1,£12.99
T105664,CH016,P06,2024-06-09,2024-Q2,1,54.99
T105665,CH016,P02,2024-05-22,2024-Q2,1,£14.99
T105666,CH016,P01,2024-09-09,2024-Q3,1,£12.99
T105667,CH016,P06,2024-02-23,2024-Q1,1,54.99
T105668,CH016,P01,2024-05-24,2024-Q2,1,£12.99
T105669,CH016,P05,2024-04-17,2024-Q2,1,£15.99
T105670,CH016,P03,2024-06-15,2024-Q2,2,£23.98
T105671,CH016,P01,2024-11-28,2024-Q4,2,£25.98
T105672,CH016,P01,2024-06-19,2024-Q2,1,£12.99
T105673,CH016,P03,2024-07-24,2024-Q3,1,£11.99
T105674,CH016,P06,2024-03-10,2024-Q1,1,£54.99
T105675,CH016,P01,2024-08-22,2024-Q3,1,12.99
T105676,CH016,P01,2024-06-15,2024-Q2,1,£12.99
T105677,CH016,P04,2024-05-14,2024-Q2,1,£16.99
T105678,CH016,P01,2024-10-02,2024-Q4,1,£13
T105679,CH016,P02,2024-06-09,2024-Q2,2,£29.98
T105680,CH016,P03,2024-05-17,2024-Q2,1,£11.99
T105681,CH016,P03,2024-02-03,2024-Q1,3,£35.97
T105682,CH016,P05,2024-04-11,2024-Q2,2,31.98
T105683,CH016,P01,2024-01-03,2024-Q1,1,12.99
T105684,CH016,P01,2024-12-28,2024-Q4,1,£12.99
T105685,CH016,P03,2024-11-25,2024-Q4,2,£24
T105686,CH016,P03,2024-12-14,2024-Q4,1,£11.99
T105687,CH016,P01,2024-07-18,2024-Q3,1,£12.99
T105688,CH016,P01,2024-05-14,2024-Q2,1,12.99
T105689,CH016,P05,2024-03-22,2024-Q1,1,£15.99
T105690,CH016,P01,2025-08-11,2025-Q3,2,£25.98
T105691,CH016,P05,2025-06-15,2025-Q2,2,£31.98
T105692,CH016,P05,2025-12-04,2025-Q4,2,£31.98
T105693,CH016,P04,2025-07-17,2025-Q3,1,£17
T105694,CH016,P01,2025-05-19,2025-Q2,1,£12.99
T105695,CH016,P05,2025-08-17,2025-Q3,1,£15.99
T105696,CH016,P02,2025-11-04,2025-Q4,1,14.99
T105697,CH016,P06,2025-09-07,2025-Q3,2,£109.98
T105698,CH016,P04,2025-05-01,2025-Q2,1,16.99
T105699,CH016,P03,2025-02-19,2025-Q1,1,11.99
T105700,CH016,P01,2025-09-26,2025-Q3,1,12.99
T105701,CH016,P05,2025-09-26,2025-Q3,1,£15.99
T105702,CH016,P06,2025-11-20,2025-Q4,2,109.98
T105703,CH016,P03,2025-08-22,2025-Q3,2,£23.98
T105704,CH016,P01,2025-10-24,2025-Q4,3,38.97
T105705,CH016,P03,2025-09-24,2025-Q3,1,£11.99
T105706,CH016,P05,2025-06-20,2025-Q2,1,£15.99
T105707,CH016,P04,2025-01-06,2025-Q1,2,£34
T105708,CH016,P05,2025-08-10,2025-Q3,3,£47.97
T105709,CH016,P01,2025-01-05,2025-Q1,1,12.99
T105710,CH016,P01,2025-07-11,2025-Q3,1,£12.99
T105711,CH016,P03,2025-09-07,2025-Q3,2,£24
T105712,CH016,P03,2025-06-18,2025-Q2,2,£23.98
T105713,CH016,P05,2025-04-12,2025-Q2,1,£15.99
T105714,CH016,P06,2025-12-17,2025-Q4,2,£109.98
T105715,CH016,P03,2025-03-26,2025-Q1,2,£23.98
T105716,CH016,P05,2025-09-18,2025-Q3,1,£15.99
T105717,CH016,P01,2025-09-16,2025-Q3,1,12.99
T105718,CH016,P05,2025-01-18,2025-Q1,3,£47.97
T105719,CH016,P01,2025-07-25,2025-Q3,3,38.97
T105720,CH016,P03,2025-04-04,2025-Q2,1,£11.99
T105721,CH016,P01,2025-12-19,2025-Q4,3,£39
T105722,CH016,P02,2025-10-05,2025-Q4,1,£14.99
T105723,CH016,P05,2025-07-23,2025-Q3,2,£32
T105724,CH016,P01,2025-10-01,2025-Q4,1,12.99
T105725,CH016,P02,2025-10-02,2025-Q4,1,£14.99
T105726,CH016,P03,2025-06-26,2025-Q2,1,£11.99
T105727,CH016,P03,2025-11-13,2025-Q4,1,£12
T105728,CH016,P01,2025-02-03,2025-Q1,1,12.99
T105729,CH016,P05,2025-03-07,2025-Q1,1,£16
T105730,CH016,P01,2025-06-19,2025-Q2,1,£13
T105731,CH016,P01,2025-05-24,2025-Q2,1,£12.99
T105732,CH016,P06,2025-02-18,2025-Q1,1,£54.99
T105733,CH016,P02,2025-12-09,2025-Q4,1,£14.99
T105734,CH016,P04,2025-04-06,2025-Q2,1,16.99
T105735,CH016,P02,2025-11-20,2025-Q4,1,£14.99
T105736,CH016,P01,2025-04-01,2025-Q2,1,£12.99
T105737,CH016,P04,2025-06-03,2025-Q2,3,£50.97
T105738,CH016,P01,2025-08-09,2025-Q3,1,£12.99
T105739,CH016,P04,2025-12-21,2025-Q4,1,16.99
T105740,CH016,P02,2025-03-07,2025-Q1,1,£14.99
T105741,CH016,P01,2025-09-17,2025-Q3,1,£13
T105742,CH016,P05,2025-11-18,2025-Q4,3,£47.97
T105743,CH016,P02,2025-06-20,2025-Q2,3,44.97
T105744,CH016,P05,2025-04-14,2025-Q2,3,£47.97
T105745,CH016,P02,2025-02-05,2025-Q1,2,£29.98
T105746,CH016,P02,2025-02-02,2025-Q1,2,£29.98
T105747,CH016,P02,2025-09-06,2025-Q3,1,14.99
T105748,CH016,P01,2025-12-21,2025-Q4,3,£38.97
T105749,CH016,P02,2025-04-23,2025-Q2,1,14.99
T105750,CH016,P01,2025-04-13,2025-Q2,1,£12.99
T105751,CH016,P05,2025-03-08,2025-Q1,2,£31.98
T105752,CH016,P06,2025-03-11,2025-Q1,1,£54.99
T105753,CH016,P03,2025-03-19,2025-Q1,2,23.98
T105754,CH016,P06,2025-05-11,2025-Q2,2,£109.98
T105755,CH016,P04,2025-11-26,2025-Q4,1,£16.99
T105756,CH016,P05,2025-05-07,2025-Q2,1,£15.99
T105757,CH016,P05,2025-01-23,2025-Q1,2,£31.98
T105758,CH016,P03,2025-12-25,2025-Q4,1,£12
T105759,CH016,P02,2025-12-15,2025-Q4,3,£45
T105760,CH016,P01,2025-05-06,2025-Q2,1,12.99
T105761,CH016,P01,2025-12-05,2025-Q4,1,12.99
T105762,CH016,P01,2025-10-27,2025-Q4,1,£12.99
T105763,CH016,P05,2025-04-14,2025-Q2,2,31.98
T105764,CH016,P01,2025-03-28,2025-Q1,3,£39
T105765,CH016,P04,2025-08-06,2025-Q3,3,50.97
T105766,CH016,P05,2025-07-19,2025-Q3,3,£47.97
T105767,CH016,P05,2025-09-23,2025-Q3,1,£15.99
T105768,CH016,P04,2025-03-06,2025-Q1,2,£34
T105769,CH016,P01,2025-05-05,2025-Q2,1,£13
T105770,CH016,P05,2025-01-20,2025-Q1,1,15.99
T105771,CH016,P04,2025-09-02,2025-Q3,2,£33.98
T105772,CH016,P02,2025-10-12,2025-Q4,1,£14.99
T105773,CH016,P05,2025-12-02,2025-Q4,1,£16
T105774,CH016,P04,2025-12-25,2025-Q4,1,16.99
T105775,CH016,P01,2025-12-03,2025-Q4,1,12.99
T105776,CH016,P02,2025-06-12,2025-Q2,1,£14.99
T105777,CH016,P04,2025-09-22,2025-Q3,1,£16.99
T105778,CH016,P02,2025-04-11,2025-Q2,2,£29.98
T105779,CH016,P03,2025-10-20,2025-Q4,3,£36
T105780,CH016,P03,2025-04-17,2025-Q2,1,11.99
T105781,CH016,P02,2025-03-23,2025-Q1,1,£14.99
T105782,CH016,P02,2025-03-16,2025-Q1,1,£15
T105783,CH016,P02,2025-07-22,2025-Q3,1,£14.99
T105784,CH016,P03,2025-02-01,2025-Q1,1,£11.99
T105785,CH016,P01,2025-07-09,2025-Q3,1,£12.99
T105786,CH016,P02,2025-08-14,2025-Q3,3,£44.97
T105787,CH016,P05,2025-07-02,2025-Q3,2,£32
T105788,CH016,P03,2025-01-12,2025-Q1,1,11.99
T105789,CH016,P04,2025-12-12,2025-Q4,1,£16.99
T105790,CH016,P03,2025-06-25,2025-Q2,1,11.99
T105791,CH016,P03,2025-02-22,2025-Q1,1,11.99
T105792,CH016,P02,2025-02-23,2025-Q1,1,14.99
T105793,CH016,P02,2025-03-16,2025-Q1,1,14.99
T105794,CH016,P02,2025-11-16,2025-Q4,2,£30
T105795,CH016,P01,2025-07-06,2025-Q3,1,£12.99
T105796,CH016,P03,2025-01-16,2025-Q1,1,£11.99
T105797,CH016,P01,2025-01-28,2025-Q1,1,£13
T105798,CH016,P02,2025-01-06,2025-Q1,1,£14.99
T105799,CH016,P03,2025-05-20,2025-Q2,1,£11.99
T105800,CH016,P03,2025-02-03,2025-Q1,2,£24
T105801,CH016,P02,2025-02-02,2025-Q1,1,£15
T105802,CH016,P04,2025-12-07,2025-Q4,1,£16.99
T105803,CH016,P05,2025-08-19,2025-Q3,3,£48
T105804,CH016,P02,2025-06-08,2025-Q2,2,29.98
T105805,CH016,P05,2025-10-23,2025-Q4,1,£15.99
T105806,CH016,P02,2025-11-15,2025-Q4,1,£15
T105807,CH016,P03,2025-03-25,2025-Q1,2,23.98
T105808,CH016,P01,2025-08-11,2025-Q3,1,£13
T105809,CH016,P03,2025-11-14,2025-Q4,1,£11.99
T105810,CH016,P01,2025-11-03,2025-Q4,2,25.98
T105811,CH016,P01,2025-01-18,2025-Q1,1,£12.99
T105812,CH016,P03,2025-03-07,2025-Q1,1,£12
T105813,CH016,P01,2025-12-13,2025-Q4,1,£12.99
T105814,CH016,P02,2025-07-15,2025-Q3,2,£30
T105815,CH016,P05,2025-12-13,2025-Q4,1,£15.99
T105816,CH016,P01,2025-12-12,2025-Q4,1,£13
T105817,CH016,P05,2025-08-03,2025-Q3,1,£15.99
T105818,CH016,P01,2025-11-09,2025-Q4,3,£38.97
T105819,CH016,P06,2025-03-25,2025-Q1,1,54.99
T105820,CH016,P05,2025-08-19,2025-Q3,1,£15.99
T105821,CH016,P01,2025-10-10,2025-Q4,1,£12.99
T105822,CH016,P05,2025-10-09,2025-Q4,1,15.99
T105823,CH016,P01,2025-02-16,2025-Q1,1,£12.99
T105824,CH016,P04,2025-07-17,2025-Q3,1,£16.99
T105825,CH016,P06,2025-12-27,2025-Q4,1,54.99
T105826,CH016,P04,2025-08-27,2025-Q3,1,16.99
T105827,CH016,P01,2025-07-11,2025-Q3,3,38.97
T105828,CH016,P01,2025-06-27,2025-Q2,1,£12.99
T105829,CH016,P06,2025-04-06,2025-Q2,1,£55
T105830,CH016,P06,2025-06-26,2025-Q2,2,109.98
T105831,CH016,P01,2025-01-06,2025-Q1,2,£26
T105832,CH016,P01,2025-11-20,2025-Q4,1,£13
T105833,CH016,P02,2025-10-01,2025-Q4,1,14.99
T105834,CH016,P01,2025-11-23,2025-Q4,1,£12.99
T105835,CH016,P05,2025-04-04,2025-Q2,1,£15.99
T105836,CH016,P02,2025-02-01,2025-Q1,2,£29.98
T105837,CH016,P02,2025-07-15,2025-Q3,1,14.99
T105838,CH016,P01,2025-10-19,2025-Q4,1,£12.99
T105839,CH016,P03,2025-07-19,2025-Q3,2,23.98
T105840,CH016,P01,2025-12-22,2025-Q4,1,£12.99
T105841,CH016,P04,2025-05-12,2025-Q2,1,£16.99
T105842,CH016,P06,2025-09-02,2025-Q3,1,£55
T105843,CH016,P04,2025-01-13,2025-Q1,1,£16.99
T105844,CH016,P04,2025-06-09,2025-Q2,2,£33.98
T105845,CH016,P05,2025-07-06,2025-Q3,1,15.99
T105846,CH016,P03,2025-02-28,2025-Q1,1,£12
T105847,CH016,P01,2025-12-20,2025-Q4,2,£25.98
T105848,CH016,P05,2025-10-13,2025-Q4,1,£15.99
T105849,CH016,P05,2025-08-12,2025-Q3,1,£15.99
T105850,CH016,P03,2025-07-24,2025-Q3,2,£23.98
T105851,CH016,P01,2025-02-16,2025-Q1,3,£38.97
T105852,CH016,P01,2025-06-27,2025-Q2,1,12.99
T105853,CH016,P05,2025-06-08,2025-Q2,2,£31.98
T105854,CH016,P02,2025-02-23,2025-Q1,2,£29.98
T105855,CH016,P04,2025-03-15,2025-Q1,1,£16.99
T105856,CH016,P01,2025-12-19,2025-Q4,1,£13
T105857,CH016,P05,2025-10-11,2025-Q4,2,£31.98
T105858,CH016,P04,2025-11-08,2025-Q4,2,£34
T105859,CH016,P06,2025-11-16,2025-Q4,1,£54.99
T105860,CH016,P05,2025-04-07,2025-Q2,1,15.99
T105861,CH016,P05,2025-05-25,2025-Q2,1,£15.99
T105862,CH016,P01,2025-02-04,2025-Q1,1,12.99
T105863,CH016,P03,2025-02-20,2025-Q1,3,£35.97
T105864,CH016,P04,2025-09-15,2025-Q3,1,£17
T105865,CH016,P01,2025-11-04,2025-Q4,1,£12.99
T105866,CH016,P05,2025-07-20,2025-Q3,1,£15.99
T105867,CH016,P03,2025-11-23,2025-Q4,2,£23.98
T105868,CH016,P02,2025-01-15,2025-Q1,1,£15
T105869,CH016,P04,2025-12-12,2025-Q4,1,16.99
T105870,CH016,P06,2025-05-12,2025-Q2,1,54.99
T105871,CH016,P04,2025-09-06,2025-Q3,2,£34
T105872,CH016,P03,2025-07-17,2025-Q3,1,£11.99
T105873,CH016,P02,2025-02-18,2025-Q1,1,£15
T105874,CH016,P05,2025-10-06,2025-Q4,1,£15.99
T105875,CH016,P04,2025-09-17,2025-Q3,1,£16.99
T105876,CH016,P04,2025-10-05,2025-Q4,2,33.98
T105877,CH016,P02,2025-06-15,2025-Q2,3,£44.97
T105878,CH016,P04,2025-09-24,2025-Q3,2,£33.98
T105879,CH016,P03,2025-01-22,2025-Q1,3,£35.97
T105880,CH016,P01,2025-09-11,2025-Q3,1,£13
T105881,CH016,P03,2025-07-08,2025-Q3,2,£23.98
T105882,CH016,P02,2025-09-28,2025-Q3,1,£14.99
T105883,CH016,P03,2025-05-08,2025-Q2,2,£24
T105884,CH016,P02,2025-09-05,2025-Q3,1,£14.99
T105885,CH016,P02,2025-03-12,2025-Q1,2,£29.98
T105886,CH016,P03,2025-07-13,2025-Q3,1,£12
T105887,CH016,P04,2025-08-25,2025-Q3,1,£17
T105888,CH016,P04,2025-06-06,2025-Q2,2,£33.98
T105889,CH016,P05,2025-05-28,2025-Q2,2,£31.98
T105890,CH016,P01,2025-04-01,2025-Q2,3,£38.97
T105891,CH016,P01,2025-04-01,2025-Q2,1,£12.99
T105892,CH016,P05,2025-11-04,2025-Q4,1,£15.99
T105893,CH016,P03,2025-05-21,2025-Q2,1,£11.99
T105894,CH016,P05,2025-11-10,2025-Q4,1,£15.99
T105895,CH016,P05,2025-12-10,2025-Q4,1,15.99
T105896,CH016,P04,2025-12-21,2025-Q4,3,£50.97
T105897,CH016,P01,2025-09-11,2025-Q3,2,£25.98
T105898,CH016,P05,2025-03-28,2025-Q1,2,£31.98
T105899,CH016,P01,2025-08-13,2025-Q3,1,12.99
T105900,CH016,P04,2025-02-02,2025-Q1,2,£33.98
T105901,CH016,P05,2025-03-26,2025-Q1,1,£15.99
T105902,CH016,P02,2025-08-11,2025-Q3,1,£14.99
T105903,CH016,P05,2025-01-06,2025-Q1,1,15.99
T105904,CH016,P04,2025-06-19,2025-Q2,1,£17
T105905,CH016,P06,2025-06-26,2025-Q2,1,£54.99
T105906,CH016,P03,2025-10-10,2025-Q4,2,£23.98
T105907,CH016,P01,2025-08-16,2025-Q3,1,£13
T105908,CH016,P01,2025-03-17,2025-Q1,1,£13
T105909,CH016,P01,2025-06-02,2025-Q2,1,£12.99
T105910,CH016,P02,2025-11-15,2025-Q4,1,£14.99
T105911,CH016,P05,2025-12-26,2025-Q4,3,£47.97
T105912,CH016,P01,2025-04-09,2025-Q2,1,12.99
T105913,CH016,P06,2025-06-16,2025-Q2,2,£110
T105914,CH016,P03,2025-12-25,2025-Q4,1,11.99
T105915,CH016,P03,2025-05-24,2025-Q2,3,£35.97
T105916,CH016,P03,2025-04-07,2025-Q2,1,£11.99
T105917,CH016,P03,2025-12-02,2025-Q4,1,£11.99
T105918,CH016,P02,2025-05-09,2025-Q2,1,£14.99
T105919,CH016,P02,2025-07-09,2025-Q3,1,£14.99
T105920,CH016,P01,2025-01-07,2025-Q1,3,£38.97
T105921,CH016,P05,2025-11-27,2025-Q4,2,£32
T105922,CH016,P02,2025-07-15,2025-Q3,1,£14.99
T105923,CH016,P05,2025-12-14,2025-Q4,2,31.98
T105924,CH016,P01,2025-06-09,2025-Q2,2,25.98
T105925,CH016,P02,2025-10-15,2025-Q4,1,£15
T105926,CH016,P01,2025-02-22,2025-Q1,1,£12.99
T105927,CH016,P03,2025-10-17,2025-Q4,1,£11.99
T105928,CH016,P03,2025-04-17,2025-Q2,1,11.99
T105929,CH016,P01,2025-10-02,2025-Q4,1,£12.99
T105930,CH016,P02,2025-03-03,2025-Q1,1,14.99
T105931,CH016,P02,2025-02-11,2025-Q1,1,£14.99
T105932,CH016,P02,2025-10-21,2025-Q4,1,£15
T105933,CH016,P02,2025-02-28,2025-Q1,1,£15
T105934,CH016,P02,2025-07-02,2025-Q3,2,29.98
T105935,CH016,P04,2025-02-03,2025-Q1,1,£16.99
T105936,CH016,P01,2025-06-07,2025-Q2,1,£12.99
T105937,CH016,P02,2025-02-02,2025-Q1,1,14.99
T105938,CH016,P02,2025-08-24,2025-Q3,2,£29.98
T105939,CH016,P01,2025-08-09,2025-Q3,1,£13
T105940,CH016,P03,2025-08-11,2025-Q3,1,£11.99
T105941,CH016,P02,2025-12-11,2025-Q4,2,£29.98
T105942,CH016,P02,2025-12-10,2025-Q4,1,£15
T105943,CH016,P02,2025-11-07,2025-Q4,2,£29.98
T105944,CH016,P03,2025-01-19,2025-Q1,1,£11.99
T105945,CH016,P05,2025-08-05,2025-Q3,2,£32
T105946,CH016,P02,2025-09-05,2025-Q3,3,44.97
T105947,CH016,P05,2025-06-17,2025-Q2,1,£15.99
T105948,CH016,P03,2025-09-20,2025-Q3,1,£11.99
T105949,CH016,P02,2025-10-06,2025-Q4,1,14.99
T105950,CH016,P05,2025-09-08,2025-Q3,1,15.99
T105951,CH016,P04,2025-04-24,2025-Q2,1,£16.99
T105952,CH016,P02,2025-05-10,2025-Q2,1,£15
T105953,CH016,P03,2025-02-06,2025-Q1,2,23.98
T105954,CH016,P01,2025-06-21,2025-Q2,1,£13
T105955,CH016,P05,2025-02-11,2025-Q1,1,15.99
T105956,CH016,P01,2025-09-12,2025-Q3,1,£12.99
T105957,CH016,P01,2025-04-11,2025-Q2,2,25.98
T105958,CH016,P02,2025-08-06,2025-Q3,1,£15
T105959,CH016,P06,2025-03-13,2025-Q1,1,54.99
T105960,CH016,P05,2025-04-14,2025-Q2,1,£15.99
T105961,CH016,P03,2025-02-20,2025-Q1,1,£11.99
T105962,CH016,P01,2025-02-10,2025-Q1,1,£12.99
T105963,CH016,P05,2025-01-14,2025-Q1,1,15.99
T105964,CH016,P05,2025-08-17,2025-Q3,1,£16
T105965,CH016,P04,2025-11-02,2025-Q4,1,£16.99
T105966,CH016,P04,2025-08-16,2025-Q3,1,£16.99
T105967,CH016,P03,2025-01-20,2025-Q1,3,£35.97
T105968,CH016,P01,2025-03-05,2025-Q1,1,£12.99
T105969,CH016,P02,2025-09-15,2025-Q3,1,£14.99
T105970,CH016,P01,2025-02-20,2025-Q1,2,£25.98
T105971,CH016,P03,2025-07-04,2025-Q3,3,£36
T105972,CH016,P02,2025-03-02,2025-Q1,1,£14.99
T105973,CH016,P01,2025-03-14,2025-Q1,1,£12.99
T105974,CH016,P06,2025-01-10,2025-Q1,2,£110
T105975,CH016,P02,2025-02-14,2025-Q1,1,14.99
T105976,CH016,P06,2025-09-13,2025-Q3,1,£55
T105977,CH016,P02,2025-01-23,2025-Q1,2,29.98
T105978,CH016,P02,2025-06-22,2025-Q2,1,£14.99
T105979,CH016,P05,2025-09-28,2025-Q3,1,£15.99
T105980,CH016,P03,2025-07-22,2025-Q3,2,£23.98
T105981,CH016,P04,2025-01-27,2025-Q1,1,16.99
T105982,CH016,P02,2025-08-12,2025-Q3,2,£29.98
T105983,CH016,P02,2025-05-05,2025-Q2,1,14.99
T105984,CH016,P05,2025-09-20,2025-Q3,1,£15.99
T105985,CH016,P02,2025-01-24,2025-Q1,2,£29.98
T105986,CH016,P04,2025-08-05,2025-Q3,3,£51
T105987,CH016,P01,2025-01-18,2025-Q1,1,£12.99
T105988,CH016,P03,2025-09-12,2025-Q3,3,35.97
T105989,CH016,P01,2025-06-02,2025-Q2,2,25.98
T105990,CH016,P01,2025-05-14,2025-Q2,1,£12.99
T105991,CH016,P02,2025-02-21,2025-Q1,3,£44.97
T105992,CH017,P05,2024-12-23,2024-Q4,1,£15.99
T105993,CH017,P01,2024-08-28,2024-Q3,1,£12.99
T105994,CH017,P03,2024-12-24,2024-Q4,1,£11.99
T105995,CH017,P01,2024-02-13,2024-Q1,1,£12.99
T105996,CH017,P02,2024-10-10,2024-Q4,1,£15
T105997,CH017,P03,2024-01-11,2024-Q1,1,11.99
T105998,CH017,P01,2024-09-22,2024-Q3,2,25.98
T105999,CH017,P02,2024-01-26,2024-Q1,1,14.99
T106000,CH017,P05,2024-01-27,2024-Q1,2,£32
T106001,CH017,P03,2024-11-09,2024-Q4,1,£11.99
T106002,CH017,P02,2024-02-26,2024-Q1,1,14.99
T106003,CH017,P04,2024-02-16,2024-Q1,1,£17
T106004,CH017,P05,2024-06-06,2024-Q2,2,£31.98
T106005,CH017,P04,2024-01-27,2024-Q1,1,£16.99
T106006,CH017,P01,2024-06-03,2024-Q2,2,25.98
T106007,CH017,P04,2024-03-05,2024-Q1,1,£16.99
T106008,CH017,P01,2024-07-19,2024-Q3,1,12.99
T106009,CH017,P05,2024-03-16,2024-Q1,1,£15.99
T106010,CH017,P04,2024-01-24,2024-Q1,1,£16.99
T106011,CH017,P02,2024-03-13,2024-Q1,2,£29.98
T106012,CH017,P01,2024-06-11,2024-Q2,2,£26
T106013,CH017,P04,2024-10-24,2024-Q4,1,£16.99
T106014,CH017,P06,2024-02-12,2024-Q1,1,54.99
T106015,CH017,P03,2024-02-02,2024-Q1,2,£23.98
T106016,CH017,P01,2024-09-19,2024-Q3,1,£13
T106017,CH017,P02,2024-03-03,2024-Q1,1,£14.99
T106018,CH017,P04,2024-10-25,2024-Q4,1,£16.99
T106019,CH017,P01,2024-12-02,2024-Q4,1,£12.99
T106020,CH017,P04,2024-12-13,2024-Q4,1,16.99
T106021,CH017,P04,2024-08-22,2024-Q3,2,£33.98
T106022,CH017,P03,2024-02-15,2024-Q1,1,£11.99
T106023,CH017,P03,2024-01-05,2024-Q1,1,11.99
T106024,CH017,P01,2024-06-08,2024-Q2,1,£12.99
T106025,CH017,P03,2024-11-10,2024-Q4,2,23.98
T106026,CH017,P04,2024-01-10,2024-Q1,1,£16.99
T106027,CH017,P03,2024-06-05,2024-Q2,1,11.99
T106028,CH017,P02,2024-10-22,2024-Q4,3,£45
T106029,CH017,P01,2024-06-01,2024-Q2,2,£25.98
T106030,CH017,P05,2024-09-06,2024-Q3,1,£15.99
T106031,CH017,P04,2024-05-13,2024-Q2,2,£33.98
T106032,CH017,P02,2024-08-20,2024-Q3,3,£44.97
T106033,CH017,P04,2024-06-19,2024-Q2,2,£33.98
T106034,CH017,P04,2024-01-11,2024-Q1,1,£17
T106035,CH017,P04,2024-08-09,2024-Q3,2,£34
T106036,CH017,P05,2024-08-14,2024-Q3,1,£15.99
T106037,CH017,P02,2024-07-05,2024-Q3,1,£14.99
T106038,CH017,P02,2024-09-05,2024-Q3,1,14.99
T106039,CH017,P01,2024-07-06,2024-Q3,1,£12.99
T106040,CH017,P04,2024-03-22,2024-Q1,3,50.97
T106041,CH017,P01,2024-08-07,2024-Q3,2,£25.98
T106042,CH017,P03,2024-03-17,2024-Q1,1,£11.99
T106043,CH017,P01,2024-07-19,2024-Q3,1,£12.99
T106044,CH017,P05,2024-05-21,2024-Q2,2,£31.98
T106045,CH017,P02,2024-11-25,2024-Q4,1,14.99
T106046,CH017,P01,2024-02-21,2024-Q1,1,£13
T106047,CH017,P03,2024-10-15,2024-Q4,1,£11.99
T106048,CH017,P03,2024-03-08,2024-Q1,2,£23.98
T106049,CH017,P02,2024-03-25,2024-Q1,1,£15
T106050,CH017,P04,2025-05-03,2025-Q2,1,£16.99
T106051,CH017,P05,2025-11-27,2025-Q4,1,£15.99
T106052,CH017,P05,2025-10-19,2025-Q4,1,£15.99
T106053,CH017,P02,2025-10-24,2025-Q4,2,29.98
T106054,CH017,P05,2025-01-25,2025-Q1,1,£15.99
T106055,CH017,P03,2025-03-07,2025-Q1,1,£11.99
T106056,CH017,P05,2025-01-06,2025-Q1,1,£15.99
T106057,CH017,P04,2025-11-22,2025-Q4,1,£16.99
T106058,CH017,P02,2025-01-20,2025-Q1,2,£30
T106059,CH017,P01,2025-02-24,2025-Q1,2,£25.98
T106060,CH017,P02,2025-06-08,2025-Q2,1,£14.99
T106061,CH017,P01,2025-07-10,2025-Q3,2,£25.98
T106062,CH017,P03,2025-11-09,2025-Q4,1,£12
T106063,CH017,P02,2025-08-27,2025-Q3,1,£15
T106064,CH017,P05,2025-07-24,2025-Q3,1,£15.99
T106065,CH017,P04,2025-08-27,2025-Q3,1,£16.99
T106066,CH017,P05,2025-05-19,2025-Q2,2,£32
T106067,CH017,P03,2025-06-25,2025-Q2,1,£11.99
T106068,CH017,P02,2025-12-14,2025-Q4,1,£15
T106069,CH017,P04,2025-03-06,2025-Q1,1,£16.99
T106070,CH017,P03,2025-10-16,2025-Q4,1,£11.99
T106071,CH017,P03,2025-11-20,2025-Q4,1,£11.99
T106072,CH017,P02,2025-10-02,2025-Q4,1,£14.99
T106073,CH017,P01,2025-02-09,2025-Q1,2,£25.98
T106074,CH017,P01,2025-11-04,2025-Q4,1,£12.99
T106075,CH017,P04,2025-07-27,2025-Q3,2,£34
T106076,CH017,P02,2025-02-09,2025-Q1,2,29.98
T106077,CH017,P01,2025-03-08,2025-Q1,1,£12.99
T106078,CH017,P01,2025-10-06,2025-Q4,1,12.99
T106079,CH017,P04,2025-07-20,2025-Q3,1,£17
T106080,CH017,P02,2025-04-08,2025-Q2,1,£14.99
T106081,CH017,P02,2025-07-14,2025-Q3,1,£14.99
T106082,CH017,P04,2025-08-21,2025-Q3,1,16.99
T106083,CH017,P01,2025-09-06,2025-Q3,1,12.99
T106084,CH017,P05,2025-07-18,2025-Q3,3,47.97
T106085,CH017,P02,2025-08-26,2025-Q3,1,£14.99
T106086,CH017,P03,2025-01-10,2025-Q1,2,£23.98
T106087,CH017,P05,2025-03-28,2025-Q1,1,£16
T106088,CH017,P05,2025-08-02,2025-Q3,1,15.99
T106089,CH017,P01,2025-08-11,2025-Q3,1,£12.99
T106090,CH017,P01,2025-09-07,2025-Q3,2,25.98
T106091,CH017,P03,2025-08-17,2025-Q3,1,£11.99
T106092,CH017,P02,2025-01-06,2025-Q1,1,14.99
T106093,CH017,P02,2025-01-25,2025-Q1,1,£14.99
T106094,CH017,P01,2025-08-09,2025-Q3,1,£12.99
T106095,CH017,P01,2025-03-26,2025-Q1,1,£12.99
T106096,CH017,P01,2025-04-01,2025-Q2,1,£12.99
T106097,CH017,P03,2025-07-03,2025-Q3,1,£11.99
T106098,CH017,P03,2025-02-12,2025-Q1,1,11.99
T106099,CH017,P03,2025-08-19,2025-Q3,1,£12
T106100,CH017,P03,2025-02-15,2025-Q1,2,£24
T106101,CH017,P04,2025-08-27,2025-Q3,2,33.98
T106102,CH017,P05,2025-01-28,2025-Q1,1,£15.99
T106103,CH017,P02,2025-12-16,2025-Q4,1,£15
T106104,CH017,P05,2025-06-16,2025-Q2,1,£15.99
T106105,CH017,P05,2025-04-15,2025-Q2,2,£32
T106106,CH018,P01,2024-01-28,2024-Q1,2,25.98
T106107,CH018,P04,2024-05-08,2024-Q2,1,16.99
T106108,CH018,P03,2024-11-26,2024-Q4,1,£11.99
T106109,CH018,P02,2024-03-23,2024-Q1,3,£45
T106110,CH018,P03,2024-06-19,2024-Q2,1,£11.99
T106111,CH018,P01,2024-06-12,2024-Q2,2,25.98
T106112,CH018,P04,2024-10-13,2024-Q4,3,£50.97
T106113,CH018,P04,2024-10-25,2024-Q4,1,£17
T106114,CH018,P02,2024-01-12,2024-Q1,1,£14.99
T106115,CH018,P04,2024-07-12,2024-Q3,1,£17
T106116,CH018,P02,2024-11-15,2024-Q4,1,14.99
T106117,CH018,P04,2024-09-21,2024-Q3,1,16.99
T106118,CH018,P06,2024-03-26,2024-Q1,3,£164.97
T106119,CH018,P04,2024-03-28,2024-Q1,1,£16.99
T106120,CH018,P04,2024-02-06,2024-Q1,2,£33.98
T106121,CH018,P03,2024-12-05,2024-Q4,1,11.99
T106122,CH018,P03,2024-09-13,2024-Q3,1,£11.99
T106123,CH018,P06,2024-08-16,2024-Q3,1,£55
T106124,CH018,P05,2024-04-22,2024-Q2,2,£31.98
T106125,CH018,P03,2024-09-26,2024-Q3,1,£11.99
T106126,CH018,P06,2024-11-09,2024-Q4,1,54.99
T106127,CH018,P03,2024-05-25,2024-Q2,1,£12
T106128,CH018,P03,2024-02-03,2024-Q1,1,£11.99
T106129,CH018,P02,2024-09-27,2024-Q3,1,£14.99
T106130,CH018,P02,2024-05-05,2024-Q2,3,£44.97
T106131,CH018,P01,2024-06-24,2024-Q2,1,12.99
T106132,CH018,P03,2024-03-23,2024-Q1,3,£35.97
T106133,CH018,P05,2024-05-25,2024-Q2,1,£15.99
T106134,CH018,P03,2024-05-13,2024-Q2,1,£11.99
T106135,CH018,P03,2024-08-11,2024-Q3,3,£36
T106136,CH018,P01,2024-12-11,2024-Q4,2,£25.98
T106137,CH018,P02,2024-12-01,2024-Q4,1,14.99
T106138,CH018,P01,2024-07-01,2024-Q3,2,25.98
T106139,CH018,P01,2024-10-25,2024-Q4,1,£12.99
T106140,CH018,P02,2024-06-11,2024-Q2,1,£14.99
T106141,CH018,P04,2024-02-26,2024-Q1,1,£17
T106142,CH018,P05,2024-04-05,2024-Q2,2,£31.98
T106143,CH018,P01,2024-11-01,2024-Q4,1,£12.99
T106144,CH018,P05,2024-07-22,2024-Q3,1,£15.99
T106145,CH018,P02,2024-07-04,2024-Q3,1,£14.99
T106146,CH018,P04,2024-12-07,2024-Q4,1,£16.99
T106147,CH018,P01,2024-07-15,2024-Q3,1,12.99
T106148,CH018,P04,2024-02-05,2024-Q1,1,£16.99
T106149,CH018,P04,2024-01-27,2024-Q1,2,£33.98
T106150,CH018,P04,2024-10-11,2024-Q4,2,£33.98
T106151,CH018,P01,2024-10-11,2024-Q4,1,£12.99
T106152,CH018,P03,2024-07-04,2024-Q3,1,£11.99
T106153,CH018,P03,2024-08-13,2024-Q3,1,£11.99
T106154,CH018,P01,2024-03-21,2024-Q1,3,38.97
T106155,CH018,P04,2024-08-24,2024-Q3,1,£16.99
T106156,CH018,P03,2024-07-14,2024-Q3,1,11.99
T106157,CH018,P01,2024-03-26,2024-Q1,3,38.97
T106158,CH018,P01,2024-12-03,2024-Q4,1,12.99
T106159,CH018,P03,2024-10-22,2024-Q4,1,£11.99
T106160,CH018,P01,2024-12-06,2024-Q4,1,£13
T106161,CH018,P05,2024-01-22,2024-Q1,1,15.99
T106162,CH018,P01,2024-03-22,2024-Q1,3,£38.97
T106163,CH018,P06,2024-01-24,2024-Q1,2,£110
T106164,CH018,P03,2024-02-28,2024-Q1,1,£12
T106165,CH018,P03,2024-03-25,2024-Q1,2,23.98
T106166,CH018,P01,2024-01-16,2024-Q1,3,£38.97
T106167,CH018,P02,2024-04-18,2024-Q2,2,£30
T106168,CH018,P01,2024-05-02,2024-Q2,1,12.99
T106169,CH018,P05,2024-11-09,2024-Q4,1,£15.99
T106170,CH018,P05,2024-03-07,2024-Q1,1,£15.99
T106171,CH018,P06,2024-04-26,2024-Q2,2,£110
T106172,CH018,P06,2024-03-09,2024-Q1,2,£110
T106173,CH018,P03,2024-09-22,2024-Q3,1,11.99
T106174,CH018,P05,2025-11-17,2025-Q4,1,£15.99
T106175,CH018,P04,2025-03-08,2025-Q1,1,£16.99
T106176,CH018,P05,2025-07-18,2025-Q3,1,15.99
T106177,CH018,P01,2025-11-04,2025-Q4,1,£13
T106178,CH018,P02,2025-05-06,2025-Q2,1,£15
T106179,CH018,P03,2025-07-24,2025-Q3,2,23.98
T106180,CH018,P05,2025-09-19,2025-Q3,1,£16
T106181,CH018,P01,2025-09-25,2025-Q3,2,£25.98
T106182,CH018,P02,2025-09-03,2025-Q3,1,£15
T106183,CH018,P05,2025-04-08,2025-Q2,1,15.99
T106184,CH018,P06,2025-06-28,2025-Q2,1,£54.99
T106185,CH018,P02,2025-03-21,2025-Q1,1,£14.99
T106186,CH018,P03,2025-11-26,2025-Q4,3,35.97
T106187,CH018,P01,2025-06-06,2025-Q2,2,£25.98
T106188,CH018,P01,2025-11-26,2025-Q4,1,£12.99
T106189,CH018,P01,2025-11-23,2025-Q4,1,£12.99
T106190,CH018,P03,2025-04-11,2025-Q2,3,£35.97
T106191,CH018,P02,2025-01-27,2025-Q1,1,£14.99
T106192,CH018,P01,2025-10-05,2025-Q4,1,£12.99
T106193,CH018,P02,2025-06-17,2025-Q2,3,£45
T106194,CH018,P05,2025-09-12,2025-Q3,2,£32
T106195,CH018,P03,2025-05-06,2025-Q2,2,£23.98
T106196,CH018,P01,2025-06-26,2025-Q2,1,12.99
T106197,CH018,P01,2025-09-23,2025-Q3,1,12.99
T106198,CH018,P01,2025-02-07,2025-Q1,1,£13
T106199,CH018,P04,2025-04-07,2025-Q2,1,£16.99
T106200,CH018,P04,2025-03-16,2025-Q1,2,£33.98
T106201,CH018,P06,2025-02-13,2025-Q1,1,£54.99
T106202,CH018,P02,2025-09-24,2025-Q3,2,£29.98
T106203,CH018,P04,2025-09-25,2025-Q3,1,16.99
T106204,CH018,P04,2025-11-14,2025-Q4,3,£50.97
T106205,CH018,P04,2025-09-13,2025-Q3,3,50.97
T106206,CH018,P01,2025-01-25,2025-Q1,1,£12.99
T106207,CH018,P03,2025-02-18,2025-Q1,2,£23.98
T106208,CH018,P04,2025-04-14,2025-Q2,2,£33.98
T106209,CH018,P02,2025-01-03,2025-Q1,1,£15
T106210,CH018,P02,2025-01-22,2025-Q1,1,14.99
T106211,CH018,P04,2025-10-05,2025-Q4,1,£17
T106212,CH018,P02,2025-10-21,2025-Q4,1,£14.99
T106213,CH018,P03,2025-07-06,2025-Q3,3,£35.97
T106214,CH018,P02,2025-09-07,2025-Q3,2,£30
T106215,CH018,P03,2025-07-22,2025-Q3,1,£11.99
T106216,CH018,P05,2025-06-12,2025-Q2,1,£16
T106217,CH018,P04,2025-01-23,2025-Q1,1,16.99
T106218,CH018,P01,2025-02-26,2025-Q1,1,£12.99
T106219,CH018,P02,2025-02-08,2025-Q1,1,14.99
T106220,CH018,P01,2025-06-02,2025-Q2,2,25.98
T106221,CH018,P06,2025-12-22,2025-Q4,1,54.99
T106222,CH018,P02,2025-05-10,2025-Q2,2,£29.98
T106223,CH018,P05,2025-04-12,2025-Q2,1,15.99
T106224,CH018,P01,2025-10-16,2025-Q4,2,£25.98
T106225,CH018,P01,2025-09-02,2025-Q3,1,£13
T106226,CH018,P05,2025-02-17,2025-Q1,1,15.99
T106227,CH018,P04,2025-11-14,2025-Q4,1,£17
T106228,CH018,P01,2025-09-27,2025-Q3,1,£12.99
T106229,CH018,P05,2025-03-06,2025-Q1,1,£15.99
T106230,CH018,P06,2025-12-07,2025-Q4,2,109.98
T106231,CH018,P05,2025-05-02,2025-Q2,2,£31.98
T106232,CH018,P03,2025-09-23,2025-Q3,1,11.99
T106233,CH018,P02,2025-01-02,2025-Q1,1,£15
T106234,CH019,P06,2024-06-06,2024-Q2,2,£110
T106235,CH019,P01,2024-11-01,2024-Q4,1,£12.99
T106236,CH019,P02,2024-02-15,2024-Q1,1,£14.99
T106237,CH019,P05,2024-03-04,2024-Q1,1,15.99
T106238,CH019,P02,2024-07-18,2024-Q3,1,£14.99
T106239,CH019,P01,2024-09-23,2024-Q3,1,£13
T106240,CH019,P03,2024-11-15,2024-Q4,2,23.98
T106241,CH019,P02,2024-05-27,2024-Q2,1,£15
T106242,CH019,P03,2024-08-16,2024-Q3,1,£11.99
T106243,CH019,P01,2024-03-22,2024-Q1,1,£12.99
T106244,CH019,P06,2024-08-22,2024-Q3,1,£55
T106245,CH019,P06,2024-09-05,2024-Q3,2,£109.98
T106246,CH019,P05,2024-10-02,2024-Q4,1,15.99
T106247,CH019,P06,2024-05-05,2024-Q2,1,£55
T106248,CH019,P03,2024-02-24,2024-Q1,3,35.97
T106249,CH019,P01,2024-06-10,2024-Q2,2,25.98
T106250,CH019,P01,2024-10-27,2024-Q4,1,£12.99
T106251,CH019,P03,2024-04-25,2024-Q2,2,23.98
T106252,CH019,P03,2024-07-18,2024-Q3,2,£24
T106253,CH019,P04,2024-03-26,2024-Q1,2,£34
T106254,CH019,P04,2024-05-01,2024-Q2,1,£17
T106255,CH019,P03,2024-07-18,2024-Q3,1,£12
T106256,CH019,P05,2024-08-08,2024-Q3,3,£47.97
T106257,CH019,P01,2024-11-24,2024-Q4,2,25.98
T106258,CH019,P01,2024-09-16,2024-Q3,2,25.98
T106259,CH019,P02,2024-06-13,2024-Q2,2,29.98
T106260,CH019,P05,2024-12-15,2024-Q4,1,£15.99
T106261,CH019,P05,2024-10-20,2024-Q4,1,£16
T106262,CH019,P02,2024-10-17,2024-Q4,1,£14.99
T106263,CH019,P02,2024-02-07,2024-Q1,1,£14.99
T106264,CH019,P01,2024-02-18,2024-Q1,1,£12.99
T106265,CH019,P01,2024-09-14,2024-Q3,1,12.99
T106266,CH019,P03,2024-05-28,2024-Q2,1,£11.99
T106267,CH019,P03,2024-07-27,2024-Q3,2,£23.98
T106268,CH019,P04,2024-06-19,2024-Q2,2,£33.98
T106269,CH019,P05,2024-02-02,2024-Q1,1,£15.99
T106270,CH019,P03,2024-05-27,2024-Q2,1,11.99
T106271,CH019,P06,2024-07-06,2024-Q3,2,£110
T106272,CH019,P04,2024-05-08,2024-Q2,2,£34
T106273,CH019,P02,2024-04-25,2024-Q2,1,14.99
T106274,CH019,P01,2024-11-10,2024-Q4,1,£12.99
T106275,CH019,P05,2024-05-09,2024-Q2,1,£15.99
T106276,CH019,P05,2024-03-08,2024-Q1,1,£16
T106277,CH019,P06,2024-07-04,2024-Q3,1,£54.99
T106278,CH019,P06,2024-08-26,2024-Q3,1,£54.99
T106279,CH019,P04,2024-02-20,2024-Q1,1,£16.99
T106280,CH019,P01,2024-05-17,2024-Q2,1,12.99
T106281,CH019,P01,2024-11-18,2024-Q4,1,£13
T106282,CH019,P03,2024-06-26,2024-Q2,1,11.99
T106283,CH019,P01,2024-04-23,2024-Q2,1,12.99
T106284,CH019,P05,2024-06-03,2024-Q2,1,£15.99
T106285,CH019,P03,2024-11-27,2024-Q4,3,35.97
T106286,CH019,P02,2024-08-24,2024-Q3,3,£45
T106287,CH019,P02,2024-06-17,2024-Q2,1,£15
T106288,CH019,P05,2024-05-28,2024-Q2,1,£15.99
T106289,CH019,P03,2024-02-07,2024-Q1,2,£23.98
T106290,CH019,P06,2024-09-19,2024-Q3,1,£54.99
T106291,CH019,P02,2024-04-24,2024-Q2,1,14.99
T106292,CH019,P01,2025-08-18,2025-Q3,1,£13
T106293,CH019,P03,2025-10-10,2025-Q4,1,£12
T106294,CH019,P01,2025-11-12,2025-Q4,1,£12.99
T106295,CH019,P05,2025-04-12,2025-Q2,2,31.98
T106296,CH019,P01,2025-02-01,2025-Q1,1,12.99
T106297,CH019,P03,2025-10-04,2025-Q4,2,£23.98
T106298,CH019,P02,2025-09-02,2025-Q3,2,29.98
T106299,CH019,P01,2025-10-04,2025-Q4,1,12.99
T106300,CH019,P01,2025-10-10,2025-Q4,1,£12.99
T106301,CH019,P04,2025-12-26,2025-Q4,1,£16.99
T106302,CH019,P01,2025-12-27,2025-Q4,1,12.99
T106303,CH019,P01,2025-08-21,2025-Q3,1,£12.99
T106304,CH019,P05,2025-12-10,2025-Q4,1,£15.99
T106305,CH019,P05,2025-04-07,2025-Q2,1,£15.99
T106306,CH019,P06,2025-07-13,2025-Q3,2,109.98
T106307,CH019,P02,2025-09-03,2025-Q3,1,14.99
T106308,CH019,P04,2025-10-28,2025-Q4,1,£16.99
T106309,CH019,P04,2025-02-05,2025-Q1,1,16.99
T106310,CH019,P04,2025-08-19,2025-Q3,1,£17
T106311,CH019,P03,2025-04-17,2025-Q2,1,£12
T106312,CH019,P01,2025-02-02,2025-Q1,1,£12.99
T106313,CH019,P02,2025-04-07,2025-Q2,1,£15
T106314,CH019,P03,2025-07-14,2025-Q3,1,£11.99
T106315,CH019,P03,2025-08-24,2025-Q3,1,£12
T106316,CH019,P02,2025-02-23,2025-Q1,1,£14.99
T106317,CH019,P04,2025-05-28,2025-Q2,1,£16.99
T106318,CH019,P06,2025-02-10,2025-Q1,1,54.99
T106319,CH019,P03,2025-09-27,2025-Q3,1,11.99
T106320,CH019,P03,2025-02-20,2025-Q1,1,£11.99
T106321,CH019,P04,2025-10-08,2025-Q4,1,£16.99
T106322,CH019,P03,2025-07-14,2025-Q3,1,£12
T106323,CH019,P01,2025-01-25,2025-Q1,1,12.99
T106324,CH019,P04,2025-08-04,2025-Q3,1,£17
T106325,CH019,P03,2025-11-15,2025-Q4,3,£36
T106326,CH019,P01,2025-04-11,2025-Q2,1,£13
T106327,CH019,P02,2025-07-26,2025-Q3,1,£14.99
T106328,CH019,P05,2025-05-28,2025-Q2,2,£31.98
T106329,CH019,P03,2025-08-21,2025-Q3,2,£24
T106330,CH019,P04,2025-05-12,2025-Q2,1,16.99
T106331,CH019,P03,2025-05-17,2025-Q2,1,11.99
T106332,CH019,P04,2025-03-07,2025-Q1,1,16.99
T106333,CH019,P03,2025-10-26,2025-Q4,1,£12
T106334,CH019,P05,2025-06-19,2025-Q2,1,15.99
T106335,CH019,P03,2025-06-16,2025-Q2,3,£35.97
T106336,CH019,P01,2025-01-05,2025-Q1,1,£12.99
T106337,CH019,P02,2025-07-17,2025-Q3,3,£44.97
T106338,CH019,P03,2025-10-04,2025-Q4,2,23.98
T106339,CH019,P04,2025-09-23,2025-Q3,3,£50.97
T106340,CH019,P04,2025-05-13,2025-Q2,1,£17
T106341,CH019,P03,2025-03-04,2025-Q1,2,£23.98
T106342,CH019,P01,2025-06-27,2025-Q2,1,12.99
T106343,CH019,P02,2025-10-25,2025-Q4,1,14.99
T106344,CH019,P01,2025-01-01,2025-Q1,2,£25.98
T106345,CH019,P02,2025-09-22,2025-Q3,1,£15
T106346,CH019,P02,2025-05-13,2025-Q2,1,£15
T106347,CH019,P03,2025-08-26,2025-Q3,1,£11.99
T106348,CH019,P03,2025-01-12,2025-Q1,1,£12
T106349,CH019,P01,2025-06-16,2025-Q2,1,£13
T106350,CH019,P03,2025-10-13,2025-Q4,1,£12
T106351,CH019,P01,2025-05-09,2025-Q2,1,£12.99
T106352,CH019,P04,2025-01-24,2025-Q1,1,16.99
T106353,CH019,P05,2025-11-03,2025-Q4,1,15.99
T106354,CH019,P01,2025-09-13,2025-Q3,1,£13
T106355,CH019,P04,2025-10-26,2025-Q4,1,£17
T106356,CH019,P01,2025-06-18,2025-Q2,1,£12.99
T106357,CH019,P02,2025-04-28,2025-Q2,1,£14.99
T106358,CH019,P02,2025-09-04,2025-Q3,1,£14.99
T106359,CH020,P02,2024-02-13,2024-Q1,1,£14.99
T106360,CH020,P05,2024-10-28,2024-Q4,1,£15.99
T106361,CH020,P01,2024-12-12,2024-Q4,1,£13
T106362,CH020,P05,2024-11-07,2024-Q4,1,15.99
T106363,CH020,P05,2024-09-13,2024-Q3,1,£16
T106364,CH020,P01,2024-09-23,2024-Q3,1,12.99
T106365,CH020,P03,2024-11-17,2024-Q4,1,£12
T106366,CH020,P03,2024-01-11,2024-Q1,3,£36
T106367,CH020,P01,2024-05-24,2024-Q2,1,12.99
T106368,CH020,P01,2024-06-13,2024-Q2,2,£26
T106369,CH020,P01,2024-07-11,2024-Q3,1,£13
T106370,CH020,P02,2024-07-09,2024-Q3,2,£30
T106371,CH020,P04,2024-11-20,2024-Q4,1,16.99
T106372,CH020,P05,2024-06-13,2024-Q2,2,31.98
T106373,CH020,P05,2024-06-20,2024-Q2,1,£15.99
T106374,CH020,P05,2024-04-23,2024-Q2,1,£16
T106375,CH020,P02,2024-08-07,2024-Q3,1,£14.99
T106376,CH020,P02,2024-08-14,2024-Q3,1,£14.99
T106377,CH020,P04,2024-11-21,2024-Q4,1,£17
T106378,CH020,P04,2024-02-22,2024-Q1,1,£17
T106379,CH020,P01,2024-01-15,2024-Q1,1,£12.99
T106380,CH020,P01,2024-03-01,2024-Q1,2,25.98
T106381,CH020,P03,2024-09-05,2024-Q3,2,23.98
T106382,CH020,P02,2024-02-18,2024-Q1,2,29.98
T106383,CH020,P01,2024-05-18,2024-Q2,1,£12.99
T106384,CH020,P02,2024-07-25,2024-Q3,1,£14.99
T106385,CH020,P05,2024-07-17,2024-Q3,3,£47.97
T106386,CH020,P04,2024-07-20,2024-Q3,2,£33.98
T106387,CH020,P04,2024-06-13,2024-Q2,2,33.98
T106388,CH020,P02,2024-10-24,2024-Q4,1,14.99
T106389,CH020,P01,2024-03-18,2024-Q1,1,£12.99
T106390,CH020,P05,2024-01-01,2024-Q1,1,15.99
T106391,CH020,P03,2024-12-14,2024-Q4,1,£11.99
T106392,CH020,P03,2024-09-19,2024-Q3,1,£11.99
T106393,CH020,P03,2024-07-21,2024-Q3,1,£11.99
T106394,CH020,P03,2024-01-09,2024-Q1,1,£11.99
T106395,CH020,P01,2024-10-18,2024-Q4,2,25.98
T106396,CH020,P05,2024-03-09,2024-Q1,1,15.99
T106397,CH020,P02,2024-06-23,2024-Q2,1,£14.99
T106398,CH020,P03,2024-10-16,2024-Q4,1,£11.99
T106399,CH020,P01,2024-01-10,2024-Q1,2,£26
T106400,CH020,P06,2024-07-23,2024-Q3,3,£164.97
T106401,CH020,P04,2024-03-04,2024-Q1,1,£16.99
T106402,CH020,P05,2024-01-03,2024-Q1,1,15.99
T106403,CH020,P03,2024-08-14,2024-Q3,3,35.97
T106404,CH020,P03,2024-03-21,2024-Q1,1,11.99
T106405,CH020,P02,2024-06-03,2024-Q2,1,£14.99
T106406,CH020,P03,2024-06-14,2024-Q2,1,11.99
T106407,CH020,P01,2024-11-14,2024-Q4,2,£25.98
T106408,CH020,P03,2024-11-19,2024-Q4,1,£11.99
T106409,CH020,P04,2024-03-04,2024-Q1,1,£16.99
T106410,CH020,P03,2024-06-28,2024-Q2,1,£11.99
T106411,CH020,P02,2024-08-12,2024-Q3,1,£14.99
T106412,CH020,P01,2024-04-27,2024-Q2,1,12.99
T106413,CH020,P05,2024-05-15,2024-Q2,1,£16
T106414,CH020,P02,2024-05-27,2024-Q2,1,£14.99
T106415,CH020,P01,2024-07-27,2024-Q3,2,£25.98
T106416,CH020,P05,2024-11-23,2024-Q4,1,£15.99
T106417,CH020,P05,2024-02-06,2024-Q1,1,£15.99
T106418,CH020,P05,2024-02-14,2024-Q1,1,£15.99
T106419,CH020,P02,2024-06-05,2024-Q2,1,£14.99
T106420,CH020,P02,2024-04-19,2024-Q2,2,£30
T106421,CH020,P04,2024-12-05,2024-Q4,1,£17
T106422,CH020,P03,2024-02-11,2024-Q1,1,11.99
T106423,CH020,P02,2024-12-03,2024-Q4,1,£14.99
T106424,CH020,P03,2024-08-02,2024-Q3,1,£11.99
T106425,CH020,P04,2025-02-02,2025-Q1,1,£16.99
T106426,CH020,P02,2025-04-05,2025-Q2,2,29.98
T106427,CH020,P01,2025-03-21,2025-Q1,2,25.98
T106428,CH020,P04,2025-07-01,2025-Q3,1,£16.99
T106429,CH020,P05,2025-01-12,2025-Q1,2,£32
T106430,CH020,P04,2025-02-09,2025-Q1,1,£16.99
T106431,CH020,P01,2025-11-19,2025-Q4,1,£12.99
T106432,CH020,P05,2025-08-24,2025-Q3,2,£32
T106433,CH020,P02,2025-05-06,2025-Q2,1,£15
T106434,CH020,P02,2025-09-11,2025-Q3,1,£15
T106435,CH020,P03,2025-12-10,2025-Q4,2,£23.98
T106436,CH020,P04,2025-01-18,2025-Q1,1,£17
T106437,CH020,P05,2025-01-01,2025-Q1,2,£31.98
T106438,CH020,P02,2025-06-07,2025-Q2,1,£14.99
T106439,CH020,P03,2025-11-12,2025-Q4,1,11.99
T106440,CH020,P04,2025-07-08,2025-Q3,3,50.97
T106441,CH020,P05,2025-01-11,2025-Q1,1,£15.99
T106442,CH020,P03,2025-10-12,2025-Q4,2,23.98
T106443,CH020,P01,2025-02-08,2025-Q1,1,12.99
T106444,CH020,P01,2025-04-26,2025-Q2,1,12.99
T106445,CH020,P02,2025-10-07,2025-Q4,1,£15
T106446,CH020,P04,2025-10-04,2025-Q4,1,£16.99
T106447,CH020,P02,2025-02-08,2025-Q1,1,£14.99
T106448,CH020,P01,2025-10-19,2025-Q4,1,£12.99
T106449,CH020,P01,2025-01-27,2025-Q1,1,£12.99
T106450,CH020,P05,2025-10-16,2025-Q4,2,31.98
T106451,CH020,P01,2025-04-18,2025-Q2,2,£25.98
T106452,CH020,P03,2025-12-02,2025-Q4,1,£11.99
T106453,CH020,P04,2025-03-23,2025-Q1,2,£33.98
T106454,CH020,P01,2025-08-08,2025-Q3,1,£12.99
T106455,CH020,P03,2025-06-24,2025-Q2,1,£11.99
T106456,CH020,P01,2025-08-04,2025-Q3,3,38.97
T106457,CH020,P05,2025-04-02,2025-Q2,1,£15.99
T106458,CH020,P01,2025-02-01,2025-Q1,2,25.98
T106459,CH020,P04,2025-04-24,2025-Q2,1,16.99
T106460,CH020,P02,2025-02-03,2025-Q1,1,14.99
T106461,CH020,P03,2025-12-09,2025-Q4,1,£12
T106462,CH020,P05,2025-10-05,2025-Q4,2,31.98
T106463,CH020,P03,2025-05-04,2025-Q2,2,£23.98
T106464,CH020,P01,2025-03-26,2025-Q1,2,£25.98
T106465,CH020,P03,2025-06-03,2025-Q2,1,£11.99
T106466,CH020,P02,2025-08-12,2025-Q3,2,£29.98
T106467,CH020,P04,2025-07-13,2025-Q3,1,16.99
T106468,CH020,P03,2025-08-27,2025-Q3,2,23.98
T106469,CH020,P05,2025-07-01,2025-Q3,1,£15.99
T106470,CH020,P03,2025-05-22,2025-Q2,2,£23.98
T106471,CH020,P04,2025-06-21,2025-Q2,2,£33.98
T106472,CH020,P02,2025-01-09,2025-Q1,2,£29.98
T106473,CH020,P01,2025-09-28,2025-Q3,1,£12.99
T106474,CH020,P03,2025-08-12,2025-Q3,1,£11.99
T106475,CH020,P05,2025-01-15,2025-Q1,1,£15.99
T106476,CH020,P05,2025-06-23,2025-Q2,2,£31.98
T106477,CH020,P05,2025-01-22,2025-Q1,1,15.99
T106478,CH020,P05,2025-07-16,2025-Q3,1,£16
T106479,CH020,P05,2025-07-19,2025-Q3,2,£31.98
T106480,CH020,P03,2025-10-26,2025-Q4,1,11.99
T106481,CH020,P01,2025-11-27,2025-Q4,1,£12.99
T106482,CH020,P03,2025-08-07,2025-Q3,1,11.99
T106483,CH020,P03,2025-04-05,2025-Q2,2,£23.98
T106484,CH020,P05,2025-01-05,2025-Q1,1,£15.99
T106485,CH020,P03,2025-01-23,2025-Q1,1,£11.99
T106486,CH020,P05,2025-03-06,2025-Q1,1,15.99
T106487,CH020,P05,2025-11-12,2025-Q4,2,£31.98
T106488,CH020,P02,2025-01-02,2025-Q1,1,£15
T106489,CH020,P01,2025-06-26,2025-Q2,1,12.99
T106490,CH020,P03,2025-05-27,2025-Q2,1,£11.99
T106491,CH021,P06,2024-09-19,2024-Q3,1,£54.99
T106492,CH021,P04,2024-12-15,2024-Q4,2,£34
T106493,CH021,P01,2024-02-27,2024-Q1,2,£26
T106494,CH021,P02,2024-11-10,2024-Q4,3,£44.97
T106495,CH021,P04,2024-04-20,2024-Q2,1,£16.99
T106496,CH021,P04,2024-02-01,2024-Q1,1,£16.99
T106497,CH021,P01,2024-12-22,2024-Q4,1,£12.99
T106498,CH021,P01,2024-12-07,2024-Q4,1,£12.99
T106499,CH021,P04,2024-11-21,2024-Q4,3,50.97
T106500,CH021,P01,2024-02-09,2024-Q1,2,£26
T106501,CH021,P06,2024-07-25,2024-Q3,3,£164.97
T106502,CH021,P02,2024-05-18,2024-Q2,1,£15
T106503,CH021,P02,2024-11-16,2024-Q4,1,£14.99
T106504,CH021,P02,2024-05-05,2024-Q2,2,£29.98
T106505,CH021,P02,2024-09-28,2024-Q3,1,£14.99
T106506,CH021,P05,2024-12-22,2024-Q4,1,15.99
T106507,CH021,P03,2024-06-15,2024-Q2,2,£23.98
T106508,CH021,P03,2024-05-12,2024-Q2,2,23.98
T106509,CH021,P04,2024-09-01,2024-Q3,1,£16.99
T106510,CH021,P05,2024-07-15,2024-Q3,1,15.99
T106511,CH021,P03,2024-12-28,2024-Q4,1,£11.99
T106512,CH021,P02,2024-01-19,2024-Q1,2,£30
T106513,CH021,P04,2024-07-08,2024-Q3,1,£16.99
T106514,CH021,P03,2024-09-24,2024-Q3,1,£12
T106515,CH021,P01,2024-03-26,2024-Q1,2,£25.98
T106516,CH021,P03,2024-02-05,2024-Q1,1,£11.99
T106517,CH021,P01,2024-08-21,2024-Q3,1,12.99
T106518,CH021,P04,2024-12-28,2024-Q4,1,£16.99
T106519,CH021,P05,2024-03-28,2024-Q1,1,£16
T106520,CH021,P01,2024-04-07,2024-Q2,1,£12.99
T106521,CH021,P01,2024-03-17,2024-Q1,1,£13
T106522,CH021,P05,2024-06-21,2024-Q2,2,£31.98
T106523,CH021,P01,2024-02-14,2024-Q1,2,£25.98
T106524,CH021,P02,2024-04-14,2024-Q2,1,£14.99
T106525,CH021,P05,2024-11-08,2024-Q4,1,£15.99
T106526,CH021,P02,2024-01-28,2024-Q1,2,29.98
T106527,CH021,P05,2024-04-13,2024-Q2,1,£15.99
T106528,CH021,P02,2024-12-26,2024-Q4,1,£14.99
T106529,CH021,P03,2024-12-28,2024-Q4,1,£12
T106530,CH021,P01,2024-11-07,2024-Q4,1,£12.99
T106531,CH021,P05,2024-10-15,2024-Q4,1,£16
T106532,CH021,P03,2024-05-18,2024-Q2,2,£24
T106533,CH021,P05,2024-09-02,2024-Q3,2,£31.98
T106534,CH021,P05,2024-01-11,2024-Q1,1,£15.99
T106535,CH021,P05,2024-12-11,2024-Q4,1,£15.99
T106536,CH021,P04,2024-11-21,2024-Q4,1,16.99
T106537,CH021,P04,2024-01-18,2024-Q1,2,33.98
T106538,CH021,P01,2024-12-09,2024-Q4,1,12.99
T106539,CH021,P01,2024-10-03,2024-Q4,1,12.99
T106540,CH021,P03,2024-06-05,2024-Q2,3,£35.97
T106541,CH021,P03,2024-09-21,2024-Q3,1,£11.99
T106542,CH021,P04,2024-04-21,2024-Q2,1,£16.99
T106543,CH021,P04,2024-04-18,2024-Q2,1,16.99
T106544,CH021,P03,2024-09-11,2024-Q3,1,£11.99
T106545,CH021,P04,2024-01-24,2024-Q1,2,£34
T106546,CH021,P01,2024-02-27,2024-Q1,2,£25.98
T106547,CH021,P02,2024-10-02,2024-Q4,1,14.99
T106548,CH021,P03,2024-09-15,2024-Q3,1,£11.99
T106549,CH021,P02,2024-09-27,2024-Q3,1,£14.99
T106550,CH021,P06,2024-05-27,2024-Q2,1,£55
T106551,CH021,P03,2024-09-07,2024-Q3,2,23.98
T106552,CH021,P06,2024-03-24,2024-Q1,1,£55
T106553,CH021,P02,2024-05-04,2024-Q2,1,£14.99
T106554,CH021,P02,2024-04-21,2024-Q2,1,£14.99
T106555,CH021,P03,2024-10-04,2024-Q4,2,£23.98
T106556,CH021,P03,2024-04-07,2024-Q2,2,23.98
T106557,CH021,P02,2024-04-11,2024-Q2,1,£14.99
T106558,CH021,P01,2024-08-02,2024-Q3,1,£12.99
T106559,CH021,P03,2024-01-28,2024-Q1,1,11.99
T106560,CH021,P01,2024-03-27,2024-Q1,1,£12.99
T106561,CH021,P03,2024-09-20,2024-Q3,2,£24
T106562,CH021,P03,2024-03-09,2024-Q1,1,£12
T106563,CH021,P06,2024-11-22,2024-Q4,1,£54.99
T106564,CH021,P01,2024-07-09,2024-Q3,1,£12.99
T106565,CH021,P02,2024-09-21,2024-Q3,1,14.99
T106566,CH021,P05,2024-01-04,2024-Q1,3,£47.97
T106567,CH021,P02,2024-11-23,2024-Q4,1,£15
T106568,CH021,P01,2024-10-08,2024-Q4,1,£12.99
T106569,CH021,P04,2024-05-08,2024-Q2,1,16.99
T106570,CH021,P05,2024-09-09,2024-Q3,1,£16
T106571,CH021,P02,2024-10-15,2024-Q4,1,£14.99
T106572,CH021,P04,2024-11-06,2024-Q4,2,33.98
T106573,CH021,P03,2024-04-06,2024-Q2,2,£23.98
T106574,CH021,P01,2024-08-02,2024-Q3,2,25.98
T106575,CH021,P01,2024-01-11,2024-Q1,1,£12.99
T106576,CH021,P01,2024-07-03,2024-Q3,1,12.99
T106577,CH021,P05,2024-09-21,2024-Q3,2,£32
T106578,CH021,P01,2024-04-24,2024-Q2,1,£12.99
T106579,CH021,P02,2024-02-12,2024-Q1,2,£30
T106580,CH021,P02,2024-10-07,2024-Q4,2,£29.98
T106581,CH021,P02,2024-04-14,2024-Q2,1,£14.99
T106582,CH021,P03,2024-12-01,2024-Q4,1,11.99
T106583,CH021,P06,2024-03-03,2024-Q1,2,109.98
T106584,CH021,P01,2024-02-03,2024-Q1,1,£13
T106585,CH021,P02,2024-10-11,2024-Q4,1,£14.99
T106586,CH021,P03,2024-06-19,2024-Q2,1,£11.99
T106587,CH021,P04,2024-07-13,2024-Q3,2,£33.98
T106588,CH021,P05,2024-04-03,2024-Q2,1,£15.99
T106589,CH021,P02,2024-07-13,2024-Q3,1,£14.99
T106590,CH021,P01,2024-02-02,2024-Q1,1,£12.99
T106591,CH021,P04,2024-08-05,2024-Q3,3,£50.97
T106592,CH021,P01,2024-10-28,2024-Q4,1,£12.99
T106593,CH021,P01,2024-08-10,2024-Q3,2,£25.98
T106594,CH021,P01,2024-01-07,2024-Q1,1,£12.99
T106595,CH021,P03,2024-03-18,2024-Q1,1,£11.99
T106596,CH021,P01,2024-03-09,2024-Q1,1,£13
T106597,CH021,P04,2024-06-12,2024-Q2,1,16.99
T106598,CH021,P03,2024-01-07,2024-Q1,2,£23.98
T106599,CH021,P02,2024-07-13,2024-Q3,3,44.97
T106600,CH021,P01,2024-09-04,2024-Q3,2,£25.98
T106601,CH021,P06,2024-07-12,2024-Q3,1,54.99
T106602,CH021,P05,2024-10-09,2024-Q4,2,£32
T106603,CH021,P05,2024-01-13,2024-Q1,2,31.98
T106604,CH021,P02,2024-08-11,2024-Q3,2,£29.98
T106605,CH021,P01,2024-03-14,2024-Q1,1,12.99
T106606,CH021,P01,2024-06-11,2024-Q2,1,£13
T106607,CH021,P01,2024-08-23,2024-Q3,1,£12.99
T106608,CH021,P02,2024-09-10,2024-Q3,2,£30
T106609,CH021,P04,2024-10-03,2024-Q4,1,£16.99
T106610,CH021,P03,2024-10-03,2024-Q4,2,£24
T106611,CH021,P05,2024-02-04,2024-Q1,3,£47.97
T106612,CH021,P04,2024-03-06,2024-Q1,2,33.98
T106613,CH021,P04,2024-07-12,2024-Q3,1,£16.99
T106614,CH021,P03,2024-10-23,2024-Q4,1,£11.99
T106615,CH021,P01,2024-01-02,2024-Q1,1,£12.99
T106616,CH021,P06,2024-02-27,2024-Q1,1,£54.99
T106617,CH021,P02,2024-03-25,2024-Q1,1,14.99
T106618,CH021,P05,2024-04-14,2024-Q2,2,£31.98
T106619,CH021,P03,2024-03-09,2024-Q1,2,£23.98
T106620,CH021,P06,2024-03-11,2024-Q1,2,£109.98
T106621,CH021,P05,2024-10-14,2024-Q4,1,£15.99
T106622,CH021,P03,2024-06-05,2024-Q2,1,£11.99
T106623,CH021,P04,2024-11-15,2024-Q4,2,33.98
T106624,CH021,P02,2024-11-15,2024-Q4,1,£14.99
T106625,CH021,P06,2024-01-01,2024-Q1,3,£164.97
T106626,CH021,P03,2024-08-25,2024-Q3,1,11.99
T106627,CH021,P03,2024-11-13,2024-Q4,2,23.98
T106628,CH021,P01,2024-04-13,2024-Q2,1,£12.99
T106629,CH021,P04,2024-05-04,2024-Q2,1,£17
T106630,CH021,P05,2024-09-16,2024-Q3,2,£31.98
T106631,CH021,P02,2024-09-02,2024-Q3,3,44.97
T106632,CH021,P01,2024-12-02,2024-Q4,2,£26
T106633,CH021,P05,2024-08-13,2024-Q3,1,£16
T106634,CH021,P01,2024-12-03,2024-Q4,1,12.99
T106635,CH021,P02,2024-07-26,2024-Q3,1,£14.99
T106636,CH021,P03,2024-05-16,2024-Q2,1,£12
T106637,CH021,P01,2024-03-15,2024-Q1,2,£25.98
T106638,CH021,P05,2024-11-22,2024-Q4,2,31.98
T106639,CH021,P03,2024-09-08,2024-Q3,1,£12
T106640,CH021,P01,2024-08-20,2024-Q3,1,£12.99
T106641,CH021,P01,2024-07-28,2024-Q3,2,25.98
T106642,CH021,P04,2024-09-28,2024-Q3,3,£50.97
T106643,CH021,P02,2024-06-11,2024-Q2,1,£14.99
T106644,CH021,P03,2024-01-11,2024-Q1,1,11.99
T106645,CH021,P05,2024-09-27,2024-Q3,1,£15.99
T106646,CH021,P02,2024-09-20,2024-Q3,1,£14.99
T106647,CH021,P04,2024-09-19,2024-Q3,1,16.99
T106648,CH021,P05,2024-06-10,2024-Q2,2,£32
T106649,CH021,P06,2024-02-10,2024-Q1,1,£54.99
T106650,CH021,P05,2024-07-20,2024-Q3,3,£47.97
T106651,CH021,P02,2024-07-19,2024-Q3,1,14.99
T106652,CH021,P01,2024-01-10,2024-Q1,1,£12.99
T106653,CH021,P04,2024-09-10,2024-Q3,1,16.99
T106654,CH021,P03,2024-12-21,2024-Q4,1,£12
T106655,CH021,P06,2024-04-04,2024-Q2,1,£55
T106656,CH021,P03,2024-02-13,2024-Q1,2,£24
T106657,CH021,P02,2024-08-12,2024-Q3,3,44.97
T106658,CH021,P04,2024-11-17,2024-Q4,1,£17
T106659,CH021,P03,2024-04-11,2024-Q2,2,£24
T106660,CH021,P05,2024-04-17,2024-Q2,2,£32
T106661,CH021,P03,2024-04-10,2024-Q2,1,11.99
T106662,CH021,P03,2024-12-11,2024-Q4,3,£35.97
T106663,CH021,P03,2024-09-15,2024-Q3,1,£11.99
T106664,CH021,P04,2024-05-27,2024-Q2,1,16.99
T106665,CH021,P03,2024-01-09,2024-Q1,1,11.99
T106666,CH021,P04,2024-12-26,2024-Q4,1,16.99
T106667,CH021,P04,2024-05-19,2024-Q2,1,£17
T106668,CH021,P03,2024-12-21,2024-Q4,1,£11.99
T106669,CH021,P05,2024-09-14,2024-Q3,2,£31.98
T106670,CH021,P02,2024-02-26,2024-Q1,1,£14.99
T106671,CH021,P01,2024-05-15,2024-Q2,1,12.99
T106672,CH021,P04,2024-04-24,2024-Q2,1,£16.99
T106673,CH021,P04,2024-10-06,2024-Q4,1,£17
T106674,CH021,P02,2024-09-04,2024-Q3,1,£14.99
T106675,CH021,P05,2024-08-04,2024-Q3,3,£48
T106676,CH021,P04,2024-09-12,2024-Q3,3,£50.97
T106677,CH021,P05,2024-06-18,2024-Q2,1,£15.99
T106678,CH021,P01,2024-09-04,2024-Q3,1,£13
T106679,CH021,P03,2024-05-23,2024-Q2,1,£11.99
T106680,CH021,P06,2024-09-28,2024-Q3,1,£54.99
T106681,CH021,P04,2024-10-03,2024-Q4,2,£33.98
T106682,CH021,P04,2024-07-27,2024-Q3,2,£33.98
T106683,CH021,P02,2024-07-04,2024-Q3,1,£14.99
T106684,CH021,P03,2024-05-28,2024-Q2,1,11.99
T106685,CH021,P02,2024-07-17,2024-Q3,3,£45
T106686,CH021,P02,2024-10-09,2024-Q4,2,£29.98
T106687,CH021,P01,2024-03-09,2024-Q1,2,£25.98
T106688,CH021,P03,2024-05-06,2024-Q2,1,£11.99
T106689,CH021,P01,2024-06-22,2024-Q2,2,£25.98
T106690,CH021,P04,2024-12-11,2024-Q4,1,£16.99
T106691,CH021,P04,2024-10-17,2024-Q4,2,£33.98
T106692,CH021,P04,2024-10-01,2024-Q4,1,£16.99
T106693,CH021,P02,2024-05-01,2024-Q2,1,£14.99
T106694,CH021,P02,2024-09-11,2024-Q3,2,£29.98
T106695,CH021,P03,2024-05-17,2024-Q2,1,£12
T106696,CH021,P04,2024-12-24,2024-Q4,1,£16.99
T106697,CH021,P01,2025-01-27,2025-Q1,3,£38.97
T106698,CH021,P02,2025-11-11,2025-Q4,1,14.99
T106699,CH021,P04,2025-08-13,2025-Q3,1,16.99
T106700,CH021,P03,2025-05-15,2025-Q2,1,£11.99
T106701,CH021,P06,2025-02-19,2025-Q1,2,£109.98
T106702,CH021,P06,2025-09-16,2025-Q3,1,£54.99
T106703,CH021,P01,2025-06-21,2025-Q2,1,£12.99
T106704,CH021,P03,2025-11-23,2025-Q4,2,23.98
T106705,CH021,P04,2025-09-14,2025-Q3,1,16.99
T106706,CH021,P05,2025-03-13,2025-Q1,1,£15.99
T106707,CH021,P02,2025-06-05,2025-Q2,1,£15
T106708,CH021,P02,2025-02-18,2025-Q1,3,£44.97
T106709,CH021,P01,2025-11-05,2025-Q4,1,£12.99
T106710,CH021,P04,2025-08-13,2025-Q3,3,£51
T106711,CH021,P05,2025-12-22,2025-Q4,2,£31.98
T106712,CH021,P01,2025-08-24,2025-Q3,2,£25.98
T106713,CH021,P04,2025-11-02,2025-Q4,1,£16.99
T106714,CH021,P01,2025-07-11,2025-Q3,1,£12.99
T106715,CH021,P02,2025-04-10,2025-Q2,1,14.99
T106716,CH021,P01,2025-07-01,2025-Q3,1,£12.99
T106717,CH021,P02,2025-05-05,2025-Q2,1,14.99
T106718,CH021,P04,2025-04-19,2025-Q2,1,£16.99
T106719,CH021,P04,2025-08-11,2025-Q3,1,£16.99
T106720,CH021,P06,2025-07-21,2025-Q3,1,£55
T106721,CH021,P02,2025-04-28,2025-Q2,1,£14.99
T106722,CH021,P04,2025-01-02,2025-Q1,1,16.99
T106723,CH021,P06,2025-08-04,2025-Q3,1,£55
T106724,CH021,P06,2025-08-09,2025-Q3,1,£54.99
T106725,CH021,P03,2025-02-28,2025-Q1,1,£11.99
T106726,CH021,P03,2025-11-15,2025-Q4,1,£11.99
T106727,CH021,P03,2025-01-01,2025-Q1,2,£23.98
T106728,CH021,P02,2025-01-04,2025-Q1,1,14.99
T106729,CH021,P01,2025-09-05,2025-Q3,3,£39
T106730,CH021,P01,2025-01-12,2025-Q1,1,£12.99
T106731,CH021,P04,2025-11-14,2025-Q4,1,£16.99
T106732,CH021,P03,2025-03-17,2025-Q1,1,11.99
T106733,CH021,P01,2025-02-26,2025-Q1,1,£12.99
T106734,CH021,P01,2025-02-28,2025-Q1,1,12.99
T106735,CH021,P02,2025-01-13,2025-Q1,1,£15
T106736,CH021,P03,2025-09-22,2025-Q3,1,£11.99
T106737,CH021,P06,2025-03-17,2025-Q1,3,164.97
T106738,CH021,P03,2025-10-18,2025-Q4,1,£12
T106739,CH021,P05,2025-04-11,2025-Q2,1,15.99
T106740,CH021,P01,2025-09-22,2025-Q3,1,£12.99
T106741,CH021,P03,2025-08-18,2025-Q3,1,£11.99
T106742,CH021,P05,2025-11-13,2025-Q4,1,£16
T106743,CH021,P01,2025-08-13,2025-Q3,1,£12.99
T106744,CH021,P05,2025-06-08,2025-Q2,1,15.99
T106745,CH021,P05,2025-05-26,2025-Q2,1,£15.99
T106746,CH021,P03,2025-09-19,2025-Q3,2,23.98
T106747,CH021,P02,2025-02-10,2025-Q1,3,£44.97
T106748,CH021,P05,2025-07-09,2025-Q3,2,£32
T106749,CH021,P03,2025-06-25,2025-Q2,1,£11.99
T106750,CH021,P01,2025-08-03,2025-Q3,1,£13
T106751,CH021,P01,2025-12-25,2025-Q4,3,£38.97
T106752,CH021,P04,2025-08-20,2025-Q3,2,£33.98
T106753,CH021,P05,2025-08-26,2025-Q3,1,15.99
T106754,CH021,P01,2025-09-24,2025-Q3,2,25.98
T106755,CH021,P01,2025-11-20,2025-Q4,1,£13
T106756,CH021,P06,2025-09-20,2025-Q3,1,54.99
T106757,CH021,P01,2025-04-04,2025-Q2,1,£12.99
T106758,CH021,P05,2025-11-15,2025-Q4,1,£15.99
T106759,CH021,P01,2025-12-09,2025-Q4,1,£12.99
T106760,CH021,P01,2025-06-05,2025-Q2,3,38.97
T106761,CH021,P05,2025-07-09,2025-Q3,1,£15.99
T106762,CH021,P03,2025-05-10,2025-Q2,1,11.99
T106763,CH021,P02,2025-02-04,2025-Q1,1,£14.99
T106764,CH021,P02,2025-04-07,2025-Q2,1,14.99
T106765,CH021,P03,2025-09-21,2025-Q3,1,£11.99
T106766,CH021,P02,2025-05-21,2025-Q2,1,£15
T106767,CH021,P03,2025-02-22,2025-Q1,3,£35.97
T106768,CH021,P02,2025-06-14,2025-Q2,2,£29.98
T106769,CH021,P02,2025-05-16,2025-Q2,1,£14.99
T106770,CH021,P03,2025-10-08,2025-Q4,1,£12
T106771,CH021,P04,2025-02-23,2025-Q1,1,£16.99
T106772,CH021,P01,2025-07-28,2025-Q3,1,£12.99
T106773,CH021,P05,2025-11-20,2025-Q4,3,47.97
T106774,CH021,P04,2025-02-05,2025-Q1,3,£51
T106775,CH021,P02,2025-11-18,2025-Q4,1,£14.99
T106776,CH021,P03,2025-06-15,2025-Q2,3,£35.97
T106777,CH021,P05,2025-09-17,2025-Q3,1,15.99
T106778,CH021,P02,2025-06-03,2025-Q2,1,£14.99
T106779,CH021,P01,2025-09-04,2025-Q3,1,12.99
T106780,CH021,P02,2025-07-14,2025-Q3,1,£14.99
T106781,CH021,P01,2025-12-05,2025-Q4,1,£12.99
T106782,CH021,P03,2025-07-24,2025-Q3,1,£11.99
T106783,CH021,P03,2025-11-26,2025-Q4,1,11.99
T106784,CH021,P02,2025-07-26,2025-Q3,3,£45
T106785,CH021,P01,2025-02-14,2025-Q1,1,£13
T106786,CH021,P01,2025-03-18,2025-Q1,1,£13
T106787,CH021,P05,2025-05-02,2025-Q2,1,15.99
T106788,CH021,P06,2025-10-27,2025-Q4,1,£54.99
T106789,CH021,P02,2025-07-02,2025-Q3,1,14.99
T106790,CH021,P06,2025-02-17,2025-Q1,1,£54.99
T106791,CH021,P01,2025-08-20,2025-Q3,1,12.99
T106792,CH021,P03,2025-02-08,2025-Q1,1,£11.99
T106793,CH021,P05,2025-06-13,2025-Q2,1,£15.99
T106794,CH021,P02,2025-07-10,2025-Q3,1,£15
T106795,CH021,P03,2025-11-18,2025-Q4,2,23.98
T106796,CH021,P01,2025-06-02,2025-Q2,1,£12.99
T106797,CH021,P01,2025-05-18,2025-Q2,1,£12.99
T106798,CH021,P01,2025-09-17,2025-Q3,1,12.99
T106799,CH021,P01,2025-02-28,2025-Q1,1,£12.99
T106800,CH021,P02,2025-01-07,2025-Q1,3,44.97
T106801,CH021,P05,2025-11-24,2025-Q4,1,£15.99
T106802,CH021,P05,2025-07-11,2025-Q3,1,£15.99
T106803,CH021,P01,2025-07-28,2025-Q3,1,£13
T106804,CH021,P02,2025-11-06,2025-Q4,3,£44.97
T106805,CH021,P02,2025-01-25,2025-Q1,2,£30
T106806,CH021,P06,2025-03-15,2025-Q1,1,£54.99
T106807,CH021,P06,2025-05-27,2025-Q2,1,£54.99
T106808,CH021,P05,2025-03-06,2025-Q1,1,£15.99
T106809,CH021,P02,2025-07-16,2025-Q3,1,14.99
T106810,CH021,P05,2025-01-04,2025-Q1,2,£31.98
T106811,CH021,P02,2025-09-04,2025-Q3,2,29.98
T106812,CH021,P05,2025-09-12,2025-Q3,2,£32
T106813,CH021,P03,2025-02-12,2025-Q1,2,23.98
T106814,CH021,P01,2025-07-13,2025-Q3,2,£26
T106815,CH021,P05,2025-07-27,2025-Q3,1,£16
T106816,CH021,P02,2025-02-13,2025-Q1,3,£44.97
T106817,CH021,P02,2025-12-01,2025-Q4,1,14.99
T106818,CH021,P02,2025-04-26,2025-Q2,1,14.99
T106819,CH021,P05,2025-06-10,2025-Q2,1,15.99
T106820,CH021,P03,2025-08-16,2025-Q3,1,£11.99
T106821,CH021,P05,2025-01-11,2025-Q1,1,£15.99
T106822,CH021,P01,2025-05-20,2025-Q2,2,£26
T106823,CH021,P02,2025-07-16,2025-Q3,2,£29.98
T106824,CH021,P04,2025-02-05,2025-Q1,1,£16.99
T106825,CH021,P01,2025-03-22,2025-Q1,1,£12.99
T106826,CH021,P01,2025-07-21,2025-Q3,3,£38.97
T106827,CH021,P03,2025-04-23,2025-Q2,2,£24
T106828,CH021,P02,2025-05-05,2025-Q2,1,£14.99
T106829,CH021,P03,2025-06-28,2025-Q2,2,£23.98
T106830,CH021,P01,2025-04-21,2025-Q2,1,£13
T106831,CH021,P05,2025-05-26,2025-Q2,1,£15.99
T106832,CH021,P03,2025-02-22,2025-Q1,1,11.99
T106833,CH021,P02,2025-01-22,2025-Q1,2,£29.98
T106834,CH021,P01,2025-09-05,2025-Q3,2,£25.98
T106835,CH021,P04,2025-01-14,2025-Q1,1,£17
T106836,CH021,P02,2025-04-21,2025-Q2,1,£15
T106837,CH021,P03,2025-05-24,2025-Q2,2,£23.98
T106838,CH021,P04,2025-01-22,2025-Q1,3,50.97
T106839,CH021,P03,2025-05-10,2025-Q2,3,35.97
T106840,CH021,P02,2025-03-23,2025-Q1,1,£15
T106841,CH021,P01,2025-02-05,2025-Q1,1,£12.99
T106842,CH021,P03,2025-02-23,2025-Q1,1,£12
T106843,CH021,P01,2025-02-03,2025-Q1,1,12.99
T106844,CH021,P02,2025-03-07,2025-Q1,1,£15
T106845,CH021,P01,2025-07-06,2025-Q3,1,£12.99
T106846,CH021,P01,2025-01-27,2025-Q1,2,25.98
T106847,CH021,P03,2025-12-26,2025-Q4,1,£11.99
T106848,CH021,P05,2025-08-10,2025-Q3,1,£15.99
T106849,CH021,P01,2025-02-02,2025-Q1,1,£13
T106850,CH021,P04,2025-01-28,2025-Q1,2,33.98
T106851,CH021,P01,2025-05-04,2025-Q2,3,£38.97
T106852,CH021,P01,2025-01-18,2025-Q1,1,£12.99
T106853,CH021,P05,2025-12-22,2025-Q4,1,£15.99
T106854,CH021,P06,2025-03-28,2025-Q1,2,£109.98
T106855,CH021,P01,2025-07-13,2025-Q3,2,£25.98
T106856,CH021,P03,2025-12-13,2025-Q4,1,£11.99
T106857,CH021,P02,2025-06-20,2025-Q2,1,14.99
T106858,CH021,P05,2025-02-08,2025-Q1,1,£16
T106859,CH021,P04,2025-05-10,2025-Q2,3,£50.97
T106860,CH021,P05,2025-06-08,2025-Q2,1,£15.99
T106861,CH021,P02,2025-10-01,2025-Q4,1,£14.99
T106862,CH021,P05,2025-08-18,2025-Q3,2,£31.98
T106863,CH021,P04,2025-09-13,2025-Q3,2,£33.98
T106864,CH021,P02,2025-03-05,2025-Q1,1,£14.99
T106865,CH021,P05,2025-02-02,2025-Q1,1,15.99
T106866,CH021,P02,2025-01-18,2025-Q1,2,£30
T106867,CH021,P05,2025-04-18,2025-Q2,2,31.98
T106868,CH021,P05,2025-07-19,2025-Q3,1,£15.99
T106869,CH021,P03,2025-04-27,2025-Q2,3,£35.97
T106870,CH021,P03,2025-04-20,2025-Q2,2,£24
T106871,CH021,P05,2025-10-13,2025-Q4,1,£15.99
T106872,CH021,P03,2025-04-26,2025-Q2,3,35.97
T106873,CH021,P03,2025-02-15,2025-Q1,3,£35.97
T106874,CH021,P01,2025-07-10,2025-Q3,1,12.99
T106875,CH021,P03,2025-07-17,2025-Q3,1,£11.99
T106876,CH021,P02,2025-04-13,2025-Q2,2,£30
T106877,CH021,P04,2025-09-03,2025-Q3,1,£17
T106878,CH021,P03,2025-03-25,2025-Q1,1,11.99
T106879,CH021,P04,2025-07-25,2025-Q3,1,16.99
T106880,CH021,P05,2025-06-18,2025-Q2,1,£15.99
T106881,CH021,P01,2025-07-21,2025-Q3,1,£12.99
T106882,CH021,P03,2025-05-01,2025-Q2,1,11.99
T106883,CH021,P02,2025-07-14,2025-Q3,2,£30
T106884,CH021,P01,2025-08-19,2025-Q3,3,£38.97
T106885,CH021,P01,2025-01-13,2025-Q1,2,£26
T106886,CH021,P06,2025-08-13,2025-Q3,1,£54.99
T106887,CH021,P01,2025-09-24,2025-Q3,1,£12.99
T106888,CH021,P02,2025-02-06,2025-Q1,1,£15
T106889,CH021,P01,2025-07-12,2025-Q3,1,£12.99
T106890,CH021,P01,2025-05-02,2025-Q2,2,£25.98
T106891,CH021,P04,2025-02-12,2025-Q1,2,33.98
T106892,CH021,P02,2025-07-02,2025-Q3,3,£44.97
T106893,CH021,P04,2025-11-11,2025-Q4,1,16.99
T106894,CH021,P02,2025-12-16,2025-Q4,1,£14.99
T106895,CH021,P01,2025-05-08,2025-Q2,1,12.99
T106896,CH021,P03,2025-10-25,2025-Q4,2,£23.98
T106897,CH021,P03,2025-09-16,2025-Q3,1,£11.99
T106898,CH021,P02,2025-12-23,2025-Q4,2,£29.98
T106899,CH021,P03,2025-03-12,2025-Q1,1,11.99
T106900,CH021,P02,2025-06-02,2025-Q2,3,£44.97
T106901,CH021,P03,2025-07-05,2025-Q3,2,£23.98
T106902,CH021,P02,2025-10-23,2025-Q4,2,£29.98
T106903,CH021,P05,2025-09-12,2025-Q3,1,£15.99
T106904,CH021,P04,2025-02-06,2025-Q1,2,£34
T106905,CH021,P03,2025-06-04,2025-Q2,3,£36
T106906,CH021,P02,2025-11-01,2025-Q4,1,14.99
T106907,CH021,P04,2025-07-14,2025-Q3,1,£16.99
T106908,CH021,P05,2025-07-08,2025-Q3,2,£31.98
T106909,CH021,P03,2025-05-14,2025-Q2,1,£11.99
T106910,CH021,P01,2025-08-12,2025-Q3,1,£12.99
T106911,CH021,P05,2025-02-08,2025-Q1,1,15.99
T106912,CH021,P02,2025-08-27,2025-Q3,1,£14.99
T106913,CH021,P01,2025-10-02,2025-Q4,1,£12.99
T106914,CH021,P06,2025-08-06,2025-Q3,1,£54.99
T106915,CH021,P01,2025-09-05,2025-Q3,1,12.99
T106916,CH021,P01,2025-02-10,2025-Q1,1,12.99
T106917,CH021,P03,2025-05-20,2025-Q2,1,£11.99
T106918,CH021,P04,2025-03-23,2025-Q1,1,£16.99
T106919,CH021,P03,2025-08-21,2025-Q3,1,£11.99
T106920,CH021,P01,2025-10-01,2025-Q4,1,£12.99
T106921,CH021,P06,2025-03-26,2025-Q1,1,£54.99
T106922,CH021,P04,2025-02-02,2025-Q1,1,£16.99
T106923,CH021,P02,2025-04-05,2025-Q2,2,£29.98
T106924,CH021,P05,2025-12-18,2025-Q4,2,£31.98
T106925,CH021,P01,2025-03-21,2025-Q1,1,12.99
T106926,CH021,P01,2025-06-09,2025-Q2,2,£25.98
T106927,CH021,P01,2025-01-04,2025-Q1,1,£12.99
T106928,CH021,P03,2025-05-11,2025-Q2,2,£23.98
T106929,CH021,P06,2025-02-03,2025-Q1,2,£109.98
T106930,CH021,P02,2025-07-22,2025-Q3,1,£15
T106931,CH021,P04,2025-05-05,2025-Q2,1,£16.99
T106932,CH021,P02,2025-01-22,2025-Q1,1,£14.99
T106933,CH021,P01,2025-12-07,2025-Q4,3,38.97
T106934,CH021,P03,2025-11-27,2025-Q4,1,£12
T106935,CH021,P02,2025-10-16,2025-Q4,1,£14.99
T106936,CH021,P04,2025-01-22,2025-Q1,1,£16.99
T106937,CH021,P02,2025-08-03,2025-Q3,2,£29.98
T106938,CH021,P03,2025-01-24,2025-Q1,2,£23.98
T106939,CH021,P02,2025-09-14,2025-Q3,1,£15
T106940,CH021,P01,2025-09-27,2025-Q3,2,£26
T106941,CH022,P02,2024-09-07,2024-Q3,1,£14.99
T106942,CH022,P02,2024-05-25,2024-Q2,1,14.99
T106943,CH022,P02,2024-08-19,2024-Q3,1,£14.99
T106944,CH022,P05,2024-03-03,2024-Q1,2,31.98
T106945,CH022,P01,2024-10-04,2024-Q4,2,25.98
T106946,CH022,P02,2024-06-24,2024-Q2,2,£29.98
T106947,CH022,P03,2024-10-13,2024-Q4,1,£11.99
T106948,CH022,P01,2024-05-24,2024-Q2,1,£12.99
T106949,CH022,P04,2024-12-22,2024-Q4,1,16.99
T106950,CH022,P02,2024-10-23,2024-Q4,1,£14.99
T106951,CH022,P01,2024-02-09,2024-Q1,2,£26
T106952,CH022,P05,2024-10-28,2024-Q4,1,£16
T106953,CH022,P01,2024-09-22,2024-Q3,1,£12.99
T106954,CH022,P02,2024-03-18,2024-Q1,1,£14.99
T106955,CH022,P02,2024-12-12,2024-Q4,1,£14.99
T106956,CH022,P03,2024-10-03,2024-Q4,3,£35.97
T106957,CH022,P05,2024-09-21,2024-Q3,1,15.99
T106958,CH022,P02,2024-01-05,2024-Q1,1,£14.99
T106959,CH022,P02,2024-12-20,2024-Q4,1,£15
T106960,CH022,P05,2024-07-02,2024-Q3,1,£15.99
T106961,CH022,P02,2024-03-04,2024-Q1,1,14.99
T106962,CH022,P01,2024-08-15,2024-Q3,1,£12.99
T106963,CH022,P02,2024-03-19,2024-Q1,1,£15
T106964,CH022,P03,2024-05-05,2024-Q2,1,£12
T106965,CH022,P01,2024-09-19,2024-Q3,1,£12.99
T106966,CH022,P01,2024-03-04,2024-Q1,1,12.99
T106967,CH022,P03,2024-02-01,2024-Q1,1,£11.99
T106968,CH022,P05,2024-08-24,2024-Q3,1,£15.99
T106969,CH022,P04,2024-02-12,2024-Q1,1,£16.99
T106970,CH022,P03,2024-03-10,2024-Q1,1,11.99
T106971,CH022,P01,2024-10-06,2024-Q4,2,25.98
T106972,CH022,P04,2024-04-24,2024-Q2,2,33.98
T106973,CH022,P01,2024-07-05,2024-Q3,1,£13
T106974,CH022,P01,2024-04-11,2024-Q2,2,£25.98
T106975,CH022,P04,2024-08-01,2024-Q3,3,£50.97
T106976,CH022,P03,2024-05-09,2024-Q2,3,£35.97
T106977,CH022,P02,2024-05-07,2024-Q2,1,14.99
T106978,CH022,P02,2024-07-06,2024-Q3,1,£14.99
T106979,CH022,P04,2024-07-02,2024-Q3,1,£16.99
T106980,CH022,P04,2024-01-26,2024-Q1,1,£16.99
T106981,CH022,P03,2024-11-23,2024-Q4,1,£11.99
T106982,CH022,P05,2024-09-20,2024-Q3,1,£15.99
T106983,CH022,P06,2024-11-21,2024-Q4,1,£54.99
T106984,CH022,P01,2024-10-27,2024-Q4,2,25.98
T106985,CH022,P01,2024-05-14,2024-Q2,2,£25.98
T106986,CH022,P02,2024-10-04,2024-Q4,1,£14.99
T106987,CH022,P04,2024-12-24,2024-Q4,3,£50.97
T106988,CH022,P02,2024-02-18,2024-Q1,1,£15
T106989,CH022,P06,2024-05-20,2024-Q2,1,£54.99
T106990,CH022,P02,2024-07-21,2024-Q3,1,£14.99
T106991,CH022,P03,2024-08-26,2024-Q3,2,£23.98
T106992,CH022,P03,2024-10-18,2024-Q4,1,£11.99
T106993,CH022,P03,2024-07-15,2024-Q3,1,11.99
T106994,CH022,P02,2024-08-01,2024-Q3,1,£14.99
T106995,CH022,P02,2024-02-07,2024-Q1,1,£15
T106996,CH022,P01,2024-02-28,2024-Q1,1,£12.99
T106997,CH022,P01,2024-03-11,2024-Q1,1,£13
T106998,CH022,P03,2024-11-07,2024-Q4,1,11.99
T106999,CH022,P04,2024-01-13,2024-Q1,1,£16.99
T107000,CH022,P01,2024-01-24,2024-Q1,1,£12.99
T107001,CH022,P03,2024-02-05,2024-Q1,3,35.97
T107002,CH022,P04,2024-12-01,2024-Q4,1,16.99
T107003,CH022,P01,2024-11-11,2024-Q4,1,£12.99
T107004,CH022,P04,2024-03-13,2024-Q1,1,£16.99
T107005,CH022,P02,2024-10-27,2024-Q4,1,£14.99
T107006,CH022,P01,2024-05-07,2024-Q2,1,£12.99
T107007,CH022,P02,2024-03-17,2024-Q1,1,£14.99
T107008,CH022,P01,2024-05-27,2024-Q2,1,£12.99
T107009,CH022,P04,2024-07-18,2024-Q3,2,£33.98
T107010,CH022,P02,2024-07-27,2024-Q3,1,£14.99
T107011,CH022,P03,2024-02-25,2024-Q1,1,£11.99
T107012,CH022,P05,2024-05-18,2024-Q2,1,£15.99
T107013,CH022,P01,2024-06-14,2024-Q2,1,£12.99
T107014,CH022,P01,2024-12-02,2024-Q4,1,£12.99
T107015,CH022,P01,2024-07-15,2024-Q3,2,£25.98
T107016,CH022,P01,2024-02-26,2024-Q1,2,£26
T107017,CH022,P05,2024-07-03,2024-Q3,1,£16
T107018,CH022,P01,2024-10-11,2024-Q4,3,£39
T107019,CH022,P01,2024-04-03,2024-Q2,1,12.99
T107020,CH022,P02,2024-12-11,2024-Q4,1,£14.99
T107021,CH022,P01,2024-05-07,2024-Q2,1,12.99
T107022,CH022,P02,2024-03-06,2024-Q1,1,£14.99
T107023,CH022,P01,2024-12-18,2024-Q4,1,£13
T107024,CH022,P03,2024-10-01,2024-Q4,3,35.97
T107025,CH022,P02,2024-09-14,2024-Q3,2,£29.98
T107026,CH022,P03,2024-02-17,2024-Q1,1,£11.99
T107027,CH022,P02,2024-02-25,2024-Q1,1,£14.99
T107028,CH022,P04,2024-11-28,2024-Q4,1,16.99
T107029,CH022,P02,2024-03-18,2024-Q1,1,£14.99
T107030,CH022,P04,2024-12-02,2024-Q4,2,£33.98
T107031,CH022,P02,2024-06-18,2024-Q2,3,£45
T107032,CH022,P03,2024-02-21,2024-Q1,3,£36
T107033,CH022,P03,2024-05-20,2024-Q2,1,11.99
T107034,CH022,P02,2024-07-13,2024-Q3,2,£29.98
T107035,CH022,P01,2024-09-15,2024-Q3,1,£12.99
T107036,CH022,P01,2024-06-28,2024-Q2,1,£12.99
T107037,CH022,P04,2024-01-17,2024-Q1,3,£50.97
T107038,CH022,P03,2024-05-16,2024-Q2,1,£11.99
T107039,CH022,P01,2024-04-02,2024-Q2,2,25.98
T107040,CH022,P01,2024-04-20,2024-Q2,2,25.98
T107041,CH022,P01,2024-10-23,2024-Q4,1,£12.99
T107042,CH022,P05,2024-03-05,2024-Q1,1,£15.99
T107043,CH022,P03,2024-01-13,2024-Q1,1,£12
T107044,CH022,P01,2024-03-01,2024-Q1,1,£12.99
T107045,CH022,P01,2024-05-07,2024-Q2,1,£12.99
T107046,CH022,P01,2024-09-27,2024-Q3,3,£38.97
T107047,CH022,P04,2024-03-11,2024-Q1,1,£17
T107048,CH022,P03,2024-01-12,2024-Q1,2,£23.98
T107049,CH022,P04,2024-06-12,2024-Q2,2,33.98
T107050,CH022,P05,2024-09-19,2024-Q3,2,31.98
T107051,CH022,P03,2024-10-15,2024-Q4,1,£11.99
T107052,CH022,P01,2024-03-22,2024-Q1,1,£12.99
T107053,CH022,P05,2024-07-04,2024-Q3,2,£32
T107054,CH022,P03,2024-03-19,2024-Q1,1,£11.99
T107055,CH022,P05,2024-04-27,2024-Q2,3,47.97
T107056,CH022,P02,2024-06-25,2024-Q2,1,£15
T107057,CH022,P01,2024-12-01,2024-Q4,2,£26
T107058,CH022,P05,2024-05-15,2024-Q2,1,£15.99
T107059,CH022,P03,2024-09-13,2024-Q3,1,£11.99
T107060,CH022,P06,2024-07-12,2024-Q3,1,£54.99
T107061,CH022,P01,2024-12-08,2024-Q4,1,£12.99
T107062,CH022,P02,2024-04-21,2024-Q2,1,£15
T107063,CH022,P05,2024-02-13,2024-Q1,1,£15.99
T107064,CH022,P04,2024-08-01,2024-Q3,2,£33.98
T107065,CH022,P04,2024-06-07,2024-Q2,1,£16.99
T107066,CH022,P05,2024-12-06,2024-Q4,1,£15.99
T107067,CH022,P02,2024-08-22,2024-Q3,1,£14.99
T107068,CH022,P06,2024-08-12,2024-Q3,2,£109.98
T107069,CH022,P01,2024-02-16,2024-Q1,1,£13
T107070,CH022,P04,2024-07-07,2024-Q3,2,33.98
T107071,CH022,P03,2024-04-04,2024-Q2,1,£11.99
T107072,CH022,P03,2024-07-18,2024-Q3,1,£12
T107073,CH022,P04,2024-09-08,2024-Q3,1,£17
T107074,CH022,P04,2024-01-12,2024-Q1,1,£16.99
T107075,CH022,P02,2024-12-17,2024-Q4,2,29.98
T107076,CH022,P04,2024-03-08,2024-Q1,2,£33.98
T107077,CH022,P03,2024-11-16,2024-Q4,2,£23.98
T107078,CH022,P02,2024-05-28,2024-Q2,1,£14.99
T107079,CH022,P05,2024-11-20,2024-Q4,3,£47.97
T107080,CH022,P01,2024-07-28,2024-Q3,1,£13
T107081,CH022,P03,2024-10-12,2024-Q4,2,£23.98
T107082,CH022,P03,2024-06-26,2024-Q2,2,£23.98
T107083,CH022,P02,2024-05-07,2024-Q2,1,£15
T107084,CH022,P02,2024-01-05,2024-Q1,1,£14.99
T107085,CH022,P01,2024-04-12,2024-Q2,1,£12.99
T107086,CH022,P03,2024-10-14,2024-Q4,1,£12
T107087,CH022,P02,2024-12-19,2024-Q4,1,£14.99
T107088,CH022,P03,2024-01-09,2024-Q1,1,£11.99
T107089,CH022,P01,2024-03-04,2024-Q1,1,£12.99
T107090,CH022,P01,2024-01-06,2024-Q1,1,£13
T107091,CH022,P04,2024-11-16,2024-Q4,1,£16.99
T107092,CH022,P01,2024-07-13,2024-Q3,1,£12.99
T107093,CH022,P01,2024-01-23,2024-Q1,1,12.99
T107094,CH022,P03,2024-04-05,2024-Q2,3,£36
T107095,CH022,P04,2024-09-03,2024-Q3,2,£33.98
T107096,CH022,P02,2024-02-12,2024-Q1,1,14.99
T107097,CH022,P03,2024-07-23,2024-Q3,1,£12
T107098,CH022,P04,2024-07-24,2024-Q3,1,£16.99
T107099,CH022,P04,2024-04-09,2024-Q2,1,£16.99
T107100,CH022,P04,2024-08-10,2024-Q3,1,£16.99
T107101,CH022,P03,2024-03-28,2024-Q1,3,£35.97
T107102,CH022,P02,2024-01-24,2024-Q1,1,14.99
T107103,CH022,P03,2024-08-08,2024-Q3,1,£12
T107104,CH022,P03,2025-10-13,2025-Q4,1,£11.99
T107105,CH022,P04,2025-02-04,2025-Q1,1,£17
T107106,CH022,P04,2025-02-23,2025-Q1,1,£17
T107107,CH022,P02,2025-10-28,2025-Q4,1,£14.99
T107108,CH022,P02,2025-10-23,2025-Q4,1,14.99
T107109,CH022,P03,2025-01-21,2025-Q1,1,£11.99
T107110,CH022,P04,2025-10-23,2025-Q4,3,£50.97
T107111,CH022,P06,2025-10-16,2025-Q4,1,£54.99
T107112,CH022,P05,2025-05-12,2025-Q2,3,£47.97
T107113,CH022,P04,2025-01-21,2025-Q1,1,£16.99
T107114,CH022,P04,2025-07-06,2025-Q3,1,£17
T107115,CH022,P06,2025-08-13,2025-Q3,1,£55
T107116,CH022,P01,2025-07-11,2025-Q3,1,£13
T107117,CH022,P01,2025-11-19,2025-Q4,1,£12.99
T107118,CH022,P05,2025-05-20,2025-Q2,1,£15.99
T107119,CH022,P04,2025-12-02,2025-Q4,1,£16.99
T107120,CH022,P04,2025-11-15,2025-Q4,1,16.99
T107121,CH022,P05,2025-07-06,2025-Q3,1,£15.99
T107122,CH022,P05,2025-05-04,2025-Q2,2,31.98
T107123,CH022,P01,2025-11-24,2025-Q4,1,£13
T107124,CH022,P03,2025-07-28,2025-Q3,2,£23.98
T107125,CH022,P06,2025-08-01,2025-Q3,1,54.99
T107126,CH022,P03,2025-10-16,2025-Q4,3,£35.97
T107127,CH022,P04,2025-04-05,2025-Q2,1,16.99
T107128,CH022,P01,2025-02-02,2025-Q1,2,£26
T107129,CH022,P03,2025-09-10,2025-Q3,1,£11.99
T107130,CH022,P01,2025-04-22,2025-Q2,1,£12.99
T107131,CH022,P05,2025-08-11,2025-Q3,2,£31.98
T107132,CH022,P01,2025-12-21,2025-Q4,2,25.98
T107133,CH022,P01,2025-11-02,2025-Q4,1,£12.99
T107134,CH022,P01,2025-11-16,2025-Q4,1,£12.99
T107135,CH022,P02,2025-06-08,2025-Q2,1,£14.99
T107136,CH022,P02,2025-02-28,2025-Q1,2,£29.98
T107137,CH022,P01,2025-12-17,2025-Q4,1,12.99
T107138,CH022,P01,2025-11-11,2025-Q4,1,£12.99
T107139,CH022,P03,2025-03-15,2025-Q1,1,£11.99
T107140,CH022,P03,2025-02-03,2025-Q1,1,11.99
T107141,CH022,P01,2025-05-27,2025-Q2,1,£12.99
T107142,CH022,P05,2025-01-27,2025-Q1,1,15.99
T107143,CH022,P01,2025-04-19,2025-Q2,3,£38.97
T107144,CH022,P03,2025-03-20,2025-Q1,3,35.97
T107145,CH022,P03,2025-11-25,2025-Q4,3,£35.97
T107146,CH022,P01,2025-02-03,2025-Q1,1,12.99
T107147,CH022,P04,2025-02-08,2025-Q1,1,£16.99
T107148,CH022,P03,2025-10-03,2025-Q4,2,23.98
T107149,CH022,P04,2025-07-17,2025-Q3,1,£17
T107150,CH022,P01,2025-01-25,2025-Q1,1,£13
T107151,CH022,P05,2025-09-11,2025-Q3,1,£16
T107152,CH022,P02,2025-05-20,2025-Q2,1,£14.99
T107153,CH022,P02,2025-06-05,2025-Q2,1,14.99
T107154,CH022,P03,2025-09-21,2025-Q3,1,£11.99
T107155,CH022,P01,2025-02-20,2025-Q1,1,£13
T107156,CH022,P05,2025-12-14,2025-Q4,1,£15.99
T107157,CH022,P01,2025-10-22,2025-Q4,1,£12.99
T107158,CH022,P02,2025-05-01,2025-Q2,1,£14.99
T107159,CH022,P01,2025-12-03,2025-Q4,1,12.99
T107160,CH022,P05,2025-03-18,2025-Q1,1,15.99
T107161,CH022,P01,2025-11-08,2025-Q4,1,£12.99
T107162,CH022,P04,2025-05-19,2025-Q2,1,16.99
T107163,CH022,P05,2025-03-10,2025-Q1,1,£15.99
T107164,CH022,P04,2025-05-10,2025-Q2,1,16.99
T107165,CH022,P01,2025-01-21,2025-Q1,2,£26
T107166,CH022,P01,2025-09-01,2025-Q3,1,12.99
T107167,CH022,P04,2025-09-04,2025-Q3,1,£16.99
T107168,CH022,P05,2025-11-08,2025-Q4,1,£16
T107169,CH022,P05,2025-06-17,2025-Q2,1,£16
T107170,CH022,P01,2025-01-06,2025-Q1,1,£12.99
T107171,CH022,P03,2025-05-27,2025-Q2,1,£11.99
T107172,CH022,P04,2025-07-07,2025-Q3,3,£50.97
T107173,CH022,P05,2025-10-05,2025-Q4,1,£15.99
T107174,CH022,P04,2025-07-09,2025-Q3,2,£33.98
T107175,CH022,P02,2025-11-09,2025-Q4,1,£14.99
T107176,CH022,P05,2025-06-28,2025-Q2,2,£31.98
T107177,CH022,P01,2025-12-17,2025-Q4,1,12.99
T107178,CH022,P05,2025-04-13,2025-Q2,1,£16
T107179,CH022,P04,2025-02-23,2025-Q1,1,£16.99
T107180,CH022,P03,2025-02-24,2025-Q1,1,£11.99
T107181,CH022,P03,2025-11-23,2025-Q4,1,£11.99
T107182,CH022,P01,2025-07-26,2025-Q3,2,£26
T107183,CH022,P04,2025-09-18,2025-Q3,1,£16.99
T107184,CH022,P03,2025-05-28,2025-Q2,3,35.97
T107185,CH022,P02,2025-03-12,2025-Q1,2,29.98
T107186,CH022,P04,2025-04-07,2025-Q2,3,50.97
T107187,CH022,P03,2025-10-05,2025-Q4,1,£12
T107188,CH022,P01,2025-09-08,2025-Q3,1,12.99
T107189,CH022,P04,2025-01-03,2025-Q1,2,£33.98
T107190,CH022,P03,2025-06-07,2025-Q2,1,11.99
T107191,CH022,P04,2025-04-05,2025-Q2,2,£33.98
T107192,CH022,P01,2025-01-26,2025-Q1,1,12.99
T107193,CH022,P02,2025-10-14,2025-Q4,2,29.98
T107194,CH022,P01,2025-11-13,2025-Q4,1,£12.99
T107195,CH022,P03,2025-12-01,2025-Q4,3,£36
T107196,CH022,P04,2025-10-10,2025-Q4,1,16.99
T107197,CH022,P04,2025-10-08,2025-Q4,1,16.99
T107198,CH022,P01,2025-04-03,2025-Q2,2,25.98
T107199,CH022,P03,2025-11-02,2025-Q4,1,£12
T107200,CH022,P03,2025-02-14,2025-Q1,1,£11.99
T107201,CH022,P02,2025-01-25,2025-Q1,1,£14.99
T107202,CH022,P02,2025-02-14,2025-Q1,1,14.99
T107203,CH022,P01,2025-12-26,2025-Q4,1,12.99
T107204,CH022,P01,2025-10-04,2025-Q4,1,£12.99
T107205,CH022,P04,2025-01-26,2025-Q1,2,33.98
T107206,CH022,P01,2025-04-18,2025-Q2,1,12.99
T107207,CH022,P01,2025-06-24,2025-Q2,1,£12.99
T107208,CH022,P05,2025-05-24,2025-Q2,1,£15.99
T107209,CH022,P01,2025-07-23,2025-Q3,3,£38.97
T107210,CH022,P03,2025-01-11,2025-Q1,1,11.99
T107211,CH022,P05,2025-10-04,2025-Q4,1,15.99
T107212,CH022,P04,2025-07-17,2025-Q3,1,£16.99
T107213,CH022,P03,2025-08-25,2025-Q3,1,£11.99
T107214,CH022,P01,2025-04-21,2025-Q2,1,£13
T107215,CH022,P03,2025-11-01,2025-Q4,1,£11.99
T107216,CH022,P04,2025-08-02,2025-Q3,2,33.98
T107217,CH022,P02,2025-10-24,2025-Q4,2,29.98
T107218,CH022,P04,2025-06-18,2025-Q2,1,£16.99
T107219,CH022,P05,2025-04-19,2025-Q2,1,£16
T107220,CH022,P05,2025-06-11,2025-Q2,1,15.99
T107221,CH022,P02,2025-07-22,2025-Q3,1,14.99
T107222,CH022,P01,2025-01-04,2025-Q1,3,38.97
T107223,CH022,P03,2025-03-22,2025-Q1,2,£23.98
T107224,CH022,P05,2025-05-27,2025-Q2,2,£31.98
T107225,CH022,P02,2025-11-28,2025-Q4,2,£29.98
T107226,CH022,P04,2025-07-16,2025-Q3,1,£16.99
T107227,CH022,P04,2025-12-27,2025-Q4,1,£16.99
T107228,CH022,P05,2025-07-19,2025-Q3,3,47.97
T107229,CH022,P05,2025-12-18,2025-Q4,1,£15.99
T107230,CH022,P01,2025-05-16,2025-Q2,1,£12.99
T107231,CH022,P01,2025-11-18,2025-Q4,2,£25.98
T107232,CH022,P01,2025-07-23,2025-Q3,1,£12.99
T107233,CH022,P01,2025-10-27,2025-Q4,2,£25.98
T107234,CH022,P04,2025-01-14,2025-Q1,1,16.99
T107235,CH022,P02,2025-03-07,2025-Q1,1,£14.99
T107236,CH022,P05,2025-09-15,2025-Q3,1,£15.99
T107237,CH022,P02,2025-04-08,2025-Q2,1,£14.99
T107238,CH022,P02,2025-04-02,2025-Q2,1,£15
T107239,CH022,P02,2025-10-16,2025-Q4,1,£14.99
T107240,CH022,P02,2025-02-04,2025-Q1,1,£15
T107241,CH022,P03,2025-02-15,2025-Q1,1,£11.99
T107242,CH022,P02,2025-07-24,2025-Q3,3,44.97
T107243,CH022,P02,2025-10-08,2025-Q4,1,£14.99
T107244,CH022,P01,2025-08-19,2025-Q3,1,£13
T107245,CH022,P01,2025-05-15,2025-Q2,1,12.99
T107246,CH022,P03,2025-11-27,2025-Q4,1,£12
T107247,CH022,P05,2025-08-24,2025-Q3,1,£15.99
T107248,CH022,P02,2025-11-26,2025-Q4,1,£15
T107249,CH022,P06,2025-12-05,2025-Q4,1,£54.99
T107250,CH022,P04,2025-09-02,2025-Q3,1,£16.99
T107251,CH022,P01,2025-01-16,2025-Q1,2,£25.98
T107252,CH022,P04,2025-10-24,2025-Q4,1,16.99
T107253,CH022,P01,2025-04-12,2025-Q2,1,£12.99
T107254,CH022,P01,2025-04-28,2025-Q2,2,£25.98
T107255,CH022,P01,2025-02-21,2025-Q1,1,£13
T107256,CH022,P02,2025-04-16,2025-Q2,2,29.98
T107257,CH022,P04,2025-08-25,2025-Q3,2,£34
T107258,CH022,P01,2025-02-13,2025-Q1,1,£12.99
T107259,CH022,P04,2025-09-02,2025-Q3,1,£16.99
T107260,CH022,P03,2025-01-08,2025-Q1,1,£11.99
T107261,CH022,P01,2025-06-02,2025-Q2,1,£12.99
T107262,CH022,P06,2025-10-20,2025-Q4,1,£54.99
T107263,CH022,P05,2025-06-14,2025-Q2,3,47.97
T107264,CH022,P02,2025-12-11,2025-Q4,1,£14.99
T107265,CH022,P01,2025-01-09,2025-Q1,1,£13
T107266,CH022,P02,2025-09-23,2025-Q3,2,£30
T107267,CH022,P01,2025-09-05,2025-Q3,1,£12.99
T107268,CH022,P01,2025-01-22,2025-Q1,2,25.98
T107269,CH022,P01,2025-09-12,2025-Q3,1,£13
T107270,CH022,P02,2025-09-03,2025-Q3,1,£14.99
T107271,CH022,P04,2025-08-01,2025-Q3,1,£16.99
T107272,CH022,P01,2025-06-25,2025-Q2,3,£39
T107273,CH022,P02,2025-04-22,2025-Q2,1,£14.99
T107274,CH022,P02,2025-09-17,2025-Q3,2,£29.98
T107275,CH022,P02,2025-04-26,2025-Q2,1,14.99
T107276,CH022,P03,2025-02-05,2025-Q1,3,£35.97
T107277,CH022,P05,2025-05-04,2025-Q2,1,£15.99
T107278,CH022,P02,2025-11-14,2025-Q4,1,£14.99
T107279,CH022,P01,2025-12-01,2025-Q4,1,£12.99
T107280,CH022,P02,2025-04-25,2025-Q2,1,£14.99
T107281,CH022,P03,2025-03-21,2025-Q1,1,£12
T107282,CH022,P02,2025-04-06,2025-Q2,1,14.99
T107283,CH022,P02,2025-08-03,2025-Q3,1,14.99
T107284,CH022,P06,2025-07-26,2025-Q3,1,£54.99
T107285,CH022,P06,2025-08-26,2025-Q3,1,54.99
T107286,CH022,P03,2025-05-28,2025-Q2,1,£11.99
T107287,CH022,P04,2025-10-09,2025-Q4,2,£33.98
T107288,CH022,P02,2025-07-20,2025-Q3,2,£29.98
T107289,CH022,P02,2025-06-02,2025-Q2,1,£14.99
T107290,CH022,P03,2025-01-09,2025-Q1,1,£11.99
T107291,CH022,P02,2025-05-20,2025-Q2,1,£15
T107292,CH022,P05,2025-03-04,2025-Q1,1,£15.99
T107293,CH022,P01,2025-11-18,2025-Q4,1,£12.99
T107294,CH022,P04,2025-04-23,2025-Q2,2,33.98
T107295,CH022,P04,2025-05-17,2025-Q2,1,£16.99
T107296,CH022,P03,2025-07-08,2025-Q3,1,£11.99
T107297,CH022,P05,2025-07-10,2025-Q3,1,£16
T107298,CH022,P03,2025-07-20,2025-Q3,1,£11.99
T107299,CH022,P05,2025-05-06,2025-Q2,1,£16
T107300,CH022,P03,2025-04-05,2025-Q2,1,11.99
T107301,CH022,P02,2025-09-01,2025-Q3,1,£15
T107302,CH022,P04,2025-04-28,2025-Q2,1,£16.99
T107303,CH022,P05,2025-02-11,2025-Q1,2,£31.98
T107304,CH022,P04,2025-05-08,2025-Q2,2,33.98
T107305,CH022,P06,2025-08-09,2025-Q3,2,£110
T107306,CH022,P04,2025-05-13,2025-Q2,1,16.99
T107307,CH022,P01,2025-03-17,2025-Q1,1,£12.99
T107308,CH022,P02,2025-09-04,2025-Q3,1,14.99
T107309,CH022,P01,2025-12-14,2025-Q4,2,25.98
T107310,CH022,P02,2025-01-04,2025-Q1,2,£30
T107311,CH022,P03,2025-07-24,2025-Q3,1,£11.99
T107312,CH022,P03,2025-07-07,2025-Q3,1,£11.99
T107313,CH022,P05,2025-10-11,2025-Q4,1,£15.99
T107314,CH022,P03,2025-01-05,2025-Q1,2,£23.98
T107315,CH022,P02,2025-10-28,2025-Q4,1,£15
T107316,CH022,P01,2025-03-28,2025-Q1,1,£12.99
T107317,CH022,P01,2025-03-02,2025-Q1,1,£12.99
T107318,CH022,P02,2025-07-10,2025-Q3,1,£14.99
T107319,CH022,P02,2025-05-25,2025-Q2,2,£29.98
T107320,CH022,P05,2025-10-20,2025-Q4,1,£15.99
T107321,CH022,P04,2025-04-09,2025-Q2,1,16.99
T107322,CH022,P03,2025-01-03,2025-Q1,1,£12
T107323,CH022,P01,2025-10-15,2025-Q4,1,12.99
T107324,CH022,P04,2025-05-04,2025-Q2,1,£16.99
T107325,CH022,P01,2025-01-22,2025-Q1,2,25.98
T107326,CH022,P05,2025-04-02,2025-Q2,3,£47.97
T107327,CH022,P04,2025-09-21,2025-Q3,1,£16.99
T107328,CH022,P06,2025-04-28,2025-Q2,1,£54.99
T107329,CH022,P03,2025-02-07,2025-Q1,1,11.99
T107330,CH022,P03,2025-08-11,2025-Q3,1,£11.99
T107331,CH022,P05,2025-02-26,2025-Q1,1,£15.99
T107332,CH022,P03,2025-04-18,2025-Q2,1,£11.99
T107333,CH022,P03,2025-11-19,2025-Q4,2,£23.98
T107334,CH022,P01,2025-08-23,2025-Q3,1,£12.99
T107335,CH022,P04,2025-07-14,2025-Q3,1,16.99
T107336,CH022,P02,2025-03-20,2025-Q1,1,£14.99
T107337,CH022,P03,2025-01-03,2025-Q1,1,11.99
T107338,CH022,P02,2025-08-19,2025-Q3,2,£29.98
T107339,CH022,P06,2025-01-08,2025-Q1,1,£55
T107340,CH022,P05,2025-11-09,2025-Q4,1,15.99
T107341,CH022,P02,2025-06-07,2025-Q2,2,£29.98
T107342,CH022,P05,2025-11-03,2025-Q4,2,£31.98
T107343,CH022,P04,2025-05-20,2025-Q2,1,£16.99
T107344,CH022,P01,2025-09-01,2025-Q3,1,12.99
T107345,CH022,P04,2025-09-06,2025-Q3,1,£16.99
T107346,CH022,P02,2025-12-20,2025-Q4,1,£14.99
T107347,CH022,P03,2025-09-09,2025-Q3,1,£11.99
T107348,CH022,P02,2025-03-19,2025-Q1,1,£15
T107349,CH022,P01,2025-04-27,2025-Q2,1,£13
T107350,CH022,P04,2025-08-19,2025-Q3,3,50.97
T107351,CH022,P05,2025-10-27,2025-Q4,1,15.99
T107352,CH022,P01,2025-10-27,2025-Q4,1,£12.99
T107353,CH022,P03,2025-11-21,2025-Q4,1,11.99
T107354,CH022,P04,2025-12-16,2025-Q4,2,£33.98
T107355,CH022,P05,2025-11-07,2025-Q4,1,£16
T107356,CH022,P03,2025-10-14,2025-Q4,2,£23.98
T107357,CH023,P03,2024-01-24,2024-Q1,2,£23.98
T107358,CH023,P03,2024-03-16,2024-Q1,1,£11.99
T107359,CH023,P04,2024-07-18,2024-Q3,1,£16.99
T107360,CH023,P02,2024-05-18,2024-Q2,1,14.99
T107361,CH023,P01,2024-03-11,2024-Q1,1,£12.99
T107362,CH023,P04,2024-12-04,2024-Q4,1,16.99
T107363,CH023,P01,2024-09-16,2024-Q3,2,£25.98
T107364,CH023,P03,2024-11-07,2024-Q4,1,£11.99
T107365,CH023,P03,2024-04-09,2024-Q2,1,£12
T107366,CH023,P04,2024-09-03,2024-Q3,1,£17
T107367,CH023,P03,2024-07-08,2024-Q3,1,£11.99
T107368,CH023,P06,2024-04-08,2024-Q2,1,£54.99
T107369,CH023,P03,2024-01-28,2024-Q1,2,£23.98
T107370,CH023,P01,2024-11-14,2024-Q4,2,£25.98
T107371,CH023,P03,2024-04-11,2024-Q2,1,£11.99
T107372,CH023,P03,2024-02-07,2024-Q1,1,11.99
T107373,CH023,P03,2024-04-20,2024-Q2,1,£12
T107374,CH023,P04,2024-09-23,2024-Q3,1,16.99
T107375,CH023,P01,2024-06-09,2024-Q2,1,£12.99
T107376,CH023,P04,2024-01-12,2024-Q1,1,16.99
T107377,CH023,P06,2024-12-13,2024-Q4,1,£54.99
T107378,CH023,P01,2024-09-25,2024-Q3,2,25.98
T107379,CH023,P03,2024-11-09,2024-Q4,1,£11.99
T107380,CH023,P05,2024-02-25,2024-Q1,2,31.98
T107381,CH023,P02,2024-08-04,2024-Q3,1,£14.99
T107382,CH023,P02,2024-01-08,2024-Q1,2,29.98
T107383,CH023,P01,2024-11-07,2024-Q4,1,12.99
T107384,CH023,P02,2024-09-19,2024-Q3,2,£30
T107385,CH023,P02,2024-09-18,2024-Q3,1,£14.99
T107386,CH023,P03,2024-03-19,2024-Q1,1,£11.99
T107387,CH023,P01,2024-07-06,2024-Q3,1,£12.99
T107388,CH023,P02,2024-07-08,2024-Q3,1,£14.99
T107389,CH023,P06,2024-12-27,2024-Q4,1,54.99
T107390,CH023,P03,2024-02-01,2024-Q1,1,11.99
T107391,CH023,P02,2024-03-03,2024-Q1,2,£29.98
T107392,CH023,P04,2024-04-04,2024-Q2,1,£16.99
T107393,CH023,P02,2024-09-04,2024-Q3,2,£29.98
T107394,CH023,P02,2024-11-10,2024-Q4,2,£30
T107395,CH023,P04,2024-02-18,2024-Q1,2,33.98
T107396,CH023,P06,2024-02-12,2024-Q1,1,£55
T107397,CH023,P03,2024-03-20,2024-Q1,1,£11.99
T107398,CH023,P05,2024-01-17,2024-Q1,2,£31.98
T107399,CH023,P04,2024-12-23,2024-Q4,1,£16.99
T107400,CH023,P05,2024-07-11,2024-Q3,1,£15.99
T107401,CH023,P01,2024-11-11,2024-Q4,1,£13
T107402,CH023,P01,2024-02-15,2024-Q1,1,£12.99
T107403,CH023,P03,2024-10-09,2024-Q4,1,11.99
T107404,CH023,P03,2024-03-16,2024-Q1,2,23.98
T107405,CH023,P03,2024-02-23,2024-Q1,1,£11.99
T107406,CH023,P04,2024-03-09,2024-Q1,1,16.99
T107407,CH023,P04,2024-02-19,2024-Q1,1,£16.99
T107408,CH023,P01,2024-03-27,2024-Q1,2,£25.98
T107409,CH023,P06,2024-07-18,2024-Q3,1,54.99
T107410,CH023,P02,2024-10-10,2024-Q4,2,£29.98
T107411,CH023,P04,2024-03-26,2024-Q1,1,£16.99
T107412,CH023,P01,2024-04-20,2024-Q2,1,£13
T107413,CH023,P02,2024-07-09,2024-Q3,1,£15
T107414,CH023,P02,2024-06-21,2024-Q2,1,£14.99
T107415,CH023,P02,2024-08-09,2024-Q3,1,£14.99
T107416,CH023,P05,2024-01-19,2024-Q1,3,£47.97
T107417,CH023,P05,2024-12-09,2024-Q4,1,£15.99
T107418,CH023,P02,2024-02-18,2024-Q1,1,14.99
T107419,CH023,P04,2024-03-07,2024-Q1,1,£16.99
T107420,CH023,P01,2024-08-22,2024-Q3,1,£13
T107421,CH023,P02,2024-04-06,2024-Q2,1,14.99
T107422,CH023,P04,2024-09-15,2024-Q3,1,£16.99
T107423,CH023,P01,2024-12-22,2024-Q4,1,£13
T107424,CH023,P01,2024-02-26,2024-Q1,1,12.99
T107425,CH023,P01,2024-04-12,2024-Q2,2,£25.98
T107426,CH023,P01,2024-01-28,2024-Q1,2,£26
T107427,CH023,P01,2024-04-24,2024-Q2,1,£13
T107428,CH023,P02,2024-02-20,2024-Q1,1,£15
T107429,CH023,P03,2024-02-08,2024-Q1,2,£23.98
T107430,CH023,P03,2024-03-26,2024-Q1,1,£11.99
T107431,CH023,P04,2024-07-12,2024-Q3,2,33.98
T107432,CH023,P04,2024-10-09,2024-Q4,2,£33.98
T107433,CH023,P05,2024-11-01,2024-Q4,2,31.98
T107434,CH023,P03,2024-08-12,2024-Q3,2,£24
T107435,CH023,P03,2024-10-01,2024-Q4,1,£11.99
T107436,CH023,P01,2024-04-07,2024-Q2,2,£26
T107437,CH023,P04,2024-02-10,2024-Q1,1,£16.99
T107438,CH023,P02,2024-09-20,2024-Q3,1,£14.99
T107439,CH023,P01,2024-08-24,2024-Q3,1,£12.99
T107440,CH023,P03,2024-06-26,2024-Q2,1,£11.99
T107441,CH023,P03,2024-02-15,2024-Q1,1,£11.99
T107442,CH023,P02,2024-12-12,2024-Q4,2,£29.98
T107443,CH023,P03,2024-01-27,2024-Q1,1,£11.99
T107444,CH023,P03,2024-08-04,2024-Q3,1,£11.99
T107445,CH023,P02,2024-05-24,2024-Q2,1,£14.99
T107446,CH023,P02,2024-07-04,2024-Q3,2,29.98
T107447,CH023,P01,2024-05-12,2024-Q2,1,£13
T107448,CH023,P01,2024-02-02,2024-Q1,2,25.98
T107449,CH023,P05,2024-01-27,2024-Q1,1,£16
T107450,CH023,P03,2024-03-07,2024-Q1,1,£12
T107451,CH023,P05,2024-03-27,2024-Q1,1,£15.99
T107452,CH023,P02,2024-11-17,2024-Q4,1,£14.99
T107453,CH023,P04,2024-01-09,2024-Q1,3,£51
T107454,CH023,P04,2024-09-26,2024-Q3,1,£16.99
T107455,CH023,P05,2024-01-27,2024-Q1,3,£47.97
T107456,CH023,P02,2024-09-21,2024-Q3,1,£14.99
T107457,CH023,P01,2024-10-09,2024-Q4,1,£12.99
T107458,CH023,P01,2024-12-23,2024-Q4,1,12.99
T107459,CH023,P06,2024-09-22,2024-Q3,1,£54.99
T107460,CH023,P01,2024-11-09,2024-Q4,2,25.98
T107461,CH023,P05,2024-01-23,2024-Q1,1,£15.99
T107462,CH023,P03,2024-01-27,2024-Q1,2,£23.98
T107463,CH023,P03,2024-10-02,2024-Q4,1,11.99
T107464,CH023,P03,2024-12-02,2024-Q4,1,11.99
T107465,CH023,P01,2024-12-01,2024-Q4,3,£38.97
T107466,CH023,P03,2024-04-01,2024-Q2,2,£23.98
T107467,CH023,P03,2024-03-01,2024-Q1,3,£35.97
T107468,CH023,P01,2024-07-10,2024-Q3,1,£12.99
T107469,CH023,P02,2024-05-14,2024-Q2,2,£29.98
T107470,CH023,P04,2024-09-06,2024-Q3,2,£33.98
T107471,CH023,P04,2024-03-11,2024-Q1,2,£33.98
T107472,CH023,P05,2024-12-06,2024-Q4,3,£48
T107473,CH023,P01,2024-05-03,2024-Q2,1,12.99
T107474,CH023,P03,2024-05-14,2024-Q2,1,£12
T107475,CH023,P01,2024-07-02,2024-Q3,1,£13
T107476,CH023,P05,2024-09-06,2024-Q3,1,£15.99
T107477,CH023,P02,2024-02-12,2024-Q1,1,£14.99
T107478,CH023,P03,2024-10-18,2024-Q4,1,£12
T107479,CH023,P01,2024-06-23,2024-Q2,3,38.97
T107480,CH023,P06,2024-07-03,2024-Q3,1,£54.99
T107481,CH023,P01,2024-01-10,2024-Q1,1,£12.99
T107482,CH023,P05,2024-07-11,2024-Q3,2,£31.98
T107483,CH023,P03,2024-12-22,2024-Q4,1,£12
T107484,CH023,P02,2024-03-20,2024-Q1,1,£15
T107485,CH023,P01,2024-05-07,2024-Q2,1,12.99
T107486,CH023,P05,2024-11-05,2024-Q4,1,£15.99
T107487,CH023,P03,2024-04-09,2024-Q2,1,11.99
T107488,CH023,P01,2024-11-15,2024-Q4,1,£12.99
T107489,CH023,P04,2024-05-22,2024-Q2,1,£16.99
T107490,CH023,P02,2024-08-19,2024-Q3,1,14.99
T107491,CH023,P01,2024-09-10,2024-Q3,1,£13
T107492,CH023,P03,2024-02-09,2024-Q1,1,£11.99
T107493,CH023,P05,2024-11-04,2024-Q4,1,£16
T107494,CH023,P04,2024-06-06,2024-Q2,3,£50.97
T107495,CH023,P03,2024-01-19,2024-Q1,1,£11.99
T107496,CH023,P01,2024-06-28,2024-Q2,1,£12.99
T107497,CH023,P03,2024-03-13,2024-Q1,2,£24
T107498,CH023,P04,2024-05-12,2024-Q2,1,£17
T107499,CH023,P04,2024-09-21,2024-Q3,3,£50.97
T107500,CH023,P01,2024-07-16,2024-Q3,1,£12.99
T107501,CH023,P04,2024-07-05,2024-Q3,1,£16.99
T107502,CH023,P03,2024-08-14,2024-Q3,1,£11.99
T107503,CH023,P04,2024-08-11,2024-Q3,1,£16.99
T107504,CH023,P05,2024-05-04,2024-Q2,1,15.99
T107505,CH023,P03,2024-05-13,2024-Q2,2,£23.98
T107506,CH023,P04,2024-04-23,2024-Q2,2,£34
T107507,CH023,P03,2024-08-21,2024-Q3,1,£11.99
T107508,CH023,P01,2024-07-19,2024-Q3,1,£13
T107509,CH023,P04,2024-04-26,2024-Q2,1,16.99
T107510,CH023,P03,2024-08-07,2024-Q3,1,11.99
T107511,CH023,P04,2024-02-18,2024-Q1,1,£16.99
T107512,CH023,P03,2025-10-23,2025-Q4,1,£11.99
T107513,CH023,P01,2025-11-15,2025-Q4,1,12.99
T107514,CH023,P04,2025-01-12,2025-Q1,1,£16.99
T107515,CH023,P03,2025-06-19,2025-Q2,1,£11.99
T107516,CH023,P02,2025-01-28,2025-Q1,2,£29.98
T107517,CH023,P02,2025-10-19,2025-Q4,1,£15
T107518,CH023,P03,2025-09-07,2025-Q3,1,£11.99
T107519,CH023,P03,2025-01-08,2025-Q1,1,11.99
T107520,CH023,P01,2025-12-20,2025-Q4,1,12.99
T107521,CH023,P05,2025-01-27,2025-Q1,1,£15.99
T107522,CH023,P05,2025-11-16,2025-Q4,1,£16
T107523,CH023,P03,2025-04-22,2025-Q2,3,£35.97
T107524,CH023,P03,2025-07-07,2025-Q3,1,£11.99
T107525,CH023,P04,2025-11-14,2025-Q4,2,£33.98
T107526,CH023,P02,2025-11-15,2025-Q4,1,£14.99
T107527,CH023,P04,2025-05-23,2025-Q2,1,16.99
T107528,CH023,P06,2025-06-25,2025-Q2,1,£54.99
T107529,CH023,P05,2025-02-17,2025-Q1,2,£32
T107530,CH023,P02,2025-11-12,2025-Q4,1,£14.99
T107531,CH023,P04,2025-12-13,2025-Q4,1,£17
T107532,CH023,P03,2025-08-25,2025-Q3,1,£11.99
T107533,CH023,P03,2025-07-05,2025-Q3,1,11.99
T107534,CH023,P01,2025-02-03,2025-Q1,1,£13
T107535,CH023,P05,2025-12-19,2025-Q4,2,£31.98
T107536,CH023,P03,2025-09-16,2025-Q3,1,£11.99
T107537,CH023,P04,2025-08-05,2025-Q3,1,£17
T107538,CH023,P04,2025-02-24,2025-Q1,3,50.97
T107539,CH023,P02,2025-05-25,2025-Q2,2,£29.98
T107540,CH023,P02,2025-03-02,2025-Q1,3,44.97
T107541,CH023,P01,2025-04-22,2025-Q2,1,£13
T107542,CH023,P05,2025-04-20,2025-Q2,2,£31.98
T107543,CH023,P05,2025-03-01,2025-Q1,1,£15.99
T107544,CH023,P01,2025-07-20,2025-Q3,2,£25.98
T107545,CH023,P05,2025-04-18,2025-Q2,1,£16
T107546,CH023,P01,2025-11-22,2025-Q4,3,£39
T107547,CH023,P02,2025-11-14,2025-Q4,1,£14.99
T107548,CH023,P01,2025-01-13,2025-Q1,1,£12.99
T107549,CH023,P06,2025-05-22,2025-Q2,2,£109.98
T107550,CH023,P03,2025-11-08,2025-Q4,1,£11.99
T107551,CH023,P05,2025-05-07,2025-Q2,3,£48
T107552,CH023,P05,2025-11-12,2025-Q4,2,£31.98
T107553,CH023,P01,2025-05-06,2025-Q2,3,£38.97
T107554,CH023,P06,2025-12-12,2025-Q4,2,£109.98
T107555,CH023,P04,2025-05-26,2025-Q2,1,£17
T107556,CH023,P01,2025-09-26,2025-Q3,3,£38.97
T107557,CH023,P06,2025-09-14,2025-Q3,1,£54.99
T107558,CH023,P03,2025-04-12,2025-Q2,1,£11.99
T107559,CH023,P04,2025-01-11,2025-Q1,1,£17
T107560,CH023,P04,2025-05-01,2025-Q2,1,16.99
T107561,CH023,P01,2025-04-08,2025-Q2,2,£26
T107562,CH023,P04,2025-11-24,2025-Q4,1,£16.99
T107563,CH023,P01,2025-10-28,2025-Q4,1,£13
T107564,CH023,P04,2025-07-23,2025-Q3,1,£16.99
T107565,CH023,P03,2025-12-06,2025-Q4,1,£12
T107566,CH023,P03,2025-10-26,2025-Q4,1,11.99
T107567,CH023,P02,2025-02-22,2025-Q1,1,£15
T107568,CH023,P02,2025-04-11,2025-Q2,1,14.99
T107569,CH023,P06,2025-05-14,2025-Q2,2,£110
T107570,CH023,P01,2025-08-16,2025-Q3,1,12.99
T107571,CH023,P03,2025-02-12,2025-Q1,1,£11.99
T107572,CH023,P02,2025-04-09,2025-Q2,3,£45
T107573,CH023,P01,2025-10-05,2025-Q4,2,25.98
T107574,CH023,P01,2025-11-17,2025-Q4,1,£13
T107575,CH023,P01,2025-01-09,2025-Q1,1,£13
T107576,CH023,P04,2025-05-17,2025-Q2,1,16.99
T107577,CH023,P03,2025-06-13,2025-Q2,1,£11.99
T107578,CH023,P02,2025-09-16,2025-Q3,1,14.99
T107579,CH023,P05,2025-12-14,2025-Q4,2,£31.98
T107580,CH023,P02,2025-01-17,2025-Q1,1,£14.99
T107581,CH023,P04,2025-05-28,2025-Q2,2,£34
T107582,CH023,P04,2025-12-24,2025-Q4,2,£33.98
T107583,CH023,P03,2025-09-06,2025-Q3,1,£11.99
T107584,CH023,P05,2025-01-07,2025-Q1,1,£15.99
T107585,CH023,P01,2025-03-23,2025-Q1,1,£13
T107586,CH023,P01,2025-08-19,2025-Q3,1,£12.99
T107587,CH023,P05,2025-02-08,2025-Q1,1,£15.99
T107588,CH023,P03,2025-06-15,2025-Q2,1,£11.99
T107589,CH023,P04,2025-07-12,2025-Q3,1,£16.99
T107590,CH023,P05,2025-10-14,2025-Q4,1,£16
T107591,CH023,P01,2025-11-01,2025-Q4,1,£12.99
T107592,CH023,P01,2025-12-12,2025-Q4,3,£39
T107593,CH023,P01,2025-06-14,2025-Q2,1,12.99
T107594,CH023,P02,2025-04-15,2025-Q2,1,£14.99
T107595,CH023,P04,2025-04-10,2025-Q2,2,£33.98
T107596,CH023,P03,2025-05-12,2025-Q2,2,£23.98
T107597,CH023,P04,2025-07-15,2025-Q3,2,33.98
T107598,CH023,P01,2025-11-22,2025-Q4,1,£12.99
T107599,CH023,P03,2025-10-23,2025-Q4,1,11.99
T107600,CH023,P01,2025-12-27,2025-Q4,2,25.98
T107601,CH023,P01,2025-06-22,2025-Q2,1,£12.99
T107602,CH023,P04,2025-06-23,2025-Q2,1,£17
T107603,CH023,P01,2025-02-27,2025-Q1,1,12.99
T107604,CH023,P01,2025-08-24,2025-Q3,1,£12.99
T107605,CH023,P06,2025-03-25,2025-Q1,1,54.99
T107606,CH023,P04,2025-07-14,2025-Q3,2,£33.98
T107607,CH023,P05,2025-02-10,2025-Q1,2,£31.98
T107608,CH023,P01,2025-11-11,2025-Q4,1,£12.99
T107609,CH023,P02,2025-02-22,2025-Q1,1,£14.99
T107610,CH023,P01,2025-05-05,2025-Q2,1,£12.99
T107611,CH023,P03,2025-04-23,2025-Q2,1,11.99
T107612,CH023,P02,2025-08-02,2025-Q3,2,29.98
T107613,CH023,P04,2025-08-28,2025-Q3,2,£33.98
T107614,CH023,P02,2025-12-21,2025-Q4,2,£29.98
T107615,CH023,P01,2025-08-10,2025-Q3,1,£12.99
T107616,CH023,P05,2025-09-18,2025-Q3,1,15.99
T107617,CH023,P02,2025-09-22,2025-Q3,1,£15
T107618,CH023,P01,2025-10-08,2025-Q4,1,£12.99
T107619,CH023,P01,2025-10-17,2025-Q4,2,25.98
T107620,CH023,P01,2025-06-20,2025-Q2,1,12.99
T107621,CH023,P03,2025-11-23,2025-Q4,1,11.99
T107622,CH023,P01,2025-02-11,2025-Q1,1,12.99
T107623,CH023,P02,2025-12-26,2025-Q4,1,14.99
T107624,CH023,P01,2025-10-09,2025-Q4,1,£12.99
T107625,CH023,P03,2025-09-27,2025-Q3,1,£11.99
T107626,CH023,P04,2025-07-06,2025-Q3,1,£16.99
T107627,CH023,P03,2025-11-23,2025-Q4,2,£23.98
T107628,CH023,P04,2025-08-25,2025-Q3,1,£16.99
T107629,CH023,P03,2025-09-03,2025-Q3,2,£24
T107630,CH023,P03,2025-10-26,2025-Q4,1,£11.99
T107631,CH023,P04,2025-07-22,2025-Q3,3,£50.97
T107632,CH023,P06,2025-02-04,2025-Q1,1,£55
T107633,CH023,P04,2025-05-12,2025-Q2,1,16.99
T107634,CH023,P02,2025-02-15,2025-Q1,1,£14.99
T107635,CH023,P05,2025-11-10,2025-Q4,1,£15.99
T107636,CH023,P01,2025-02-18,2025-Q1,1,12.99
T107637,CH023,P03,2025-05-21,2025-Q2,1,£12
T107638,CH023,P01,2025-02-10,2025-Q1,1,£13
T107639,CH023,P03,2025-02-28,2025-Q1,1,£12
T107640,CH023,P04,2025-09-10,2025-Q3,3,£50.97
T107641,CH023,P03,2025-06-27,2025-Q2,1,£11.99
T107642,CH023,P01,2025-09-25,2025-Q3,1,12.99
T107643,CH023,P05,2025-03-16,2025-Q1,2,31.98
T107644,CH023,P03,2025-10-11,2025-Q4,1,£11.99
T107645,CH023,P03,2025-01-27,2025-Q1,1,£12
T107646,CH023,P04,2025-01-12,2025-Q1,1,£16.99
T107647,CH023,P04,2025-10-12,2025-Q4,1,16.99
T107648,CH023,P05,2025-06-26,2025-Q2,1,£15.99
T107649,CH023,P03,2025-02-08,2025-Q1,3,£35.97
T107650,CH023,P05,2025-12-04,2025-Q4,1,£15.99
T107651,CH023,P02,2025-07-10,2025-Q3,1,14.99
T107652,CH023,P05,2025-10-16,2025-Q4,1,£16
T107653,CH023,P01,2025-09-09,2025-Q3,1,12.99
T107654,CH023,P02,2025-06-18,2025-Q2,3,44.97
T107655,CH023,P03,2025-12-03,2025-Q4,1,£11.99
T107656,CH023,P01,2025-07-08,2025-Q3,1,12.99
T107657,CH023,P06,2025-01-01,2025-Q1,1,£55
T107658,CH023,P03,2025-12-28,2025-Q4,1,£12
T107659,CH023,P05,2025-04-02,2025-Q2,2,£31.98
T107660,CH023,P05,2025-05-24,2025-Q2,1,£15.99
T107661,CH023,P02,2025-12-01,2025-Q4,2,£29.98
T107662,CH023,P05,2025-05-02,2025-Q2,1,£16
T107663,CH023,P04,2025-01-24,2025-Q1,3,50.97
T107664,CH023,P01,2025-05-17,2025-Q2,2,£26
T107665,CH023,P01,2025-02-23,2025-Q1,1,£12.99
T107666,CH023,P01,2025-05-25,2025-Q2,1,£12.99
T107667,CH023,P01,2025-06-02,2025-Q2,3,£39
T107668,CH023,P05,2025-01-09,2025-Q1,1,£15.99
T107669,CH023,P01,2025-08-22,2025-Q3,1,12.99
T107670,CH023,P03,2025-03-07,2025-Q1,3,£35.97
T107671,CH023,P01,2025-10-14,2025-Q4,2,£25.98
T107672,CH023,P05,2025-07-25,2025-Q3,1,15.99
T107673,CH023,P04,2025-04-04,2025-Q2,2,£33.98
T107674,CH023,P04,2025-06-04,2025-Q2,1,£16.99
T107675,CH023,P06,2025-11-14,2025-Q4,1,54.99
T107676,CH023,P01,2025-04-05,2025-Q2,1,£12.99
T107677,CH023,P03,2025-10-02,2025-Q4,1,£11.99
T107678,CH023,P04,2025-11-04,2025-Q4,1,£16.99
T107679,CH023,P05,2025-11-22,2025-Q4,2,£31.98
T107680,CH023,P02,2025-10-06,2025-Q4,1,£14.99
T107681,CH023,P02,2025-10-08,2025-Q4,3,£45
T107682,CH023,P06,2025-10-17,2025-Q4,3,£165
T107683,CH023,P03,2025-03-22,2025-Q1,2,£23.98
T107684,CH023,P01,2025-03-25,2025-Q1,1,£12.99
T107685,CH023,P03,2025-05-03,2025-Q2,1,£11.99
T107686,CH023,P02,2025-04-18,2025-Q2,3,£44.97
T107687,CH023,P05,2025-01-03,2025-Q1,2,31.98
T107688,CH023,P04,2025-03-14,2025-Q1,2,33.98
T107689,CH023,P02,2025-12-10,2025-Q4,3,44.97
T107690,CH023,P01,2025-06-17,2025-Q2,1,£12.99
T107691,CH023,P01,2025-02-20,2025-Q1,1,£12.99
T107692,CH023,P05,2025-06-25,2025-Q2,1,£15.99
T107693,CH023,P01,2025-08-18,2025-Q3,2,25.98
T107694,CH023,P01,2025-11-18,2025-Q4,2,£25.98
T107695,CH023,P05,2025-03-27,2025-Q1,1,15.99
T107696,CH023,P01,2025-08-12,2025-Q3,3,£38.97
T107697,CH023,P04,2025-09-27,2025-Q3,2,£33.98
T107698,CH023,P02,2025-09-27,2025-Q3,1,£14.99
T107699,CH023,P04,2025-08-06,2025-Q3,1,£17
T107700,CH023,P05,2025-07-22,2025-Q3,1,£16
T107701,CH023,P04,2025-04-26,2025-Q2,1,£16.99
T107702,CH023,P03,2025-05-13,2025-Q2,1,£11.99
T107703,CH023,P02,2025-12-12,2025-Q4,1,£14.99
T107704,CH023,P04,2025-06-21,2025-Q2,1,£17
T107705,CH023,P06,2025-05-18,2025-Q2,1,£54.99
T107706,CH023,P05,2025-04-21,2025-Q2,2,£31.98
T107707,CH023,P02,2025-01-05,2025-Q1,2,29.98
T107708,CH023,P05,2025-06-17,2025-Q2,1,15.99
T107709,CH023,P03,2025-02-20,2025-Q1,2,£23.98
T107710,CH023,P04,2025-04-09,2025-Q2,2,£33.98
T107711,CH023,P02,2025-06-18,2025-Q2,1,£14.99
T107712,CH023,P04,2025-12-14,2025-Q4,1,£16.99
T107713,CH023,P01,2025-04-13,2025-Q2,1,£12.99
T107714,CH023,P02,2025-06-12,2025-Q2,1,£15
T107715,CH023,P02,2025-06-07,2025-Q2,1,£14.99
T107716,CH023,P03,2025-12-25,2025-Q4,1,11.99
T107717,CH023,P05,2025-10-10,2025-Q4,1,£15.99
T107718,CH023,P01,2025-09-24,2025-Q3,1,£12.99
T107719,CH023,P04,2025-12-20,2025-Q4,1,£17
T107720,CH023,P03,2025-04-15,2025-Q2,1,11.99
T107721,CH023,P02,2025-02-20,2025-Q1,3,£44.97
T107722,CH023,P04,2025-11-07,2025-Q4,3,£51
T107723,CH023,P03,2025-10-10,2025-Q4,2,£23.98
T107724,CH023,P02,2025-05-28,2025-Q2,1,£14.99
T107725,CH023,P04,2025-03-20,2025-Q1,2,£34
T107726,CH023,P01,2025-03-12,2025-Q1,3,38.97
T107727,CH023,P02,2025-08-11,2025-Q3,1,£15
T107728,CH023,P05,2025-05-25,2025-Q2,2,£31.98
T107729,CH023,P03,2025-12-14,2025-Q4,3,35.97
T107730,CH023,P04,2025-09-07,2025-Q3,1,£17
T107731,CH023,P06,2025-02-18,2025-Q1,1,54.99
T107732,CH023,P02,2025-01-26,2025-Q1,1,£15
T107733,CH023,P03,2025-10-08,2025-Q4,1,11.99
T107734,CH023,P01,2025-10-06,2025-Q4,2,£26
T107735,CH023,P05,2025-10-08,2025-Q4,1,£16
T107736,CH023,P01,2025-12-04,2025-Q4,1,£12.99
T107737,CH023,P01,2025-02-16,2025-Q1,1,£12.99
T107738,CH023,P03,2025-06-09,2025-Q2,2,£23.98
T107739,CH024,P01,2024-03-07,2024-Q1,1,£12.99
T107740,CH024,P04,2024-11-09,2024-Q4,3,£50.97
T107741,CH024,P01,2024-09-16,2024-Q3,1,£13
T107742,CH024,P01,2024-04-10,2024-Q2,1,£12.99
T107743,CH024,P01,2024-04-09,2024-Q2,2,£25.98
T107744,CH024,P05,2024-12-19,2024-Q4,1,15.99
T107745,CH024,P01,2024-01-03,2024-Q1,1,12.99
T107746,CH024,P06,2024-07-08,2024-Q3,1,54.99
T107747,CH024,P01,2024-08-22,2024-Q3,1,£12.99
T107748,CH024,P02,2024-06-04,2024-Q2,1,£14.99
T107749,CH024,P02,2024-07-22,2024-Q3,1,£14.99
T107750,CH024,P03,2024-06-18,2024-Q2,1,£12
T107751,CH024,P05,2024-02-06,2024-Q1,1,£15.99
T107752,CH024,P05,2024-05-16,2024-Q2,2,£32
T107753,CH024,P02,2024-10-15,2024-Q4,2,£29.98
T107754,CH024,P01,2024-10-28,2024-Q4,1,£12.99
T107755,CH024,P03,2024-09-13,2024-Q3,2,£23.98
T107756,CH024,P02,2024-11-18,2024-Q4,1,£15
T107757,CH024,P02,2024-03-12,2024-Q1,2,29.98
T107758,CH024,P04,2024-12-05,2024-Q4,2,£33.98
T107759,CH024,P02,2024-03-03,2024-Q1,1,14.99
T107760,CH024,P03,2024-07-28,2024-Q3,1,£11.99
T107761,CH024,P04,2024-04-02,2024-Q2,1,£16.99
T107762,CH024,P01,2024-04-03,2024-Q2,1,£12.99
T107763,CH024,P03,2024-03-13,2024-Q1,3,£35.97
T107764,CH024,P04,2024-09-23,2024-Q3,3,£50.97
T107765,CH024,P05,2024-11-12,2024-Q4,1,15.99
T107766,CH024,P02,2024-02-09,2024-Q1,1,£15
T107767,CH024,P03,2024-12-27,2024-Q4,1,£12
T107768,CH024,P02,2024-05-02,2024-Q2,3,£44.97
T107769,CH024,P02,2024-04-14,2024-Q2,1,£14.99
T107770,CH024,P01,2024-06-05,2024-Q2,3,£38.97
T107771,CH024,P03,2024-06-12,2024-Q2,1,£11.99
T107772,CH024,P01,2024-12-11,2024-Q4,2,£26
T107773,CH024,P02,2024-04-28,2024-Q2,2,£29.98
T107774,CH024,P01,2024-04-24,2024-Q2,1,12.99
T107775,CH024,P06,2024-06-18,2024-Q2,1,£54.99
T107776,CH024,P06,2024-06-15,2024-Q2,1,£54.99
T107777,CH024,P03,2024-03-08,2024-Q1,1,£11.99
T107778,CH024,P03,2025-06-12,2025-Q2,2,£24
T107779,CH024,P03,2025-02-08,2025-Q1,1,£11.99
T107780,CH024,P02,2025-05-11,2025-Q2,1,£14.99
T107781,CH024,P02,2025-03-02,2025-Q1,1,£14.99
T107782,CH024,P03,2025-01-28,2025-Q1,1,11.99
T107783,CH024,P04,2025-07-17,2025-Q3,1,16.99
T107784,CH024,P05,2025-01-24,2025-Q1,1,15.99
T107785,CH024,P03,2025-04-17,2025-Q2,3,£35.97
T107786,CH024,P04,2025-12-26,2025-Q4,1,£17
T107787,CH024,P02,2025-02-06,2025-Q1,2,29.98
T107788,CH024,P03,2025-12-07,2025-Q4,1,11.99
T107789,CH024,P04,2025-01-18,2025-Q1,2,33.98
T107790,CH024,P06,2025-02-14,2025-Q1,1,£54.99
T107791,CH024,P01,2025-05-25,2025-Q2,1,12.99
T107792,CH024,P05,2025-02-05,2025-Q1,1,£15.99
T107793,CH024,P04,2025-09-21,2025-Q3,1,£16.99
T107794,CH024,P01,2025-04-09,2025-Q2,1,£12.99
T107795,CH024,P01,2025-10-26,2025-Q4,1,£12.99
T107796,CH024,P03,2025-10-16,2025-Q4,2,£23.98
T107797,CH024,P05,2025-11-01,2025-Q4,1,15.99
T107798,CH024,P03,2025-06-25,2025-Q2,1,£11.99
T107799,CH024,P05,2025-02-03,2025-Q1,1,£15.99
T107800,CH024,P01,2025-11-13,2025-Q4,1,£13
T107801,CH024,P02,2025-03-26,2025-Q1,1,14.99
T107802,CH024,P04,2025-02-28,2025-Q1,1,£16.99
T107803,CH024,P03,2025-10-20,2025-Q4,1,£11.99
T107804,CH024,P01,2025-10-27,2025-Q4,2,£26
T107805,CH024,P02,2025-03-19,2025-Q1,1,£15
T107806,CH024,P04,2025-09-28,2025-Q3,2,33.98
T107807,CH024,P06,2025-02-03,2025-Q1,1,54.99
T107808,CH024,P02,2025-03-04,2025-Q1,3,44.97
T107809,CH024,P01,2025-04-07,2025-Q2,2,£25.98
T107810,CH024,P03,2025-02-22,2025-Q1,1,£12
T107811,CH024,P03,2025-04-21,2025-Q2,1,£12
T107812,CH024,P01,2025-09-17,2025-Q3,3,£38.97
T107813,CH024,P03,2025-10-14,2025-Q4,3,£35.97
T107814,CH024,P01,2025-10-28,2025-Q4,1,£12.99
T107815,CH024,P03,2025-05-22,2025-Q2,1,£11.99
T107816,CH024,P01,2025-04-13,2025-Q2,1,£12.99
T107817,CH024,P05,2025-07-01,2025-Q3,1,£15.99
T107818,CH024,P01,2025-01-09,2025-Q1,1,£13
T107819,CH024,P04,2025-12-19,2025-Q4,3,£50.97
T107820,CH024,P04,2025-08-13,2025-Q3,1,16.99
T107821,CH024,P01,2025-11-18,2025-Q4,2,£25.98
T107822,CH024,P05,2025-02-10,2025-Q1,1,£15.99
T107823,CH024,P05,2025-07-26,2025-Q3,1,15.99
T107824,CH024,P03,2025-04-06,2025-Q2,2,£23.98
T107825,CH024,P04,2025-06-16,2025-Q2,1,£16.99
T107826,CH024,P03,2025-04-05,2025-Q2,1,£11.99
T107827,CH024,P06,2025-09-10,2025-Q3,1,£54.99
T107828,CH025,P03,2024-12-18,2024-Q4,1,11.99
T107829,CH025,P03,2024-11-15,2024-Q4,1,11.99
T107830,CH025,P04,2024-09-21,2024-Q3,1,16.99
T107831,CH025,P03,2024-01-17,2024-Q1,1,11.99
T107832,CH025,P01,2024-12-03,2024-Q4,2,£25.98
T107833,CH025,P04,2024-09-07,2024-Q3,2,£33.98
T107834,CH025,P05,2024-03-13,2024-Q1,1,£15.99
T107835,CH025,P06,2024-06-24,2024-Q2,1,£54.99
T107836,CH025,P05,2024-01-28,2024-Q1,3,£47.97
T107837,CH025,P02,2024-08-10,2024-Q3,1,£14.99
T107838,CH025,P04,2024-05-09,2024-Q2,1,16.99
T107839,CH025,P02,2024-03-08,2024-Q1,1,£14.99
T107840,CH025,P04,2024-09-25,2024-Q3,3,£51
T107841,CH025,P05,2024-06-12,2024-Q2,1,£16
T107842,CH025,P03,2024-09-07,2024-Q3,2,£24
T107843,CH025,P03,2024-10-25,2024-Q4,2,£23.98
T107844,CH025,P03,2024-11-25,2024-Q4,1,£11.99
T107845,CH025,P02,2024-02-26,2024-Q1,1,£14.99
T107846,CH025,P02,2024-12-19,2024-Q4,3,£44.97
T107847,CH025,P04,2024-09-19,2024-Q3,1,16.99
T107848,CH025,P05,2024-05-22,2024-Q2,3,£47.97
T107849,CH025,P06,2024-07-26,2024-Q3,1,54.99
T107850,CH025,P06,2024-04-09,2024-Q2,1,£55
T107851,CH025,P03,2024-10-05,2024-Q4,1,£11.99
T107852,CH025,P01,2024-09-10,2024-Q3,1,£12.99
T107853,CH025,P05,2024-12-16,2024-Q4,1,£16
T107854,CH025,P06,2024-09-16,2024-Q3,1,£54.99
T107855,CH025,P02,2024-01-14,2024-Q1,3,£44.97
T107856,CH025,P04,2024-08-25,2024-Q3,1,16.99
T107857,CH025,P03,2024-03-20,2024-Q1,1,£11.99
T107858,CH025,P04,2024-05-03,2024-Q2,1,£16.99
T107859,CH025,P01,2024-01-11,2024-Q1,2,£25.98
T107860,CH025,P02,2024-04-07,2024-Q2,2,£29.98
T107861,CH025,P06,2024-04-28,2024-Q2,1,54.99
T107862,CH025,P04,2024-02-18,2024-Q1,2,£33.98
T107863,CH025,P03,2024-02-09,2024-Q1,1,£11.99
T107864,CH025,P02,2024-04-16,2024-Q2,2,£29.98
T107865,CH025,P03,2024-10-14,2024-Q4,1,11.99
T107866,CH025,P01,2024-01-06,2024-Q1,2,£25.98
T107867,CH025,P05,2024-07-12,2024-Q3,2,£31.98
T107868,CH025,P02,2024-09-25,2024-Q3,1,£14.99
T107869,CH025,P05,2024-05-25,2024-Q2,1,15.99
T107870,CH025,P02,2024-02-26,2024-Q1,1,£15
T107871,CH025,P06,2025-03-22,2025-Q1,1,£54.99
T107872,CH025,P01,2025-04-04,2025-Q2,1,12.99
T107873,CH025,P04,2025-08-27,2025-Q3,1,16.99
T107874,CH025,P01,2025-02-26,2025-Q1,1,£12.99
T107875,CH025,P03,2025-05-25,2025-Q2,1,£11.99
T107876,CH025,P02,2025-06-06,2025-Q2,1,£14.99
T107877,CH025,P02,2025-06-26,2025-Q2,1,£14.99
T107878,CH025,P05,2025-04-14,2025-Q2,2,£31.98
T107879,CH025,P03,2025-06-16,2025-Q2,1,11.99
T107880,CH025,P03,2025-10-18,2025-Q4,1,£11.99
T107881,CH025,P01,2025-09-18,2025-Q3,1,£12.99
T107882,CH025,P03,2025-10-17,2025-Q4,1,£11.99
T107883,CH025,P05,2025-09-04,2025-Q3,2,31.98
T107884,CH025,P01,2025-08-10,2025-Q3,1,12.99
T107885,CH025,P01,2025-11-27,2025-Q4,1,£12.99
T107886,CH025,P02,2025-10-11,2025-Q4,3,£44.97
T107887,CH025,P02,2025-03-28,2025-Q1,1,£14.99
T107888,CH025,P05,2025-09-06,2025-Q3,1,15.99
T107889,CH025,P05,2025-10-20,2025-Q4,1,£15.99
T107890,CH025,P02,2025-01-28,2025-Q1,1,£14.99
T107891,CH025,P05,2025-07-09,2025-Q3,1,15.99
T107892,CH025,P05,2025-04-03,2025-Q2,2,£32
T107893,CH025,P02,2025-05-19,2025-Q2,2,£29.98
T107894,CH025,P01,2025-02-08,2025-Q1,1,£12.99
T107895,CH025,P03,2025-04-27,2025-Q2,1,£11.99
T107896,CH025,P04,2025-01-14,2025-Q1,1,£16.99
T107897,CH025,P03,2025-01-13,2025-Q1,1,£11.99
T107898,CH025,P05,2025-05-07,2025-Q2,1,£16
T107899,CH025,P04,2025-07-18,2025-Q3,1,£17
T107900,CH025,P01,2025-12-09,2025-Q4,1,12.99
T107901,CH025,P05,2025-07-27,2025-Q3,1,15.99
T107902,CH025,P01,2025-02-18,2025-Q1,2,£26
T107903,CH025,P05,2025-02-11,2025-Q1,3,£48
T107904,CH025,P01,2025-09-10,2025-Q3,1,12.99
T107905,CH025,P01,2025-04-14,2025-Q2,2,£25.98
T107906,CH025,P03,2025-04-20,2025-Q2,1,£11.99
T107907,CH025,P05,2025-01-03,2025-Q1,1,£16
T107908,CH025,P04,2025-07-07,2025-Q3,2,£33.98
T107909,CH025,P03,2025-07-06,2025-Q3,1,£11.99
T107910,CH025,P02,2025-03-16,2025-Q1,1,£14.99
T107911,CH025,P03,2025-07-24,2025-Q3,1,£12
T107912,CH025,P01,2025-02-07,2025-Q1,2,25.98
T107913,CH025,P02,2025-02-23,2025-Q1,2,£29.98
T107914,CH025,P02,2025-09-20,2025-Q3,1,£14.99
T107915,CH025,P05,2025-02-11,2025-Q1,1,£16
T107916,CH025,P01,2025-01-07,2025-Q1,2,£26
T107917,CH025,P06,2025-08-12,2025-Q3,2,£109.98
T107918,CH025,P03,2025-03-22,2025-Q1,2,£23.98
T107919,CH025,P01,2025-12-26,2025-Q4,1,12.99
T107920,CH025,P01,2025-05-19,2025-Q2,2,25.98
T107921,CH025,P06,2025-08-08,2025-Q3,2,£110
T107922,CH025,P05,2025-01-20,2025-Q1,2,£31.98
T107923,CH026,P01,2024-04-06,2024-Q2,1,£13
T107924,CH026,P04,2024-02-26,2024-Q1,1,£16.99
T107925,CH026,P02,2024-07-04,2024-Q3,3,£44.97
T107926,CH026,P04,2024-03-08,2024-Q1,1,£16.99
T107927,CH026,P01,2024-03-04,2024-Q1,1,£12.99
T107928,CH026,P01,2024-01-02,2024-Q1,1,£12.99
T107929,CH026,P02,2024-03-15,2024-Q1,2,£30
T107930,CH026,P05,2024-11-28,2024-Q4,1,£15.99
T107931,CH026,P04,2024-05-13,2024-Q2,2,33.98
T107932,CH026,P01,2024-01-24,2024-Q1,1,12.99
T107933,CH026,P01,2024-11-16,2024-Q4,1,£12.99
T107934,CH026,P01,2024-02-09,2024-Q1,2,£25.98
T107935,CH026,P04,2024-03-04,2024-Q1,1,£16.99
T107936,CH026,P01,2024-12-05,2024-Q4,1,£13
T107937,CH026,P02,2024-02-25,2024-Q1,1,£14.99
T107938,CH026,P03,2024-08-20,2024-Q3,1,£12
T107939,CH026,P05,2024-01-04,2024-Q1,2,£31.98
T107940,CH026,P03,2024-08-02,2024-Q3,1,£11.99
T107941,CH026,P02,2024-01-04,2024-Q1,2,29.98
T107942,CH026,P04,2024-08-19,2024-Q3,1,£16.99
T107943,CH026,P01,2024-09-19,2024-Q3,2,25.98
T107944,CH026,P01,2024-03-03,2024-Q1,1,£12.99
T107945,CH026,P01,2024-01-03,2024-Q1,1,£12.99
T107946,CH026,P05,2024-10-15,2024-Q4,3,£47.97
T107947,CH026,P01,2024-10-13,2024-Q4,1,12.99
T107948,CH026,P02,2024-07-19,2024-Q3,1,£14.99
T107949,CH026,P02,2024-01-01,2024-Q1,2,29.98
T107950,CH026,P04,2024-06-08,2024-Q2,1,£16.99
T107951,CH026,P04,2024-08-01,2024-Q3,3,£51
T107952,CH026,P04,2024-02-12,2024-Q1,1,£16.99
T107953,CH026,P01,2024-01-11,2024-Q1,1,£12.99
T107954,CH026,P05,2024-02-07,2024-Q1,1,15.99
T107955,CH026,P03,2024-08-10,2024-Q3,2,£23.98
T107956,CH026,P05,2024-06-26,2024-Q2,2,£32
T107957,CH026,P03,2024-06-18,2024-Q2,1,£11.99
T107958,CH026,P02,2024-07-07,2024-Q3,1,14.99
T107959,CH026,P02,2025-06-08,2025-Q2,1,14.99
T107960,CH026,P05,2025-05-24,2025-Q2,1,15.99
T107961,CH026,P04,2025-08-07,2025-Q3,2,£34
T107962,CH026,P05,2025-08-28,2025-Q3,3,£48
T107963,CH026,P01,2025-03-07,2025-Q1,1,£12.99
T107964,CH026,P05,2025-09-13,2025-Q3,1,£15.99
T107965,CH026,P03,2025-07-05,2025-Q3,1,£12
T107966,CH026,P04,2025-05-14,2025-Q2,2,33.98
T107967,CH026,P02,2025-02-03,2025-Q1,1,14.99
T107968,CH026,P03,2025-05-07,2025-Q2,2,£23.98
T107969,CH026,P02,2025-12-18,2025-Q4,2,£29.98
T107970,CH026,P01,2025-11-16,2025-Q4,2,£25.98
T107971,CH026,P05,2025-11-03,2025-Q4,1,£16
T107972,CH026,P01,2025-04-02,2025-Q2,1,12.99
T107973,CH026,P02,2025-10-18,2025-Q4,1,£15
T107974,CH026,P01,2025-12-10,2025-Q4,1,£13
T107975,CH026,P01,2025-08-03,2025-Q3,2,25.98
T107976,CH026,P03,2025-08-19,2025-Q3,1,£11.99
T107977,CH026,P01,2025-05-16,2025-Q2,1,12.99
T107978,CH026,P02,2025-01-12,2025-Q1,2,£29.98
T107979,CH026,P01,2025-02-15,2025-Q1,3,£38.97
T107980,CH026,P06,2025-06-23,2025-Q2,1,£54.99
T107981,CH026,P05,2025-08-11,2025-Q3,1,£15.99
T107982,CH026,P06,2025-02-28,2025-Q1,1,£54.99
T107983,CH026,P01,2025-03-22,2025-Q1,1,£12.99
T107984,CH026,P03,2025-02-01,2025-Q1,1,£11.99
T107985,CH026,P05,2025-02-15,2025-Q1,1,£15.99
T107986,CH026,P04,2025-02-26,2025-Q1,2,£34
T107987,CH026,P03,2025-01-10,2025-Q1,1,11.99
T107988,CH026,P04,2025-06-02,2025-Q2,1,£16.99
T107989,CH026,P01,2025-08-23,2025-Q3,1,£12.99
T107990,CH026,P01,2025-03-21,2025-Q1,1,£13
T107991,CH026,P01,2025-10-14,2025-Q4,1,£13
T107992,CH026,P03,2025-06-08,2025-Q2,1,£11.99
T107993,CH026,P02,2025-02-18,2025-Q1,1,£14.99
T107994,CH026,P05,2025-01-22,2025-Q1,2,31.98
T107995,CH026,P05,2025-10-21,2025-Q4,2,£31.98
T107996,CH026,P03,2025-08-06,2025-Q3,1,11.99
T107997,CH026,P02,2025-03-20,2025-Q1,1,£14.99
T107998,CH026,P05,2025-06-10,2025-Q2,2,£31.98
T107999,CH026,P06,2025-05-23,2025-Q2,1,£54.99
T108000,CH026,P05,2025-06-27,2025-Q2,1,£16
T108001,CH026,P05,2025-05-07,2025-Q2,3,£48
T108002,CH026,P06,2025-10-22,2025-Q4,2,£109.98
T108003,CH026,P02,2025-02-05,2025-Q1,1,£15
T108004,CH026,P01,2025-01-19,2025-Q1,1,12.99
T108005,CH026,P02,2025-08-27,2025-Q3,1,£14.99
T108006,CH026,P03,2025-09-28,2025-Q3,1,£11.99
T108007,CH026,P02,2025-11-01,2025-Q4,3,£44.97
T108008,CH026,P06,2025-12-27,2025-Q4,1,54.99
T108009,CH026,P03,2025-04-11,2025-Q2,2,£23.98
T108010,CH026,P05,2025-09-12,2025-Q3,3,47.97
T108011,CH026,P01,2025-12-03,2025-Q4,1,12.99
T108012,CH026,P03,2025-11-06,2025-Q4,1,£11.99
T108013,CH026,P05,2025-07-16,2025-Q3,3,£47.97
T108014,CH026,P03,2025-01-20,2025-Q1,1,11.99
T108015,CH026,P04,2025-06-23,2025-Q2,2,£33.98
T108016,CH026,P03,2025-06-26,2025-Q2,1,£11.99
T108017,CH026,P02,2025-11-05,2025-Q4,1,14.99
T108018,CH027,P01,2024-09-17,2024-Q3,1,£13
T108019,CH027,P01,2024-09-16,2024-Q3,1,£12.99
T108020,CH027,P03,2024-07-23,2024-Q3,1,11.99
T108021,CH027,P02,2024-01-02,2024-Q1,2,£29.98
T108022,CH027,P05,2024-12-10,2024-Q4,1,15.99
T108023,CH027,P02,2024-03-11,2024-Q1,2,£30
T108024,CH027,P05,2024-03-17,2024-Q1,2,£31.98
T108025,CH027,P03,2024-06-11,2024-Q2,1,£11.99
T108026,CH027,P04,2024-10-07,2024-Q4,2,£33.98
T108027,CH027,P05,2024-04-28,2024-Q2,1,15.99
T108028,CH027,P06,2024-10-18,2024-Q4,2,£109.98
T108029,CH027,P02,2024-12-18,2024-Q4,1,£15
T108030,CH027,P01,2024-11-15,2024-Q4,1,£12.99
T108031,CH027,P03,2024-03-02,2024-Q1,3,35.97
T108032,CH027,P01,2024-04-18,2024-Q2,1,£12.99
T108033,CH027,P02,2024-11-09,2024-Q4,2,£29.98
T108034,CH027,P05,2024-02-01,2024-Q1,1,£16
T108035,CH027,P04,2024-05-06,2024-Q2,1,£16.99
T108036,CH027,P01,2024-11-02,2024-Q4,1,£12.99
T108037,CH027,P03,2024-01-01,2024-Q1,1,£11.99
T108038,CH027,P01,2024-09-15,2024-Q3,1,12.99
T108039,CH027,P04,2024-02-19,2024-Q1,1,£16.99
T108040,CH027,P04,2024-04-25,2024-Q2,1,16.99
T108041,CH027,P05,2024-11-27,2024-Q4,1,15.99
T108042,CH027,P01,2024-07-01,2024-Q3,1,£12.99
T108043,CH027,P05,2024-09-16,2024-Q3,1,£15.99
T108044,CH027,P02,2024-06-13,2024-Q2,1,£14.99
T108045,CH027,P01,2024-04-20,2024-Q2,1,£12.99
T108046,CH027,P03,2024-10-28,2024-Q4,3,35.97
T108047,CH027,P01,2024-01-12,2024-Q1,1,£13
T108048,CH027,P01,2024-10-25,2024-Q4,1,12.99
T108049,CH027,P02,2024-01-24,2024-Q1,1,£14.99
T108050,CH027,P05,2024-04-13,2024-Q2,2,31.98
T108051,CH027,P02,2024-02-28,2024-Q1,2,£29.98
T108052,CH027,P04,2024-09-18,2024-Q3,1,16.99
T108053,CH027,P03,2025-06-14,2025-Q2,1,£11.99
T108054,CH027,P01,2025-06-27,2025-Q2,2,£25.98
T108055,CH027,P04,2025-03-26,2025-Q1,1,£16.99
T108056,CH027,P01,2025-04-18,2025-Q2,1,£12.99
T108057,CH027,P04,2025-08-07,2025-Q3,1,£17
T108058,CH027,P03,2025-02-01,2025-Q1,1,11.99
T108059,CH027,P01,2025-08-11,2025-Q3,2,£25.98
T108060,CH027,P03,2025-08-26,2025-Q3,2,£23.98
T108061,CH027,P06,2025-10-06,2025-Q4,1,£55
T108062,CH027,P05,2025-10-10,2025-Q4,1,£16
T108063,CH027,P04,2025-10-20,2025-Q4,2,£33.98
T108064,CH027,P01,2025-08-26,2025-Q3,1,£12.99
T108065,CH027,P03,2025-07-08,2025-Q3,1,£11.99
T108066,CH027,P04,2025-01-16,2025-Q1,1,£16.99
T108067,CH027,P03,2025-10-17,2025-Q4,1,11.99
T108068,CH027,P03,2025-07-11,2025-Q3,2,£23.98
T108069,CH027,P03,2025-08-20,2025-Q3,3,£36
T108070,CH027,P01,2025-03-15,2025-Q1,1,£12.99
T108071,CH027,P02,2025-10-26,2025-Q4,1,£15
T108072,CH027,P05,2025-08-18,2025-Q3,1,15.99
T108073,CH027,P01,2025-10-11,2025-Q4,1,12.99
T108074,CH027,P02,2025-04-17,2025-Q2,3,£45
T108075,CH027,P04,2025-02-02,2025-Q1,2,33.98
T108076,CH027,P04,2025-07-20,2025-Q3,1,16.99
T108077,CH027,P03,2025-08-18,2025-Q3,3,£35.97
T108078,CH027,P05,2025-10-23,2025-Q4,1,£15.99
T108079,CH027,P02,2025-10-20,2025-Q4,2,£30
T108080,CH027,P06,2025-06-19,2025-Q2,3,£164.97
T108081,CH027,P02,2025-01-27,2025-Q1,1,£14.99
T108082,CH027,P03,2025-12-27,2025-Q4,2,23.98
T108083,CH027,P01,2025-05-01,2025-Q2,2,£26
T108084,CH027,P01,2025-12-02,2025-Q4,1,£12.99
T108085,CH027,P05,2025-05-21,2025-Q2,1,£15.99
T108086,CH027,P03,2025-03-06,2025-Q1,3,£35.97
T108087,CH027,P03,2025-11-27,2025-Q4,1,£11.99
T108088,CH027,P05,2025-12-15,2025-Q4,2,£31.98
T108089,CH027,P05,2025-05-22,2025-Q2,1,£15.99
T108090,CH027,P03,2025-02-22,2025-Q1,2,23.98
T108091,CH027,P05,2025-06-28,2025-Q2,1,£16
T108092,CH027,P02,2025-10-23,2025-Q4,1,£15
T108093,CH027,P03,2025-06-23,2025-Q2,1,11.99
T108094,CH027,P01,2025-01-10,2025-Q1,1,£12.99
T108095,CH027,P06,2025-07-27,2025-Q3,1,54.99
T108096,CH027,P03,2025-06-21,2025-Q2,2,£23.98
T108097,CH027,P02,2025-07-20,2025-Q3,2,£30
T108098,CH027,P04,2025-05-09,2025-Q2,1,£17
T108099,CH027,P04,2025-04-09,2025-Q2,1,16.99
T108100,CH027,P06,2025-08-05,2025-Q3,1,£55
T108101,CH027,P02,2025-07-26,2025-Q3,1,£14.99
T108102,CH027,P03,2025-08-13,2025-Q3,1,£11.99
T108103,CH027,P01,2025-02-10,2025-Q1,1,£13
T108104,CH027,P01,2025-08-02,2025-Q3,1,£12.99
T108105,CH027,P04,2025-10-13,2025-Q4,1,£17
T108106,CH027,P03,2025-03-18,2025-Q1,1,£12
T108107,CH027,P03,2025-12-10,2025-Q4,1,11.99
T108108,CH027,P01,2025-08-03,2025-Q3,3,£39
T108109,CH028,P02,2024-03-21,2024-Q1,3,£44.97
T108110,CH028,P01,2024-09-13,2024-Q3,1,£12.99
T108111,CH028,P06,2024-09-07,2024-Q3,1,£54.99
T108112,CH028,P04,2024-08-20,2024-Q3,1,£17
T108113,CH028,P03,2024-11-04,2024-Q4,1,£11.99
T108114,CH028,P01,2024-10-06,2024-Q4,1,12.99
T108115,CH028,P02,2024-06-03,2024-Q2,1,£14.99
T108116,CH028,P02,2024-02-20,2024-Q1,1,£14.99
T108117,CH028,P03,2024-03-08,2024-Q1,1,£12
T108118,CH028,P02,2024-02-19,2024-Q1,2,29.98
T108119,CH028,P06,2024-05-04,2024-Q2,3,£165
T108120,CH028,P01,2024-11-18,2024-Q4,3,£38.97
T108121,CH028,P02,2024-11-08,2024-Q4,2,£29.98
T108122,CH028,P03,2024-08-16,2024-Q3,1,11.99
T108123,CH028,P01,2024-06-13,2024-Q2,1,12.99
T108124,CH028,P01,2024-04-16,2024-Q2,2,25.98
T108125,CH028,P04,2024-07-09,2024-Q3,1,£16.99
T108126,CH028,P03,2024-12-14,2024-Q4,1,£11.99
T108127,CH028,P03,2024-12-15,2024-Q4,1,£11.99
T108128,CH028,P03,2024-12-22,2024-Q4,1,£11.99
T108129,CH028,P03,2024-03-14,2024-Q1,1,£12
T108130,CH028,P01,2024-07-27,2024-Q3,2,25.98
T108131,CH028,P04,2024-07-25,2024-Q3,1,£17
T108132,CH028,P01,2024-01-19,2024-Q1,3,£38.97
T108133,CH028,P01,2024-03-16,2024-Q1,3,£38.97
T108134,CH028,P03,2024-03-06,2024-Q1,1,£11.99
T108135,CH028,P01,2024-03-17,2024-Q1,1,£12.99
T108136,CH028,P03,2024-08-19,2024-Q3,1,£12
T108137,CH028,P02,2024-03-20,2024-Q1,1,£14.99
T108138,CH028,P03,2024-04-07,2024-Q2,1,11.99
T108139,CH028,P06,2024-01-10,2024-Q1,2,109.98
T108140,CH028,P05,2024-09-25,2024-Q3,2,31.98
T108141,CH028,P01,2024-06-08,2024-Q2,1,£13
T108142,CH028,P04,2024-07-22,2024-Q3,1,£16.99
T108143,CH028,P02,2024-02-12,2024-Q1,1,£14.99
T108144,CH028,P01,2024-04-28,2024-Q2,1,12.99
T108145,CH028,P03,2024-03-21,2024-Q1,1,£11.99
T108146,CH028,P05,2024-12-15,2024-Q4,1,£15.99
T108147,CH028,P05,2024-10-13,2024-Q4,1,£15.99
T108148,CH028,P04,2024-04-28,2024-Q2,1,16.99
T108149,CH028,P02,2024-04-22,2024-Q2,2,29.98
T108150,CH028,P01,2024-07-06,2024-Q3,3,38.97
T108151,CH028,P02,2024-04-04,2024-Q2,1,£14.99
T108152,CH028,P05,2024-02-01,2024-Q1,2,£31.98
T108153,CH028,P01,2024-01-21,2024-Q1,1,12.99
T108154,CH028,P05,2024-05-20,2024-Q2,2,31.98
T108155,CH028,P01,2024-04-21,2024-Q2,2,£26
T108156,CH028,P04,2024-08-15,2024-Q3,3,£50.97
T108157,CH028,P04,2024-02-15,2024-Q1,1,£16.99
T108158,CH028,P05,2024-10-08,2024-Q4,1,£15.99
T108159,CH028,P01,2024-11-17,2024-Q4,1,£12.99
T108160,CH028,P05,2024-08-17,2024-Q3,2,£31.98
T108161,CH028,P04,2024-12-24,2024-Q4,1,£16.99
T108162,CH028,P06,2024-02-23,2024-Q1,1,£55
T108163,CH028,P05,2024-10-15,2024-Q4,1,£15.99
T108164,CH028,P01,2024-03-18,2024-Q1,1,£13
T108165,CH028,P04,2024-04-05,2024-Q2,1,£16.99
T108166,CH028,P04,2024-08-25,2024-Q3,3,£50.97
T108167,CH028,P01,2024-02-28,2024-Q1,2,25.98
T108168,CH028,P03,2024-12-07,2024-Q4,3,£36
T108169,CH028,P03,2024-02-26,2024-Q1,1,£11.99
T108170,CH028,P01,2024-02-11,2024-Q1,2,£25.98
T108171,CH028,P01,2024-01-20,2024-Q1,1,£12.99
T108172,CH028,P05,2024-03-20,2024-Q1,1,£15.99
T108173,CH028,P04,2024-10-07,2024-Q4,1,16.99
T108174,CH028,P05,2024-05-20,2024-Q2,1,£15.99
T108175,CH028,P01,2024-05-26,2024-Q2,1,£12.99
T108176,CH028,P02,2024-07-15,2024-Q3,1,14.99
T108177,CH028,P01,2024-05-09,2024-Q2,1,£13
T108178,CH028,P05,2024-09-11,2024-Q3,1,£15.99
T108179,CH028,P02,2024-01-12,2024-Q1,1,14.99
T108180,CH028,P01,2024-05-06,2024-Q2,1,£12.99
T108181,CH028,P03,2024-07-09,2024-Q3,2,£24
T108182,CH028,P03,2024-05-01,2024-Q2,1,£11.99
T108183,CH028,P04,2024-02-21,2024-Q1,1,£16.99
T108184,CH028,P05,2024-03-09,2024-Q1,1,£16
T108185,CH028,P05,2024-03-20,2024-Q1,1,£16
T108186,CH028,P03,2024-09-22,2024-Q3,1,£11.99
T108187,CH028,P02,2024-09-28,2024-Q3,3,£44.97
T108188,CH028,P05,2024-05-14,2024-Q2,1,£15.99
T108189,CH028,P01,2024-12-08,2024-Q4,1,12.99
T108190,CH028,P03,2024-11-23,2024-Q4,2,£23.98
T108191,CH028,P01,2024-05-28,2024-Q2,2,£26
T108192,CH028,P04,2024-04-19,2024-Q2,1,£17
T108193,CH028,P05,2024-11-05,2024-Q4,1,£15.99
T108194,CH028,P02,2024-11-05,2024-Q4,1,£14.99
T108195,CH028,P03,2024-01-19,2024-Q1,1,£11.99
T108196,CH028,P01,2024-03-27,2024-Q1,3,£38.97
T108197,CH028,P02,2024-09-19,2024-Q3,1,14.99
T108198,CH028,P02,2024-09-19,2024-Q3,1,£14.99
T108199,CH028,P02,2024-03-13,2024-Q1,1,£14.99
T108200,CH028,P03,2024-10-28,2024-Q4,2,£23.98
T108201,CH028,P01,2024-11-11,2024-Q4,2,£25.98
T108202,CH028,P01,2024-06-26,2024-Q2,1,12.99
T108203,CH028,P05,2024-08-28,2024-Q3,1,15.99
T108204,CH028,P03,2024-10-12,2024-Q4,3,£35.97
T108205,CH028,P03,2024-03-21,2024-Q1,1,11.99
T108206,CH028,P01,2024-07-26,2024-Q3,1,12.99
T108207,CH028,P03,2024-01-18,2024-Q1,3,£35.97
T108208,CH028,P02,2024-06-09,2024-Q2,3,44.97
T108209,CH028,P02,2024-04-18,2024-Q2,1,£15
T108210,CH028,P05,2024-10-09,2024-Q4,2,£31.98
T108211,CH028,P04,2024-12-19,2024-Q4,1,£16.99
T108212,CH028,P04,2024-08-16,2024-Q3,1,16.99
T108213,CH028,P03,2024-09-24,2024-Q3,1,£12
T108214,CH028,P05,2024-04-19,2024-Q2,2,£31.98
T108215,CH028,P03,2024-12-19,2024-Q4,1,£12
T108216,CH028,P03,2024-05-14,2024-Q2,2,£23.98
T108217,CH028,P02,2024-12-21,2024-Q4,1,£14.99
T108218,CH028,P02,2024-04-25,2024-Q2,1,£14.99
T108219,CH028,P05,2024-03-20,2024-Q1,1,£15.99
T108220,CH028,P04,2024-07-04,2024-Q3,1,16.99
T108221,CH028,P02,2024-07-13,2024-Q3,2,£30
T108222,CH028,P03,2024-12-07,2024-Q4,2,£24
T108223,CH028,P01,2024-04-13,2024-Q2,1,£12.99
T108224,CH028,P03,2024-06-05,2024-Q2,1,11.99
T108225,CH028,P03,2024-02-04,2024-Q1,1,£11.99
T108226,CH028,P02,2024-09-08,2024-Q3,2,29.98
T108227,CH028,P03,2024-02-21,2024-Q1,1,£11.99
T108228,CH028,P03,2024-10-02,2024-Q4,1,£12
T108229,CH028,P03,2025-12-28,2025-Q4,1,£11.99
T108230,CH028,P01,2025-11-03,2025-Q4,1,£12.99
T108231,CH028,P02,2025-10-21,2025-Q4,1,14.99
T108232,CH028,P04,2025-10-27,2025-Q4,1,£16.99
T108233,CH028,P02,2025-02-10,2025-Q1,1,£14.99
T108234,CH028,P01,2025-06-10,2025-Q2,1,£12.99
T108235,CH028,P04,2025-06-07,2025-Q2,1,£16.99
T108236,CH028,P01,2025-03-02,2025-Q1,1,12.99
T108237,CH028,P02,2025-01-26,2025-Q1,1,£14.99
T108238,CH028,P03,2025-11-25,2025-Q4,3,£35.97
T108239,CH028,P03,2025-03-13,2025-Q1,1,£12
T108240,CH028,P01,2025-12-27,2025-Q4,1,12.99
T108241,CH028,P03,2025-04-10,2025-Q2,2,23.98
T108242,CH028,P04,2025-11-20,2025-Q4,1,£16.99
T108243,CH028,P04,2025-08-07,2025-Q3,1,16.99
T108244,CH028,P05,2025-03-18,2025-Q1,1,£15.99
T108245,CH028,P03,2025-12-13,2025-Q4,1,£12
T108246,CH028,P04,2025-02-12,2025-Q1,1,£17
T108247,CH028,P01,2025-09-25,2025-Q3,3,£38.97
T108248,CH028,P04,2025-10-15,2025-Q4,2,£33.98
T108249,CH028,P04,2025-08-18,2025-Q3,1,16.99
T108250,CH028,P04,2025-02-06,2025-Q1,1,16.99
T108251,CH028,P03,2025-05-21,2025-Q2,1,11.99
T108252,CH028,P01,2025-08-17,2025-Q3,2,£25.98
T108253,CH028,P04,2025-07-02,2025-Q3,2,£33.98
T108254,CH028,P05,2025-05-13,2025-Q2,1,15.99
T108255,CH028,P01,2025-11-05,2025-Q4,1,£13
T108256,CH028,P03,2025-07-02,2025-Q3,1,£11.99
T108257,CH028,P01,2025-02-24,2025-Q1,1,£13
T108258,CH028,P01,2025-10-15,2025-Q4,2,£25.98
T108259,CH028,P05,2025-09-26,2025-Q3,1,£15.99
T108260,CH028,P05,2025-08-02,2025-Q3,1,15.99
T108261,CH028,P03,2025-09-13,2025-Q3,1,£11.99
T108262,CH028,P02,2025-08-26,2025-Q3,1,14.99
T108263,CH028,P04,2025-05-21,2025-Q2,1,£17
T108264,CH028,P01,2025-01-20,2025-Q1,2,£26
T108265,CH028,P01,2025-04-12,2025-Q2,1,£12.99
T108266,CH028,P03,2025-03-14,2025-Q1,1,11.99
T108267,CH028,P04,2025-06-17,2025-Q2,2,£33.98
T108268,CH028,P03,2025-06-24,2025-Q2,1,£11.99
T108269,CH028,P01,2025-02-01,2025-Q1,1,£12.99
T108270,CH028,P05,2025-01-02,2025-Q1,2,31.98
T108271,CH028,P01,2025-08-20,2025-Q3,1,£12.99
T108272,CH028,P03,2025-09-09,2025-Q3,1,£11.99
T108273,CH028,P06,2025-01-03,2025-Q1,1,54.99
T108274,CH028,P03,2025-10-18,2025-Q4,1,£11.99
T108275,CH028,P05,2025-05-11,2025-Q2,1,£15.99
T108276,CH028,P01,2025-01-02,2025-Q1,2,25.98
T108277,CH028,P01,2025-09-01,2025-Q3,2,£25.98
T108278,CH028,P05,2025-12-27,2025-Q4,2,£31.98
T108279,CH028,P01,2025-06-21,2025-Q2,1,£12.99
T108280,CH028,P02,2025-07-12,2025-Q3,1,£15
T108281,CH028,P05,2025-04-22,2025-Q2,1,£15.99
T108282,CH028,P03,2025-02-15,2025-Q1,1,£11.99
T108283,CH028,P01,2025-07-19,2025-Q3,1,£12.99
T108284,CH028,P01,2025-09-04,2025-Q3,1,£12.99
T108285,CH028,P03,2025-11-23,2025-Q4,1,11.99
T108286,CH028,P02,2025-03-24,2025-Q1,1,£14.99
T108287,CH028,P03,2025-09-09,2025-Q3,1,£11.99
T108288,CH028,P02,2025-12-23,2025-Q4,1,£14.99
T108289,CH028,P02,2025-09-22,2025-Q3,1,£15
T108290,CH028,P03,2025-10-14,2025-Q4,1,£11.99
T108291,CH028,P04,2025-01-09,2025-Q1,2,33.98
T108292,CH028,P05,2025-11-22,2025-Q4,3,£48
T108293,CH028,P04,2025-05-06,2025-Q2,2,£33.98
T108294,CH028,P05,2025-06-19,2025-Q2,1,£15.99
T108295,CH028,P03,2025-09-06,2025-Q3,1,£11.99
T108296,CH028,P04,2025-04-10,2025-Q2,1,£16.99
T108297,CH028,P05,2025-06-27,2025-Q2,1,15.99
T108298,CH028,P02,2025-02-27,2025-Q1,1,14.99
T108299,CH028,P01,2025-11-02,2025-Q4,1,12.99
T108300,CH028,P04,2025-01-08,2025-Q1,1,£16.99
T108301,CH028,P04,2025-04-11,2025-Q2,2,£34
T108302,CH028,P03,2025-03-01,2025-Q1,1,11.99
T108303,CH028,P04,2025-10-13,2025-Q4,1,£17
T108304,CH028,P04,2025-06-15,2025-Q2,1,£16.99
T108305,CH028,P04,2025-01-10,2025-Q1,2,£34
T108306,CH028,P03,2025-05-27,2025-Q2,1,11.99
T108307,CH028,P02,2025-08-24,2025-Q3,1,14.99
T108308,CH028,P04,2025-03-09,2025-Q1,2,£33.98
T108309,CH028,P05,2025-01-26,2025-Q1,1,£16
T108310,CH028,P03,2025-01-19,2025-Q1,2,23.98
T108311,CH028,P03,2025-01-28,2025-Q1,1,£12
T108312,CH028,P06,2025-10-28,2025-Q4,1,£54.99
T108313,CH028,P04,2025-09-03,2025-Q3,2,£33.98
T108314,CH028,P03,2025-07-16,2025-Q3,1,£11.99
T108315,CH028,P03,2025-04-26,2025-Q2,1,£11.99
T108316,CH028,P02,2025-01-06,2025-Q1,1,£15
T108317,CH028,P02,2025-11-02,2025-Q4,1,£14.99
T108318,CH028,P05,2025-03-04,2025-Q1,1,£16
T108319,CH028,P02,2025-08-28,2025-Q3,1,£14.99
T108320,CH028,P01,2025-12-27,2025-Q4,2,£25.98
T108321,CH028,P03,2025-02-18,2025-Q1,2,£24
T108322,CH028,P01,2025-03-20,2025-Q1,1,£13
T108323,CH028,P05,2025-10-18,2025-Q4,1,£16
T108324,CH028,P03,2025-10-06,2025-Q4,1,£11.99
T108325,CH028,P05,2025-09-17,2025-Q3,2,31.98
T108326,CH028,P02,2025-07-28,2025-Q3,2,£29.98
T108327,CH028,P06,2025-03-22,2025-Q1,1,£54.99
T108328,CH028,P03,2025-10-07,2025-Q4,1,£11.99
T108329,CH028,P01,2025-12-24,2025-Q4,1,12.99
T108330,CH028,P05,2025-11-01,2025-Q4,1,£15.99
T108331,CH028,P01,2025-07-21,2025-Q3,2,£25.98
T108332,CH028,P01,2025-04-07,2025-Q2,2,£25.98
T108333,CH028,P01,2025-01-24,2025-Q1,3,£38.97
T108334,CH028,P01,2025-09-26,2025-Q3,1,£12.99
T108335,CH028,P02,2025-04-02,2025-Q2,1,14.99
T108336,CH028,P01,2025-11-18,2025-Q4,2,£25.98
T108337,CH028,P02,2025-08-24,2025-Q3,1,£14.99
T108338,CH028,P02,2025-01-26,2025-Q1,1,£14.99
T108339,CH028,P05,2025-06-19,2025-Q2,1,£15.99
T108340,CH028,P01,2025-09-04,2025-Q3,1,12.99
T108341,CH028,P01,2025-04-12,2025-Q2,1,£13
T108342,CH028,P03,2025-06-27,2025-Q2,3,35.97
T108343,CH028,P02,2025-11-08,2025-Q4,1,£15
T108344,CH028,P06,2025-12-12,2025-Q4,1,£54.99
T108345,CH028,P01,2025-09-01,2025-Q3,1,£13
T108346,CH028,P03,2025-12-12,2025-Q4,1,£11.99
T108347,CH028,P04,2025-02-03,2025-Q1,1,£17
T108348,CH028,P01,2025-06-22,2025-Q2,1,£13
T108349,CH028,P06,2025-11-21,2025-Q4,1,£55
T108350,CH028,P01,2025-09-11,2025-Q3,1,£12.99
T108351,CH028,P04,2025-03-15,2025-Q1,1,16.99
T108352,CH028,P01,2025-10-16,2025-Q4,1,£12.99
T108353,CH028,P03,2025-01-08,2025-Q1,1,£12
T108354,CH028,P05,2025-04-22,2025-Q2,1,15.99
T108355,CH028,P01,2025-07-09,2025-Q3,1,12.99
T108356,CH028,P01,2025-02-09,2025-Q1,3,38.97
T108357,CH028,P05,2025-06-20,2025-Q2,2,£31.98
T108358,CH028,P01,2025-08-14,2025-Q3,1,£12.99
T108359,CH028,P03,2025-06-14,2025-Q2,3,£35.97
T108360,CH028,P01,2025-08-26,2025-Q3,1,12.99
T108361,CH028,P05,2025-01-22,2025-Q1,2,31.98
T108362,CH028,P01,2025-06-05,2025-Q2,1,£12.99
T108363,CH028,P01,2025-03-09,2025-Q1,1,£13
T108364,CH028,P05,2025-06-24,2025-Q2,3,£47.97
T108365,CH028,P02,2025-04-01,2025-Q2,1,£14.99
T108366,CH028,P05,2025-11-10,2025-Q4,1,£16
T108367,CH028,P01,2025-10-26,2025-Q4,2,£25.98
T108368,CH028,P02,2025-10-16,2025-Q4,1,£14.99
T108369,CH028,P02,2025-05-11,2025-Q2,1,£15
T108370,CH028,P02,2025-06-22,2025-Q2,1,£14.99
T108371,CH028,P05,2025-06-18,2025-Q2,1,15.99
T108372,CH028,P03,2025-08-28,2025-Q3,1,£11.99
T108373,CH028,P03,2025-05-05,2025-Q2,1,£11.99
T108374,CH028,P04,2025-01-04,2025-Q1,1,£16.99
T108375,CH028,P04,2025-04-13,2025-Q2,1,£16.99
T108376,CH028,P01,2025-10-20,2025-Q4,2,£25.98
T108377,CH028,P03,2025-03-12,2025-Q1,2,£23.98
T108378,CH028,P02,2025-03-26,2025-Q1,1,£15
T108379,CH028,P03,2025-05-20,2025-Q2,1,£12
T108380,CH028,P01,2025-10-14,2025-Q4,2,£26
T108381,CH028,P01,2025-03-03,2025-Q1,2,£25.98
T108382,CH028,P01,2025-07-04,2025-Q3,2,£25.98
T108383,CH028,P04,2025-12-14,2025-Q4,1,£16.99
T108384,CH028,P05,2025-11-17,2025-Q4,1,£15.99
T108385,CH028,P04,2025-02-05,2025-Q1,3,50.97
T108386,CH028,P04,2025-02-10,2025-Q1,1,£17
T108387,CH028,P03,2025-04-25,2025-Q2,2,£23.98
T108388,CH028,P03,2025-11-18,2025-Q4,1,£12
T108389,CH028,P01,2025-07-28,2025-Q3,1,12.99
T108390,CH028,P02,2025-06-13,2025-Q2,1,£14.99
T108391,CH028,P04,2025-08-21,2025-Q3,1,£16.99
T108392,CH028,P01,2025-04-01,2025-Q2,1,£12.99
T108393,CH028,P03,2025-06-25,2025-Q2,2,£24
T108394,CH028,P02,2025-03-08,2025-Q1,1,14.99
T108395,CH028,P05,2025-05-19,2025-Q2,1,15.99
T108396,CH028,P01,2025-11-04,2025-Q4,2,25.98
T108397,CH028,P02,2025-06-24,2025-Q2,1,14.99
T108398,CH028,P02,2025-12-20,2025-Q4,2,29.98
T108399,CH028,P04,2025-07-09,2025-Q3,2,£33.98
T108400,CH028,P01,2025-09-28,2025-Q3,1,£12.99
T108401,CH028,P01,2025-04-22,2025-Q2,1,12.99
T108402,CH028,P04,2025-04-21,2025-Q2,3,£51
T108403,CH028,P01,2025-01-21,2025-Q1,1,12.99
T108404,CH028,P06,2025-03-03,2025-Q1,1,£54.99
T108405,CH028,P04,2025-10-01,2025-Q4,2,£33.98
T108406,CH028,P04,2025-07-20,2025-Q3,1,16.99
T108407,CH028,P03,2025-05-28,2025-Q2,2,£24
T108408,CH028,P02,2025-12-05,2025-Q4,1,£14.99
T108409,CH028,P01,2025-04-01,2025-Q2,1,£12.99
T108410,CH028,P01,2025-10-17,2025-Q4,3,£38.97
T108411,CH028,P05,2025-11-15,2025-Q4,1,15.99
T108412,CH028,P03,2025-12-10,2025-Q4,2,23.98
T108413,CH028,P03,2025-03-04,2025-Q1,1,11.99
T900001,CH999,P01,2024-11-05,2024-Q4,1,£12.99
T900002,CH001,P01,05/12/2024,2024-Q4,2,£25.98
T900003,CH002,P02,2024-08-03,2024-Q3,1,
T100011,CH001,P01,2024-11-12,2024-Q4,1,£13
T900004,CH003,P03,15/03/2025,2025-Q1,1,£11.99
